[2026-04-09 17:27:48] production.ERROR: file_get_contents(C:\Users\henri\Downloads\next-stage-completo (1)\next-stage\.env): Failed to open stream: No such file or directory {"exception":"[object] (ErrorException(code: 0): file_get_contents(C:\\Users\\henri\\Downloads\\next-stage-completo (1)\\next-stage\\.env): Failed to open stream: No such file or directory at C:/Users/henri/Downloads/next-stage-completo (1)/next-stage/vendor/laravel/framework/src/Illuminate/Foundation/Console/KeyGenerateCommand.php:100)
[stacktrace]
#0 C:/Users/henri/Downloads/next-stage-completo (1)/next-stage/vendor/laravel/framework/src/Illuminate/Foundation/Bootstrap/HandleExceptions.php(258): Illuminate/Foundation/Bootstrap/HandleExceptions->handleError()
#1 [internal function]: Illuminate/Foundation/Bootstrap/HandleExceptions->{closure:Illuminate/Foundation/Bootstrap/HandleExceptions::forwardsTo():257}()
#2 C:/Users/henri/Downloads/next-stage-completo (1)/next-stage/vendor/laravel/framework/src/Illuminate/Foundation/Console/KeyGenerateCommand.php(100): file_get_contents()
#3 C:/Users/henri/Downloads/next-stage-completo (1)/next-stage/vendor/laravel/framework/src/Illuminate/Foundation/Console/KeyGenerateCommand.php(82): Illuminate/Foundation/Console/KeyGenerateCommand->writeNewEnvironmentFileWith()
#4 C:/Users/henri/Downloads/next-stage-completo (1)/next-stage/vendor/laravel/framework/src/Illuminate/Foundation/Console/KeyGenerateCommand.php(47): Illuminate/Foundation/Console/KeyGenerateCommand->setKeyInEnvironmentFile()
#5 C:/Users/henri/Downloads/next-stage-completo (1)/next-stage/vendor/laravel/framework/src/Illuminate/Container/BoundMethod.php(36): Illuminate/Foundation/Console/KeyGenerateCommand->handle()
#6 C:/Users/henri/Downloads/next-stage-completo (1)/next-stage/vendor/laravel/framework/src/Illuminate/Container/Util.php(43): Illuminate/Container/BoundMethod::{closure:Illuminate/Container/BoundMethod::call():35}()
#7 C:/Users/henri/Downloads/next-stage-completo (1)/next-stage/vendor/laravel/framework/src/Illuminate/Container/BoundMethod.php(96): Illuminate/Container/Util::unwrapIfClosure()
#8 C:/Users/henri/Downloads/next-stage-completo (1)/next-stage/vendor/laravel/framework/src/Illuminate/Container/BoundMethod.php(35): Illuminate/Container/BoundMethod::callBoundMethod()
#9 C:/Users/henri/Downloads/next-stage-completo (1)/next-stage/vendor/laravel/framework/src/Illuminate/Container/Container.php(799): Illuminate/Container/BoundMethod::call()
#10 C:/Users/henri/Downloads/next-stage-completo (1)/next-stage/vendor/laravel/framework/src/Illuminate/Console/Command.php(211): Illuminate/Container/Container->call()
#11 C:/Users/henri/Downloads/next-stage-completo (1)/next-stage/vendor/symfony/console/Command/Command.php(341): Illuminate/Console/Command->execute()
#12 C:/Users/henri/Downloads/next-stage-completo (1)/next-stage/vendor/laravel/framework/src/Illuminate/Console/Command.php(180): Symfony/Component/Console/Command/Command->run()
#13 C:/Users/henri/Downloads/next-stage-completo (1)/next-stage/vendor/symfony/console/Application.php(1117): Illuminate/Console/Command->run()
#14 C:/Users/henri/Downloads/next-stage-completo (1)/next-stage/vendor/symfony/console/Application.php(356): Symfony/Component/Console/Application->doRunCommand()
#15 C:/Users/henri/Downloads/next-stage-completo (1)/next-stage/vendor/symfony/console/Application.php(195): Symfony/Component/Console/Application->doRun()
#16 C:/Users/henri/Downloads/next-stage-completo (1)/next-stage/vendor/laravel/framework/src/Illuminate/Foundation/Console/Kernel.php(198): Symfony/Component/Console/Application->run()
#17 C:/Users/henri/Downloads/next-stage-completo (1)/next-stage/vendor/laravel/framework/src/Illuminate/Foundation/Application.php(1235): Illuminate/Foundation/Console/Kernel->handle()
#18 C:/Users/henri/Downloads/next-stage-completo (1)/next-stage/artisan(13): Illuminate/Foundation/Application->handleCommand()
#19 {main}
"} 
[2026-04-09 17:28:05] local.ERROR: SQLSTATE[42S01]: Base table or view already exists: 1050 Table 'professor' already exists (Connection: mysql, Host: 127.0.0.1, Port: 3306, Database: proximo_estagio, SQL: create table `professor` (`idprofessor` bigint unsigned not null auto_increment primary key, `nome` varchar(45) not null, `registro` char(13) not null, `email` varchar(80) not null, `senha` varchar(255) not null, `telefone` char(13) null, `foto` varchar(255) null, `nivel` enum('professor', 'admin') not null default 'professor', `token` char(64) null, `created_at` timestamp null, `updated_at` timestamp null) default character set utf8mb4 collate 'utf8mb4_unicode_ci') {"exception":"[object] (Illuminate\\Database\\QueryException(code: 42S01): SQLSTATE[42S01]: Base table or view already exists: 1050 Table 'professor' already exists (Connection: mysql, Host: 127.0.0.1, Port: 3306, Database: proximo_estagio, SQL: create table `professor` (`idprofessor` bigint unsigned not null auto_increment primary key, `nome` varchar(45) not null, `registro` char(13) not null, `email` varchar(80) not null, `senha` varchar(255) not null, `telefone` char(13) null, `foto` varchar(255) null, `nivel` enum('professor', 'admin') not null default 'professor', `token` char(64) null, `created_at` timestamp null, `updated_at` timestamp null) default character set utf8mb4 collate 'utf8mb4_unicode_ci') at C:/Users/henri/Downloads/next-stage-completo (1)/next-stage/vendor/laravel/framework/src/Illuminate/Database/Connection.php:838)
[stacktrace]
#0 C:/Users/henri/Downloads/next-stage-completo (1)/next-stage/vendor/laravel/framework/src/Illuminate/Database/Connection.php(794): Illuminate/Database/Connection->runQueryCallback()
#1 C:/Users/henri/Downloads/next-stage-completo (1)/next-stage/vendor/laravel/framework/src/Illuminate/Database/Connection.php(573): Illuminate/Database/Connection->run()
#2 C:/Users/henri/Downloads/next-stage-completo (1)/next-stage/vendor/laravel/framework/src/Illuminate/Database/Schema/Blueprint.php(121): Illuminate/Database/Connection->statement()
#3 C:/Users/henri/Downloads/next-stage-completo (1)/next-stage/vendor/laravel/framework/src/Illuminate/Database/Schema/Builder.php(686): Illuminate/Database/Schema/Blueprint->build()
#4 C:/Users/henri/Downloads/next-stage-completo (1)/next-stage/vendor/laravel/framework/src/Illuminate/Database/Schema/Builder.php(506): Illuminate/Database/Schema/Builder->build()
#5 C:/Users/henri/Downloads/next-stage-completo (1)/next-stage/vendor/laravel/framework/src/Illuminate/Support/Facades/Facade.php(363): Illuminate/Database/Schema/Builder->create()
#6 C:/Users/henri/Downloads/next-stage-completo (1)/next-stage/database/migrations/2024_01_01_000001_create_professor_table.php(11): Illuminate/Support/Facades/Facade::__callStatic()
#7 C:/Users/henri/Downloads/next-stage-completo (1)/next-stage/vendor/laravel/framework/src/Illuminate/Database/Migrations/Migrator.php(517): Illuminate/Database/Migrations/Migration@anonymous->up()
#8 C:/Users/henri/Downloads/next-stage-completo (1)/next-stage/vendor/laravel/framework/src/Illuminate/Database/Migrations/Migrator.php(442): Illuminate/Database/Migrations/Migrator->runMethod()
#9 C:/Users/henri/Downloads/next-stage-completo (1)/next-stage/vendor/laravel/framework/src/Illuminate/Database/Migrations/Migrator.php(451): Illuminate/Database/Migrations/Migrator->{closure:Illuminate/Database/Migrations/Migrator::runMigration():438}()
#10 C:/Users/henri/Downloads/next-stage-completo (1)/next-stage/vendor/laravel/framework/src/Illuminate/Database/Migrations/Migrator.php(253): Illuminate/Database/Migrations/Migrator->runMigration()
#11 C:/Users/henri/Downloads/next-stage-completo (1)/next-stage/vendor/laravel/framework/src/Illuminate/Console/View/Components/Task.php(41): Illuminate/Database/Migrations/Migrator->{closure:Illuminate/Database/Migrations/Migrator::runUp():253}()
#12 C:/Users/henri/Downloads/next-stage-completo (1)/next-stage/vendor/laravel/framework/src/Illuminate/Database/Migrations/Migrator.php(814): Illuminate/Console/View/Components/Task->render()
#13 C:/Users/henri/Downloads/next-stage-completo (1)/next-stage/vendor/laravel/framework/src/Illuminate/Database/Migrations/Migrator.php(253): Illuminate/Database/Migrations/Migrator->write()
#14 C:/Users/henri/Downloads/next-stage-completo (1)/next-stage/vendor/laravel/framework/src/Illuminate/Database/Migrations/Migrator.php(211): Illuminate/Database/Migrations/Migrator->runUp()
#15 C:/Users/henri/Downloads/next-stage-completo (1)/next-stage/vendor/laravel/framework/src/Illuminate/Database/Migrations/Migrator.php(138): Illuminate/Database/Migrations/Migrator->runPending()
#16 C:/Users/henri/Downloads/next-stage-completo (1)/next-stage/vendor/laravel/framework/src/Illuminate/Database/Console/Migrations/MigrateCommand.php(116): Illuminate/Database/Migrations/Migrator->run()
#17 C:/Users/henri/Downloads/next-stage-completo (1)/next-stage/vendor/laravel/framework/src/Illuminate/Database/Migrations/Migrator.php(671): Illuminate/Database/Console/Migrations/MigrateCommand->{closure:Illuminate/Database/Console/Migrations/MigrateCommand::runMigrations():109}()
#18 C:/Users/henri/Downloads/next-stage-completo (1)/next-stage/vendor/laravel/framework/src/Illuminate/Database/Console/Migrations/MigrateCommand.php(109): Illuminate/Database/Migrations/Migrator->usingConnection()
#19 C:/Users/henri/Downloads/next-stage-completo (1)/next-stage/vendor/laravel/framework/src/Illuminate/Database/Console/Migrations/MigrateCommand.php(88): Illuminate/Database/Console/Migrations/MigrateCommand->runMigrations()
#20 C:/Users/henri/Downloads/next-stage-completo (1)/next-stage/vendor/laravel/framework/src/Illuminate/Container/BoundMethod.php(36): Illuminate/Database/Console/Migrations/MigrateCommand->handle()
#21 C:/Users/henri/Downloads/next-stage-completo (1)/next-stage/vendor/laravel/framework/src/Illuminate/Container/Util.php(43): Illuminate/Container/BoundMethod::{closure:Illuminate/Container/BoundMethod::call():35}()
#22 C:/Users/henri/Downloads/next-stage-completo (1)/next-stage/vendor/laravel/framework/src/Illuminate/Container/BoundMethod.php(96): Illuminate/Container/Util::unwrapIfClosure()
#23 C:/Users/henri/Downloads/next-stage-completo (1)/next-stage/vendor/laravel/framework/src/Illuminate/Container/BoundMethod.php(35): Illuminate/Container/BoundMethod::callBoundMethod()
#24 C:/Users/henri/Downloads/next-stage-completo (1)/next-stage/vendor/laravel/framework/src/Illuminate/Container/Container.php(799): Illuminate/Container/BoundMethod::call()
#25 C:/Users/henri/Downloads/next-stage-completo (1)/next-stage/vendor/laravel/framework/src/Illuminate/Console/Command.php(211): Illuminate/Container/Container->call()
#26 C:/Users/henri/Downloads/next-stage-completo (1)/next-stage/vendor/symfony/console/Command/Command.php(341): Illuminate/Console/Command->execute()
#27 C:/Users/henri/Downloads/next-stage-completo (1)/next-stage/vendor/laravel/framework/src/Illuminate/Console/Command.php(180): Symfony/Component/Console/Command/Command->run()
#28 C:/Users/henri/Downloads/next-stage-completo (1)/next-stage/vendor/symfony/console/Application.php(1117): Illuminate/Console/Command->run()
#29 C:/Users/henri/Downloads/next-stage-completo (1)/next-stage/vendor/symfony/console/Application.php(356): Symfony/Component/Console/Application->doRunCommand()
#30 C:/Users/henri/Downloads/next-stage-completo (1)/next-stage/vendor/symfony/console/Application.php(195): Symfony/Component/Console/Application->doRun()
#31 C:/Users/henri/Downloads/next-stage-completo (1)/next-stage/vendor/laravel/framework/src/Illuminate/Foundation/Console/Kernel.php(198): Symfony/Component/Console/Application->run()
#32 C:/Users/henri/Downloads/next-stage-completo (1)/next-stage/vendor/laravel/framework/src/Illuminate/Foundation/Application.php(1235): Illuminate/Foundation/Console/Kernel->handle()
#33 C:/Users/henri/Downloads/next-stage-completo (1)/next-stage/artisan(13): Illuminate/Foundation/Application->handleCommand()
#34 {main}

[previous exception] [object] (PDOException(code: 42S01): SQLSTATE[42S01]: Base table or view already exists: 1050 Table 'professor' already exists at C:/Users/henri/Downloads/next-stage-completo (1)/next-stage/vendor/laravel/framework/src/Illuminate/Database/Connection.php:584)
[stacktrace]
#0 C:/Users/henri/Downloads/next-stage-completo (1)/next-stage/vendor/laravel/framework/src/Illuminate/Database/Connection.php(584): PDOStatement->execute()
#1 C:/Users/henri/Downloads/next-stage-completo (1)/next-stage/vendor/laravel/framework/src/Illuminate/Database/Connection.php(827): Illuminate/Database/Connection->{closure:Illuminate/Database/Connection::statement():573}()
#2 C:/Users/henri/Downloads/next-stage-completo (1)/next-stage/vendor/laravel/framework/src/Illuminate/Database/Connection.php(794): Illuminate/Database/Connection->runQueryCallback()
#3 C:/Users/henri/Downloads/next-stage-completo (1)/next-stage/vendor/laravel/framework/src/Illuminate/Database/Connection.php(573): Illuminate/Database/Connection->run()
#4 C:/Users/henri/Downloads/next-stage-completo (1)/next-stage/vendor/laravel/framework/src/Illuminate/Database/Schema/Blueprint.php(121): Illuminate/Database/Connection->statement()
#5 C:/Users/henri/Downloads/next-stage-completo (1)/next-stage/vendor/laravel/framework/src/Illuminate/Database/Schema/Builder.php(686): Illuminate/Database/Schema/Blueprint->build()
#6 C:/Users/henri/Downloads/next-stage-completo (1)/next-stage/vendor/laravel/framework/src/Illuminate/Database/Schema/Builder.php(506): Illuminate/Database/Schema/Builder->build()
#7 C:/Users/henri/Downloads/next-stage-completo (1)/next-stage/vendor/laravel/framework/src/Illuminate/Support/Facades/Facade.php(363): Illuminate/Database/Schema/Builder->create()
#8 C:/Users/henri/Downloads/next-stage-completo (1)/next-stage/database/migrations/2024_01_01_000001_create_professor_table.php(11): Illuminate/Support/Facades/Facade::__callStatic()
#9 C:/Users/henri/Downloads/next-stage-completo (1)/next-stage/vendor/laravel/framework/src/Illuminate/Database/Migrations/Migrator.php(517): Illuminate/Database/Migrations/Migration@anonymous->up()
#10 C:/Users/henri/Downloads/next-stage-completo (1)/next-stage/vendor/laravel/framework/src/Illuminate/Database/Migrations/Migrator.php(442): Illuminate/Database/Migrations/Migrator->runMethod()
#11 C:/Users/henri/Downloads/next-stage-completo (1)/next-stage/vendor/laravel/framework/src/Illuminate/Database/Migrations/Migrator.php(451): Illuminate/Database/Migrations/Migrator->{closure:Illuminate/Database/Migrations/Migrator::runMigration():438}()
#12 C:/Users/henri/Downloads/next-stage-completo (1)/next-stage/vendor/laravel/framework/src/Illuminate/Database/Migrations/Migrator.php(253): Illuminate/Database/Migrations/Migrator->runMigration()
#13 C:/Users/henri/Downloads/next-stage-completo (1)/next-stage/vendor/laravel/framework/src/Illuminate/Console/View/Components/Task.php(41): Illuminate/Database/Migrations/Migrator->{closure:Illuminate/Database/Migrations/Migrator::runUp():253}()
#14 C:/Users/henri/Downloads/next-stage-completo (1)/next-stage/vendor/laravel/framework/src/Illuminate/Database/Migrations/Migrator.php(814): Illuminate/Console/View/Components/Task->render()
#15 C:/Users/henri/Downloads/next-stage-completo (1)/next-stage/vendor/laravel/framework/src/Illuminate/Database/Migrations/Migrator.php(253): Illuminate/Database/Migrations/Migrator->write()
#16 C:/Users/henri/Downloads/next-stage-completo (1)/next-stage/vendor/laravel/framework/src/Illuminate/Database/Migrations/Migrator.php(211): Illuminate/Database/Migrations/Migrator->runUp()
#17 C:/Users/henri/Downloads/next-stage-completo (1)/next-stage/vendor/laravel/framework/src/Illuminate/Database/Migrations/Migrator.php(138): Illuminate/Database/Migrations/Migrator->runPending()
#18 C:/Users/henri/Downloads/next-stage-completo (1)/next-stage/vendor/laravel/framework/src/Illuminate/Database/Console/Migrations/MigrateCommand.php(116): Illuminate/Database/Migrations/Migrator->run()
#19 C:/Users/henri/Downloads/next-stage-completo (1)/next-stage/vendor/laravel/framework/src/Illuminate/Database/Migrations/Migrator.php(671): Illuminate/Database/Console/Migrations/MigrateCommand->{closure:Illuminate/Database/Console/Migrations/MigrateCommand::runMigrations():109}()
#20 C:/Users/henri/Downloads/next-stage-completo (1)/next-stage/vendor/laravel/framework/src/Illuminate/Database/Console/Migrations/MigrateCommand.php(109): Illuminate/Database/Migrations/Migrator->usingConnection()
#21 C:/Users/henri/Downloads/next-stage-completo (1)/next-stage/vendor/laravel/framework/src/Illuminate/Database/Console/Migrations/MigrateCommand.php(88): Illuminate/Database/Console/Migrations/MigrateCommand->runMigrations()
#22 C:/Users/henri/Downloads/next-stage-completo (1)/next-stage/vendor/laravel/framework/src/Illuminate/Container/BoundMethod.php(36): Illuminate/Database/Console/Migrations/MigrateCommand->handle()
#23 C:/Users/henri/Downloads/next-stage-completo (1)/next-stage/vendor/laravel/framework/src/Illuminate/Container/Util.php(43): Illuminate/Container/BoundMethod::{closure:Illuminate/Container/BoundMethod::call():35}()
#24 C:/Users/henri/Downloads/next-stage-completo (1)/next-stage/vendor/laravel/framework/src/Illuminate/Container/BoundMethod.php(96): Illuminate/Container/Util::unwrapIfClosure()
#25 C:/Users/henri/Downloads/next-stage-completo (1)/next-stage/vendor/laravel/framework/src/Illuminate/Container/BoundMethod.php(35): Illuminate/Container/BoundMethod::callBoundMethod()
#26 C:/Users/henri/Downloads/next-stage-completo (1)/next-stage/vendor/laravel/framework/src/Illuminate/Container/Container.php(799): Illuminate/Container/BoundMethod::call()
#27 C:/Users/henri/Downloads/next-stage-completo (1)/next-stage/vendor/laravel/framework/src/Illuminate/Console/Command.php(211): Illuminate/Container/Container->call()
#28 C:/Users/henri/Downloads/next-stage-completo (1)/next-stage/vendor/symfony/console/Command/Command.php(341): Illuminate/Console/Command->execute()
#29 C:/Users/henri/Downloads/next-stage-completo (1)/next-stage/vendor/laravel/framework/src/Illuminate/Console/Command.php(180): Symfony/Component/Console/Command/Command->run()
#30 C:/Users/henri/Downloads/next-stage-completo (1)/next-stage/vendor/symfony/console/Application.php(1117): Illuminate/Console/Command->run()
#31 C:/Users/henri/Downloads/next-stage-completo (1)/next-stage/vendor/symfony/console/Application.php(356): Symfony/Component/Console/Application->doRunCommand()
#32 C:/Users/henri/Downloads/next-stage-completo (1)/next-stage/vendor/symfony/console/Application.php(195): Symfony/Component/Console/Application->doRun()
#33 C:/Users/henri/Downloads/next-stage-completo (1)/next-stage/vendor/laravel/framework/src/Illuminate/Foundation/Console/Kernel.php(198): Symfony/Component/Console/Application->run()
#34 C:/Users/henri/Downloads/next-stage-completo (1)/next-stage/vendor/laravel/framework/src/Illuminate/Foundation/Application.php(1235): Illuminate/Foundation/Console/Kernel->handle()
#35 C:/Users/henri/Downloads/next-stage-completo (1)/next-stage/artisan(13): Illuminate/Foundation/Application->handleCommand()
#36 {main}
"} 
[2026-04-09 17:28:19] local.ERROR: No application encryption key has been specified. {"exception":"[object] (Illuminate\\Encryption\\MissingAppKeyException(code: 0): No application encryption key has been specified. at C:/Users/henri/Downloads/next-stage-completo (1)/next-stage/vendor/laravel/framework/src/Illuminate/Encryption/EncryptionServiceProvider.php:83)
[stacktrace]
#0 C:/Users/henri/Downloads/next-stage-completo (1)/next-stage/vendor/laravel/framework/src/Illuminate/Support/helpers.php(393): Illuminate/Encryption/EncryptionServiceProvider->{closure:Illuminate/Encryption/EncryptionServiceProvider::key():81}()
#1 C:/Users/henri/Downloads/next-stage-completo (1)/next-stage/vendor/laravel/framework/src/Illuminate/Encryption/EncryptionServiceProvider.php(81): tap()
#2 C:/Users/henri/Downloads/next-stage-completo (1)/next-stage/vendor/laravel/framework/src/Illuminate/Encryption/EncryptionServiceProvider.php(64): Illuminate/Encryption/EncryptionServiceProvider->key()
#3 C:/Users/henri/Downloads/next-stage-completo (1)/next-stage/vendor/laravel/framework/src/Illuminate/Encryption/EncryptionServiceProvider.php(32): Illuminate/Encryption/EncryptionServiceProvider->parseKey()
#4 C:/Users/henri/Downloads/next-stage-completo (1)/next-stage/vendor/laravel/framework/src/Illuminate/Container/Container.php(1115): Illuminate/Encryption/EncryptionServiceProvider->{closure:Illuminate/Encryption/EncryptionServiceProvider::registerEncrypter():29}()
#5 C:/Users/henri/Downloads/next-stage-completo (1)/next-stage/vendor/laravel/framework/src/Illuminate/Container/Container.php(933): Illuminate/Container/Container->build()
#6 C:/Users/henri/Downloads/next-stage-completo (1)/next-stage/vendor/laravel/framework/src/Illuminate/Foundation/Application.php(1078): Illuminate/Container/Container->resolve()
#7 C:/Users/henri/Downloads/next-stage-completo (1)/next-stage/vendor/laravel/framework/src/Illuminate/Container/Container.php(864): Illuminate/Foundation/Application->resolve()
#8 C:/Users/henri/Downloads/next-stage-completo (1)/next-stage/vendor/laravel/framework/src/Illuminate/Foundation/Application.php(1058): Illuminate/Container/Container->make()
#9 C:/Users/henri/Downloads/next-stage-completo (1)/next-stage/vendor/laravel/framework/src/Illuminate/Container/Container.php(1336): Illuminate/Foundation/Application->make()
#10 C:/Users/henri/Downloads/next-stage-completo (1)/next-stage/vendor/laravel/framework/src/Illuminate/Container/Container.php(1237): Illuminate/Container/Container->resolveClass()
#11 C:/Users/henri/Downloads/next-stage-completo (1)/next-stage/vendor/laravel/framework/src/Illuminate/Container/Container.php(1162): Illuminate/Container/Container->resolveDependencies()
#12 C:/Users/henri/Downloads/next-stage-completo (1)/next-stage/vendor/laravel/framework/src/Illuminate/Container/Container.php(933): Illuminate/Container/Container->build()
#13 C:/Users/henri/Downloads/next-stage-completo (1)/next-stage/vendor/laravel/framework/src/Illuminate/Foundation/Application.php(1078): Illuminate/Container/Container->resolve()
#14 C:/Users/henri/Downloads/next-stage-completo (1)/next-stage/vendor/laravel/framework/src/Illuminate/Container/Container.php(864): Illuminate/Foundation/Application->resolve()
#15 C:/Users/henri/Downloads/next-stage-completo (1)/next-stage/vendor/laravel/framework/src/Illuminate/Foundation/Application.php(1058): Illuminate/Container/Container->make()
#16 C:/Users/henri/Downloads/next-stage-completo (1)/next-stage/vendor/laravel/framework/src/Illuminate/Pipeline/Pipeline.php(208): Illuminate/Foundation/Application->make()
#17 C:/Users/henri/Downloads/next-stage-completo (1)/next-stage/vendor/laravel/framework/src/Illuminate/Pipeline/Pipeline.php(137): Illuminate/Pipeline/Pipeline->{closure:{closure:Illuminate/Pipeline/Pipeline::carry():194}:195}()
#18 C:/Users/henri/Downloads/next-stage-completo (1)/next-stage/vendor/laravel/framework/src/Illuminate/Routing/Router.php(821): Illuminate/Pipeline/Pipeline->then()
#19 C:/Users/henri/Downloads/next-stage-completo (1)/next-stage/vendor/laravel/framework/src/Illuminate/Routing/Router.php(800): Illuminate/Routing/Router->runRouteWithinStack()
#20 C:/Users/henri/Downloads/next-stage-completo (1)/next-stage/vendor/laravel/framework/src/Illuminate/Routing/Router.php(764): Illuminate/Routing/Router->runRoute()
#21 C:/Users/henri/Downloads/next-stage-completo (1)/next-stage/vendor/laravel/framework/src/Illuminate/Routing/Router.php(753): Illuminate/Routing/Router->dispatchToRoute()
#22 C:/Users/henri/Downloads/next-stage-completo (1)/next-stage/vendor/laravel/framework/src/Illuminate/Foundation/Http/Kernel.php(200): Illuminate/Routing/Router->dispatch()
#23 C:/Users/henri/Downloads/next-stage-completo (1)/next-stage/vendor/laravel/framework/src/Illuminate/Pipeline/Pipeline.php(180): Illuminate/Foundation/Http/Kernel->{closure:Illuminate/Foundation/Http/Kernel::dispatchToRouter():197}()
#24 C:/Users/henri/Downloads/next-stage-completo (1)/next-stage/vendor/laravel/framework/src/Illuminate/Foundation/Http/Middleware/TransformsRequest.php(21): Illuminate/Pipeline/Pipeline->{closure:Illuminate/Pipeline/Pipeline::prepareDestination():178}()
#25 C:/Users/henri/Downloads/next-stage-completo (1)/next-stage/vendor/laravel/framework/src/Illuminate/Foundation/Http/Middleware/ConvertEmptyStringsToNull.php(31): Illuminate/Foundation/Http/Middleware/TransformsRequest->handle()
#26 C:/Users/henri/Downloads/next-stage-completo (1)/next-stage/vendor/laravel/framework/src/Illuminate/Pipeline/Pipeline.php(219): Illuminate/Foundation/Http/Middleware/ConvertEmptyStringsToNull->handle()
#27 C:/Users/henri/Downloads/next-stage-completo (1)/next-stage/vendor/laravel/framework/src/Illuminate/Foundation/Http/Middleware/TransformsRequest.php(21): Illuminate/Pipeline/Pipeline->{closure:{closure:Illuminate/Pipeline/Pipeline::carry():194}:195}()
#28 C:/Users/henri/Downloads/next-stage-completo (1)/next-stage/vendor/laravel/framework/src/Illuminate/Foundation/Http/Middleware/TrimStrings.php(51): Illuminate/Foundation/Http/Middleware/TransformsRequest->handle()
#29 C:/Users/henri/Downloads/next-stage-completo (1)/next-stage/vendor/laravel/framework/src/Illuminate/Pipeline/Pipeline.php(219): Illuminate/Foundation/Http/Middleware/TrimStrings->handle()
#30 C:/Users/henri/Downloads/next-stage-completo (1)/next-stage/vendor/laravel/framework/src/Illuminate/Http/Middleware/ValidatePostSize.php(27): Illuminate/Pipeline/Pipeline->{closure:{closure:Illuminate/Pipeline/Pipeline::carry():194}:195}()
#31 C:/Users/henri/Downloads/next-stage-completo (1)/next-stage/vendor/laravel/framework/src/Illuminate/Pipeline/Pipeline.php(219): Illuminate/Http/Middleware/ValidatePostSize->handle()
#32 C:/Users/henri/Downloads/next-stage-completo (1)/next-stage/vendor/laravel/framework/src/Illuminate/Foundation/Http/Middleware/PreventRequestsDuringMaintenance.php(109): Illuminate/Pipeline/Pipeline->{closure:{closure:Illuminate/Pipeline/Pipeline::carry():194}:195}()
#33 C:/Users/henri/Downloads/next-stage-completo (1)/next-stage/vendor/laravel/framework/src/Illuminate/Pipeline/Pipeline.php(219): Illuminate/Foundation/Http/Middleware/PreventRequestsDuringMaintenance->handle()
#34 C:/Users/henri/Downloads/next-stage-completo (1)/next-stage/vendor/laravel/framework/src/Illuminate/Http/Middleware/HandleCors.php(61): Illuminate/Pipeline/Pipeline->{closure:{closure:Illuminate/Pipeline/Pipeline::carry():194}:195}()
#35 C:/Users/henri/Downloads/next-stage-completo (1)/next-stage/vendor/laravel/framework/src/Illuminate/Pipeline/Pipeline.php(219): Illuminate/Http/Middleware/HandleCors->handle()
#36 C:/Users/henri/Downloads/next-stage-completo (1)/next-stage/vendor/laravel/framework/src/Illuminate/Http/Middleware/TrustProxies.php(58): Illuminate/Pipeline/Pipeline->{closure:{closure:Illuminate/Pipeline/Pipeline::carry():194}:195}()
#37 C:/Users/henri/Downloads/next-stage-completo (1)/next-stage/vendor/laravel/framework/src/Illuminate/Pipeline/Pipeline.php(219): Illuminate/Http/Middleware/TrustProxies->handle()
#38 C:/Users/henri/Downloads/next-stage-completo (1)/next-stage/vendor/laravel/framework/src/Illuminate/Foundation/Http/Middleware/InvokeDeferredCallbacks.php(22): Illuminate/Pipeline/Pipeline->{closure:{closure:Illuminate/Pipeline/Pipeline::carry():194}:195}()
#39 C:/Users/henri/Downloads/next-stage-completo (1)/next-stage/vendor/laravel/framework/src/Illuminate/Pipeline/Pipeline.php(219): Illuminate/Foundation/Http/Middleware/InvokeDeferredCallbacks->handle()
#40 C:/Users/henri/Downloads/next-stage-completo (1)/next-stage/vendor/laravel/framework/src/Illuminate/Http/Middleware/ValidatePathEncoding.php(26): Illuminate/Pipeline/Pipeline->{closure:{closure:Illuminate/Pipeline/Pipeline::carry():194}:195}()
#41 C:/Users/henri/Downloads/next-stage-completo (1)/next-stage/vendor/laravel/framework/src/Illuminate/Pipeline/Pipeline.php(219): Illuminate/Http/Middleware/ValidatePathEncoding->handle()
#42 C:/Users/henri/Downloads/next-stage-completo (1)/next-stage/vendor/laravel/framework/src/Illuminate/Pipeline/Pipeline.php(137): Illuminate/Pipeline/Pipeline->{closure:{closure:Illuminate/Pipeline/Pipeline::carry():194}:195}()
#43 C:/Users/henri/Downloads/next-stage-completo (1)/next-stage/vendor/laravel/framework/src/Illuminate/Foundation/Http/Kernel.php(175): Illuminate/Pipeline/Pipeline->then()
#44 C:/Users/henri/Downloads/next-stage-completo (1)/next-stage/vendor/laravel/framework/src/Illuminate/Foundation/Http/Kernel.php(144): Illuminate/Foundation/Http/Kernel->sendRequestThroughRouter()
#45 C:/Users/henri/Downloads/next-stage-completo (1)/next-stage/vendor/laravel/framework/src/Illuminate/Foundation/Application.php(1220): Illuminate/Foundation/Http/Kernel->handle()
#46 C:/Users/henri/Downloads/next-stage-completo (1)/next-stage/public/index.php(17): Illuminate/Foundation/Application->handleRequest()
#47 C:/Users/henri/Downloads/next-stage-completo (1)/next-stage/vendor/laravel/framework/src/Illuminate/Foundation/resources/server.php(23): require_once('...')
#48 {main}
"} 
[2026-04-09 17:28:27] local.ERROR: No application encryption key has been specified. {"exception":"[object] (Illuminate\\Encryption\\MissingAppKeyException(code: 0): No application encryption key has been specified. at C:/Users/henri/Downloads/next-stage-completo (1)/next-stage/vendor/laravel/framework/src/Illuminate/Encryption/EncryptionServiceProvider.php:83)
[stacktrace]
#0 C:/Users/henri/Downloads/next-stage-completo (1)/next-stage/vendor/laravel/framework/src/Illuminate/Support/helpers.php(393): Illuminate/Encryption/EncryptionServiceProvider->{closure:Illuminate/Encryption/EncryptionServiceProvider::key():81}()
#1 C:/Users/henri/Downloads/next-stage-completo (1)/next-stage/vendor/laravel/framework/src/Illuminate/Encryption/EncryptionServiceProvider.php(81): tap()
#2 C:/Users/henri/Downloads/next-stage-completo (1)/next-stage/vendor/laravel/framework/src/Illuminate/Encryption/EncryptionServiceProvider.php(64): Illuminate/Encryption/EncryptionServiceProvider->key()
#3 C:/Users/henri/Downloads/next-stage-completo (1)/next-stage/vendor/laravel/framework/src/Illuminate/Encryption/EncryptionServiceProvider.php(32): Illuminate/Encryption/EncryptionServiceProvider->parseKey()
#4 C:/Users/henri/Downloads/next-stage-completo (1)/next-stage/vendor/laravel/framework/src/Illuminate/Container/Container.php(1115): Illuminate/Encryption/EncryptionServiceProvider->{closure:Illuminate/Encryption/EncryptionServiceProvider::registerEncrypter():29}()
#5 C:/Users/henri/Downloads/next-stage-completo (1)/next-stage/vendor/laravel/framework/src/Illuminate/Container/Container.php(933): Illuminate/Container/Container->build()
#6 C:/Users/henri/Downloads/next-stage-completo (1)/next-stage/vendor/laravel/framework/src/Illuminate/Foundation/Application.php(1078): Illuminate/Container/Container->resolve()
#7 C:/Users/henri/Downloads/next-stage-completo (1)/next-stage/vendor/laravel/framework/src/Illuminate/Container/Container.php(864): Illuminate/Foundation/Application->resolve()
#8 C:/Users/henri/Downloads/next-stage-completo (1)/next-stage/vendor/laravel/framework/src/Illuminate/Foundation/Application.php(1058): Illuminate/Container/Container->make()
#9 C:/Users/henri/Downloads/next-stage-completo (1)/next-stage/vendor/laravel/framework/src/Illuminate/Container/Container.php(1336): Illuminate/Foundation/Application->make()
#10 C:/Users/henri/Downloads/next-stage-completo (1)/next-stage/vendor/laravel/framework/src/Illuminate/Container/Container.php(1237): Illuminate/Container/Container->resolveClass()
#11 C:/Users/henri/Downloads/next-stage-completo (1)/next-stage/vendor/laravel/framework/src/Illuminate/Container/Container.php(1162): Illuminate/Container/Container->resolveDependencies()
#12 C:/Users/henri/Downloads/next-stage-completo (1)/next-stage/vendor/laravel/framework/src/Illuminate/Container/Container.php(933): Illuminate/Container/Container->build()
#13 C:/Users/henri/Downloads/next-stage-completo (1)/next-stage/vendor/laravel/framework/src/Illuminate/Foundation/Application.php(1078): Illuminate/Container/Container->resolve()
#14 C:/Users/henri/Downloads/next-stage-completo (1)/next-stage/vendor/laravel/framework/src/Illuminate/Container/Container.php(864): Illuminate/Foundation/Application->resolve()
#15 C:/Users/henri/Downloads/next-stage-completo (1)/next-stage/vendor/laravel/framework/src/Illuminate/Foundation/Application.php(1058): Illuminate/Container/Container->make()
#16 C:/Users/henri/Downloads/next-stage-completo (1)/next-stage/vendor/laravel/framework/src/Illuminate/Foundation/Http/Kernel.php(257): Illuminate/Foundation/Application->make()
#17 C:/Users/henri/Downloads/next-stage-completo (1)/next-stage/vendor/laravel/framework/src/Illuminate/Foundation/Http/Kernel.php(215): Illuminate/Foundation/Http/Kernel->terminateMiddleware()
#18 C:/Users/henri/Downloads/next-stage-completo (1)/next-stage/vendor/laravel/framework/src/Illuminate/Foundation/Application.php(1222): Illuminate/Foundation/Http/Kernel->terminate()
#19 C:/Users/henri/Downloads/next-stage-completo (1)/next-stage/public/index.php(17): Illuminate/Foundation/Application->handleRequest()
#20 C:/Users/henri/Downloads/next-stage-completo (1)/next-stage/vendor/laravel/framework/src/Illuminate/Foundation/resources/server.php(23): require_once('...')
#21 {main}
"} 
[2026-04-09 21:40:17] local.ERROR: No application encryption key has been specified. {"exception":"[object] (Illuminate\\Encryption\\MissingAppKeyException(code: 0): No application encryption key has been specified. at C:/xampp/htdocs/next-stage-completo/next-stage/vendor/laravel/framework/src/Illuminate/Encryption/EncryptionServiceProvider.php:83)
[stacktrace]
#0 C:/xampp/htdocs/next-stage-completo/next-stage/vendor/laravel/framework/src/Illuminate/Support/helpers.php(393): Illuminate/Encryption/EncryptionServiceProvider->{closure:Illuminate/Encryption/EncryptionServiceProvider::key():81}()
#1 C:/xampp/htdocs/next-stage-completo/next-stage/vendor/laravel/framework/src/Illuminate/Encryption/EncryptionServiceProvider.php(81): tap()
#2 C:/xampp/htdocs/next-stage-completo/next-stage/vendor/laravel/framework/src/Illuminate/Encryption/EncryptionServiceProvider.php(64): Illuminate/Encryption/EncryptionServiceProvider->key()
#3 C:/xampp/htdocs/next-stage-completo/next-stage/vendor/laravel/framework/src/Illuminate/Encryption/EncryptionServiceProvider.php(32): Illuminate/Encryption/EncryptionServiceProvider->parseKey()
#4 C:/xampp/htdocs/next-stage-completo/next-stage/vendor/laravel/framework/src/Illuminate/Container/Container.php(1115): Illuminate/Encryption/EncryptionServiceProvider->{closure:Illuminate/Encryption/EncryptionServiceProvider::registerEncrypter():29}()
#5 C:/xampp/htdocs/next-stage-completo/next-stage/vendor/laravel/framework/src/Illuminate/Container/Container.php(933): Illuminate/Container/Container->build()
#6 C:/xampp/htdocs/next-stage-completo/next-stage/vendor/laravel/framework/src/Illuminate/Foundation/Application.php(1078): Illuminate/Container/Container->resolve()
#7 C:/xampp/htdocs/next-stage-completo/next-stage/vendor/laravel/framework/src/Illuminate/Container/Container.php(864): Illuminate/Foundation/Application->resolve()
#8 C:/xampp/htdocs/next-stage-completo/next-stage/vendor/laravel/framework/src/Illuminate/Foundation/Application.php(1058): Illuminate/Container/Container->make()
#9 C:/xampp/htdocs/next-stage-completo/next-stage/vendor/laravel/framework/src/Illuminate/Container/Container.php(1336): Illuminate/Foundation/Application->make()
#10 C:/xampp/htdocs/next-stage-completo/next-stage/vendor/laravel/framework/src/Illuminate/Container/Container.php(1237): Illuminate/Container/Container->resolveClass()
#11 C:/xampp/htdocs/next-stage-completo/next-stage/vendor/laravel/framework/src/Illuminate/Container/Container.php(1162): Illuminate/Container/Container->resolveDependencies()
#12 C:/xampp/htdocs/next-stage-completo/next-stage/vendor/laravel/framework/src/Illuminate/Container/Container.php(933): Illuminate/Container/Container->build()
#13 C:/xampp/htdocs/next-stage-completo/next-stage/vendor/laravel/framework/src/Illuminate/Foundation/Application.php(1078): Illuminate/Container/Container->resolve()
#14 C:/xampp/htdocs/next-stage-completo/next-stage/vendor/laravel/framework/src/Illuminate/Container/Container.php(864): Illuminate/Foundation/Application->resolve()
#15 C:/xampp/htdocs/next-stage-completo/next-stage/vendor/laravel/framework/src/Illuminate/Foundation/Application.php(1058): Illuminate/Container/Container->make()
#16 C:/xampp/htdocs/next-stage-completo/next-stage/vendor/laravel/framework/src/Illuminate/Pipeline/Pipeline.php(208): Illuminate/Foundation/Application->make()
#17 C:/xampp/htdocs/next-stage-completo/next-stage/vendor/laravel/framework/src/Illuminate/Pipeline/Pipeline.php(137): Illuminate/Pipeline/Pipeline->{closure:{closure:Illuminate/Pipeline/Pipeline::carry():194}:195}()
#18 C:/xampp/htdocs/next-stage-completo/next-stage/vendor/laravel/framework/src/Illuminate/Routing/Router.php(821): Illuminate/Pipeline/Pipeline->then()
#19 C:/xampp/htdocs/next-stage-completo/next-stage/vendor/laravel/framework/src/Illuminate/Routing/Router.php(800): Illuminate/Routing/Router->runRouteWithinStack()
#20 C:/xampp/htdocs/next-stage-completo/next-stage/vendor/laravel/framework/src/Illuminate/Routing/Router.php(764): Illuminate/Routing/Router->runRoute()
#21 C:/xampp/htdocs/next-stage-completo/next-stage/vendor/laravel/framework/src/Illuminate/Routing/Router.php(753): Illuminate/Routing/Router->dispatchToRoute()
#22 C:/xampp/htdocs/next-stage-completo/next-stage/vendor/laravel/framework/src/Illuminate/Foundation/Http/Kernel.php(200): Illuminate/Routing/Router->dispatch()
#23 C:/xampp/htdocs/next-stage-completo/next-stage/vendor/laravel/framework/src/Illuminate/Pipeline/Pipeline.php(180): Illuminate/Foundation/Http/Kernel->{closure:Illuminate/Foundation/Http/Kernel::dispatchToRouter():197}()
#24 C:/xampp/htdocs/next-stage-completo/next-stage/vendor/laravel/framework/src/Illuminate/Foundation/Http/Middleware/TransformsRequest.php(21): Illuminate/Pipeline/Pipeline->{closure:Illuminate/Pipeline/Pipeline::prepareDestination():178}()
#25 C:/xampp/htdocs/next-stage-completo/next-stage/vendor/laravel/framework/src/Illuminate/Foundation/Http/Middleware/ConvertEmptyStringsToNull.php(31): Illuminate/Foundation/Http/Middleware/TransformsRequest->handle()
#26 C:/xampp/htdocs/next-stage-completo/next-stage/vendor/laravel/framework/src/Illuminate/Pipeline/Pipeline.php(219): Illuminate/Foundation/Http/Middleware/ConvertEmptyStringsToNull->handle()
#27 C:/xampp/htdocs/next-stage-completo/next-stage/vendor/laravel/framework/src/Illuminate/Foundation/Http/Middleware/TransformsRequest.php(21): Illuminate/Pipeline/Pipeline->{closure:{closure:Illuminate/Pipeline/Pipeline::carry():194}:195}()
#28 C:/xampp/htdocs/next-stage-completo/next-stage/vendor/laravel/framework/src/Illuminate/Foundation/Http/Middleware/TrimStrings.php(51): Illuminate/Foundation/Http/Middleware/TransformsRequest->handle()
#29 C:/xampp/htdocs/next-stage-completo/next-stage/vendor/laravel/framework/src/Illuminate/Pipeline/Pipeline.php(219): Illuminate/Foundation/Http/Middleware/TrimStrings->handle()
#30 C:/xampp/htdocs/next-stage-completo/next-stage/vendor/laravel/framework/src/Illuminate/Http/Middleware/ValidatePostSize.php(27): Illuminate/Pipeline/Pipeline->{closure:{closure:Illuminate/Pipeline/Pipeline::carry():194}:195}()
#31 C:/xampp/htdocs/next-stage-completo/next-stage/vendor/laravel/framework/src/Illuminate/Pipeline/Pipeline.php(219): Illuminate/Http/Middleware/ValidatePostSize->handle()
#32 C:/xampp/htdocs/next-stage-completo/next-stage/vendor/laravel/framework/src/Illuminate/Foundation/Http/Middleware/PreventRequestsDuringMaintenance.php(109): Illuminate/Pipeline/Pipeline->{closure:{closure:Illuminate/Pipeline/Pipeline::carry():194}:195}()
#33 C:/xampp/htdocs/next-stage-completo/next-stage/vendor/laravel/framework/src/Illuminate/Pipeline/Pipeline.php(219): Illuminate/Foundation/Http/Middleware/PreventRequestsDuringMaintenance->handle()
#34 C:/xampp/htdocs/next-stage-completo/next-stage/vendor/laravel/framework/src/Illuminate/Http/Middleware/HandleCors.php(61): Illuminate/Pipeline/Pipeline->{closure:{closure:Illuminate/Pipeline/Pipeline::carry():194}:195}()
#35 C:/xampp/htdocs/next-stage-completo/next-stage/vendor/laravel/framework/src/Illuminate/Pipeline/Pipeline.php(219): Illuminate/Http/Middleware/HandleCors->handle()
#36 C:/xampp/htdocs/next-stage-completo/next-stage/vendor/laravel/framework/src/Illuminate/Http/Middleware/TrustProxies.php(58): Illuminate/Pipeline/Pipeline->{closure:{closure:Illuminate/Pipeline/Pipeline::carry():194}:195}()
#37 C:/xampp/htdocs/next-stage-completo/next-stage/vendor/laravel/framework/src/Illuminate/Pipeline/Pipeline.php(219): Illuminate/Http/Middleware/TrustProxies->handle()
#38 C:/xampp/htdocs/next-stage-completo/next-stage/vendor/laravel/framework/src/Illuminate/Foundation/Http/Middleware/InvokeDeferredCallbacks.php(22): Illuminate/Pipeline/Pipeline->{closure:{closure:Illuminate/Pipeline/Pipeline::carry():194}:195}()
#39 C:/xampp/htdocs/next-stage-completo/next-stage/vendor/laravel/framework/src/Illuminate/Pipeline/Pipeline.php(219): Illuminate/Foundation/Http/Middleware/InvokeDeferredCallbacks->handle()
#40 C:/xampp/htdocs/next-stage-completo/next-stage/vendor/laravel/framework/src/Illuminate/Http/Middleware/ValidatePathEncoding.php(26): Illuminate/Pipeline/Pipeline->{closure:{closure:Illuminate/Pipeline/Pipeline::carry():194}:195}()
#41 C:/xampp/htdocs/next-stage-completo/next-stage/vendor/laravel/framework/src/Illuminate/Pipeline/Pipeline.php(219): Illuminate/Http/Middleware/ValidatePathEncoding->handle()
#42 C:/xampp/htdocs/next-stage-completo/next-stage/vendor/laravel/framework/src/Illuminate/Pipeline/Pipeline.php(137): Illuminate/Pipeline/Pipeline->{closure:{closure:Illuminate/Pipeline/Pipeline::carry():194}:195}()
#43 C:/xampp/htdocs/next-stage-completo/next-stage/vendor/laravel/framework/src/Illuminate/Foundation/Http/Kernel.php(175): Illuminate/Pipeline/Pipeline->then()
#44 C:/xampp/htdocs/next-stage-completo/next-stage/vendor/laravel/framework/src/Illuminate/Foundation/Http/Kernel.php(144): Illuminate/Foundation/Http/Kernel->sendRequestThroughRouter()
#45 C:/xampp/htdocs/next-stage-completo/next-stage/vendor/laravel/framework/src/Illuminate/Foundation/Application.php(1220): Illuminate/Foundation/Http/Kernel->handle()
#46 C:/xampp/htdocs/next-stage-completo/next-stage/public/index.php(17): Illuminate/Foundation/Application->handleRequest()
#47 C:/xampp/htdocs/next-stage-completo/next-stage/vendor/laravel/framework/src/Illuminate/Foundation/resources/server.php(23): require_once('...')
#48 {main}
"} 
[2026-04-09 21:40:26] local.ERROR: No application encryption key has been specified. {"exception":"[object] (Illuminate\\Encryption\\MissingAppKeyException(code: 0): No application encryption key has been specified. at C:/xampp/htdocs/next-stage-completo/next-stage/vendor/laravel/framework/src/Illuminate/Encryption/EncryptionServiceProvider.php:83)
[stacktrace]
#0 C:/xampp/htdocs/next-stage-completo/next-stage/vendor/laravel/framework/src/Illuminate/Support/helpers.php(393): Illuminate/Encryption/EncryptionServiceProvider->{closure:Illuminate/Encryption/EncryptionServiceProvider::key():81}()
#1 C:/xampp/htdocs/next-stage-completo/next-stage/vendor/laravel/framework/src/Illuminate/Encryption/EncryptionServiceProvider.php(81): tap()
#2 C:/xampp/htdocs/next-stage-completo/next-stage/vendor/laravel/framework/src/Illuminate/Encryption/EncryptionServiceProvider.php(64): Illuminate/Encryption/EncryptionServiceProvider->key()
#3 C:/xampp/htdocs/next-stage-completo/next-stage/vendor/laravel/framework/src/Illuminate/Encryption/EncryptionServiceProvider.php(32): Illuminate/Encryption/EncryptionServiceProvider->parseKey()
#4 C:/xampp/htdocs/next-stage-completo/next-stage/vendor/laravel/framework/src/Illuminate/Container/Container.php(1115): Illuminate/Encryption/EncryptionServiceProvider->{closure:Illuminate/Encryption/EncryptionServiceProvider::registerEncrypter():29}()
#5 C:/xampp/htdocs/next-stage-completo/next-stage/vendor/laravel/framework/src/Illuminate/Container/Container.php(933): Illuminate/Container/Container->build()
#6 C:/xampp/htdocs/next-stage-completo/next-stage/vendor/laravel/framework/src/Illuminate/Foundation/Application.php(1078): Illuminate/Container/Container->resolve()
#7 C:/xampp/htdocs/next-stage-completo/next-stage/vendor/laravel/framework/src/Illuminate/Container/Container.php(864): Illuminate/Foundation/Application->resolve()
#8 C:/xampp/htdocs/next-stage-completo/next-stage/vendor/laravel/framework/src/Illuminate/Foundation/Application.php(1058): Illuminate/Container/Container->make()
#9 C:/xampp/htdocs/next-stage-completo/next-stage/vendor/laravel/framework/src/Illuminate/Container/Container.php(1336): Illuminate/Foundation/Application->make()
#10 C:/xampp/htdocs/next-stage-completo/next-stage/vendor/laravel/framework/src/Illuminate/Container/Container.php(1237): Illuminate/Container/Container->resolveClass()
#11 C:/xampp/htdocs/next-stage-completo/next-stage/vendor/laravel/framework/src/Illuminate/Container/Container.php(1162): Illuminate/Container/Container->resolveDependencies()
#12 C:/xampp/htdocs/next-stage-completo/next-stage/vendor/laravel/framework/src/Illuminate/Container/Container.php(933): Illuminate/Container/Container->build()
#13 C:/xampp/htdocs/next-stage-completo/next-stage/vendor/laravel/framework/src/Illuminate/Foundation/Application.php(1078): Illuminate/Container/Container->resolve()
#14 C:/xampp/htdocs/next-stage-completo/next-stage/vendor/laravel/framework/src/Illuminate/Container/Container.php(864): Illuminate/Foundation/Application->resolve()
#15 C:/xampp/htdocs/next-stage-completo/next-stage/vendor/laravel/framework/src/Illuminate/Foundation/Application.php(1058): Illuminate/Container/Container->make()
#16 C:/xampp/htdocs/next-stage-completo/next-stage/vendor/laravel/framework/src/Illuminate/Foundation/Http/Kernel.php(257): Illuminate/Foundation/Application->make()
#17 C:/xampp/htdocs/next-stage-completo/next-stage/vendor/laravel/framework/src/Illuminate/Foundation/Http/Kernel.php(215): Illuminate/Foundation/Http/Kernel->terminateMiddleware()
#18 C:/xampp/htdocs/next-stage-completo/next-stage/vendor/laravel/framework/src/Illuminate/Foundation/Application.php(1222): Illuminate/Foundation/Http/Kernel->terminate()
#19 C:/xampp/htdocs/next-stage-completo/next-stage/public/index.php(17): Illuminate/Foundation/Application->handleRequest()
#20 C:/xampp/htdocs/next-stage-completo/next-stage/vendor/laravel/framework/src/Illuminate/Foundation/resources/server.php(23): require_once('...')
#21 {main}
"} 
[2026-04-09 21:42:18] local.ERROR: This password does not use the Bcrypt algorithm. {"exception":"[object] (RuntimeException(code: 0): This password does not use the Bcrypt algorithm. at C:/xampp/htdocs/next-stage-completo/next-stage/vendor/laravel/framework/src/Illuminate/Hashing/BcryptHasher.php:89)
[stacktrace]
#0 C:/xampp/htdocs/next-stage-completo/next-stage/vendor/laravel/framework/src/Illuminate/Hashing/HashManager.php(76): Illuminate/Hashing/BcryptHasher->check()
#1 C:/xampp/htdocs/next-stage-completo/next-stage/vendor/laravel/framework/src/Illuminate/Support/Facades/Facade.php(363): Illuminate/Hashing/HashManager->check()
#2 C:/xampp/htdocs/next-stage-completo/next-stage/app/Features/Auth/Services/AuthService.php(21): Illuminate/Support/Facades/Facade::__callStatic()
#3 C:/xampp/htdocs/next-stage-completo/next-stage/app/Features/Auth/Controllers/AuthController.php(16): App/Features/Auth/Services/AuthService->login()
#4 C:/xampp/htdocs/next-stage-completo/next-stage/vendor/laravel/framework/src/Illuminate/Routing/Controller.php(54): App/Features/Auth/Controllers/AuthController->login()
#5 C:/xampp/htdocs/next-stage-completo/next-stage/vendor/laravel/framework/src/Illuminate/Routing/ControllerDispatcher.php(43): Illuminate/Routing/Controller->callAction()
#6 C:/xampp/htdocs/next-stage-completo/next-stage/vendor/laravel/framework/src/Illuminate/Routing/Route.php(265): Illuminate/Routing/ControllerDispatcher->dispatch()
#7 C:/xampp/htdocs/next-stage-completo/next-stage/vendor/laravel/framework/src/Illuminate/Routing/Route.php(211): Illuminate/Routing/Route->runController()
#8 C:/xampp/htdocs/next-stage-completo/next-stage/vendor/laravel/framework/src/Illuminate/Routing/Router.php(822): Illuminate/Routing/Route->run()
#9 C:/xampp/htdocs/next-stage-completo/next-stage/vendor/laravel/framework/src/Illuminate/Pipeline/Pipeline.php(180): Illuminate/Routing/Router->{closure:Illuminate/Routing/Router::runRouteWithinStack():821}()
#10 C:/xampp/htdocs/next-stage-completo/next-stage/vendor/laravel/framework/src/Illuminate/Routing/Middleware/SubstituteBindings.php(50): Illuminate/Pipeline/Pipeline->{closure:Illuminate/Pipeline/Pipeline::prepareDestination():178}()
#11 C:/xampp/htdocs/next-stage-completo/next-stage/vendor/laravel/framework/src/Illuminate/Pipeline/Pipeline.php(219): Illuminate/Routing/Middleware/SubstituteBindings->handle()
#12 C:/xampp/htdocs/next-stage-completo/next-stage/vendor/laravel/framework/src/Illuminate/Pipeline/Pipeline.php(137): Illuminate/Pipeline/Pipeline->{closure:{closure:Illuminate/Pipeline/Pipeline::carry():194}:195}()
#13 C:/xampp/htdocs/next-stage-completo/next-stage/vendor/laravel/framework/src/Illuminate/Routing/Router.php(821): Illuminate/Pipeline/Pipeline->then()
#14 C:/xampp/htdocs/next-stage-completo/next-stage/vendor/laravel/framework/src/Illuminate/Routing/Router.php(800): Illuminate/Routing/Router->runRouteWithinStack()
#15 C:/xampp/htdocs/next-stage-completo/next-stage/vendor/laravel/framework/src/Illuminate/Routing/Router.php(764): Illuminate/Routing/Router->runRoute()
#16 C:/xampp/htdocs/next-stage-completo/next-stage/vendor/laravel/framework/src/Illuminate/Routing/Router.php(753): Illuminate/Routing/Router->dispatchToRoute()
#17 C:/xampp/htdocs/next-stage-completo/next-stage/vendor/laravel/framework/src/Illuminate/Foundation/Http/Kernel.php(200): Illuminate/Routing/Router->dispatch()
#18 C:/xampp/htdocs/next-stage-completo/next-stage/vendor/laravel/framework/src/Illuminate/Pipeline/Pipeline.php(180): Illuminate/Foundation/Http/Kernel->{closure:Illuminate/Foundation/Http/Kernel::dispatchToRouter():197}()
#19 C:/xampp/htdocs/next-stage-completo/next-stage/vendor/laravel/framework/src/Illuminate/Foundation/Http/Middleware/TransformsRequest.php(21): Illuminate/Pipeline/Pipeline->{closure:Illuminate/Pipeline/Pipeline::prepareDestination():178}()
#20 C:/xampp/htdocs/next-stage-completo/next-stage/vendor/laravel/framework/src/Illuminate/Foundation/Http/Middleware/ConvertEmptyStringsToNull.php(31): Illuminate/Foundation/Http/Middleware/TransformsRequest->handle()
#21 C:/xampp/htdocs/next-stage-completo/next-stage/vendor/laravel/framework/src/Illuminate/Pipeline/Pipeline.php(219): Illuminate/Foundation/Http/Middleware/ConvertEmptyStringsToNull->handle()
#22 C:/xampp/htdocs/next-stage-completo/next-stage/vendor/laravel/framework/src/Illuminate/Foundation/Http/Middleware/TransformsRequest.php(21): Illuminate/Pipeline/Pipeline->{closure:{closure:Illuminate/Pipeline/Pipeline::carry():194}:195}()
#23 C:/xampp/htdocs/next-stage-completo/next-stage/vendor/laravel/framework/src/Illuminate/Foundation/Http/Middleware/TrimStrings.php(51): Illuminate/Foundation/Http/Middleware/TransformsRequest->handle()
#24 C:/xampp/htdocs/next-stage-completo/next-stage/vendor/laravel/framework/src/Illuminate/Pipeline/Pipeline.php(219): Illuminate/Foundation/Http/Middleware/TrimStrings->handle()
#25 C:/xampp/htdocs/next-stage-completo/next-stage/vendor/laravel/framework/src/Illuminate/Http/Middleware/ValidatePostSize.php(27): Illuminate/Pipeline/Pipeline->{closure:{closure:Illuminate/Pipeline/Pipeline::carry():194}:195}()
#26 C:/xampp/htdocs/next-stage-completo/next-stage/vendor/laravel/framework/src/Illuminate/Pipeline/Pipeline.php(219): Illuminate/Http/Middleware/ValidatePostSize->handle()
#27 C:/xampp/htdocs/next-stage-completo/next-stage/vendor/laravel/framework/src/Illuminate/Foundation/Http/Middleware/PreventRequestsDuringMaintenance.php(109): Illuminate/Pipeline/Pipeline->{closure:{closure:Illuminate/Pipeline/Pipeline::carry():194}:195}()
#28 C:/xampp/htdocs/next-stage-completo/next-stage/vendor/laravel/framework/src/Illuminate/Pipeline/Pipeline.php(219): Illuminate/Foundation/Http/Middleware/PreventRequestsDuringMaintenance->handle()
#29 C:/xampp/htdocs/next-stage-completo/next-stage/vendor/laravel/framework/src/Illuminate/Http/Middleware/HandleCors.php(74): Illuminate/Pipeline/Pipeline->{closure:{closure:Illuminate/Pipeline/Pipeline::carry():194}:195}()
#30 C:/xampp/htdocs/next-stage-completo/next-stage/vendor/laravel/framework/src/Illuminate/Pipeline/Pipeline.php(219): Illuminate/Http/Middleware/HandleCors->handle()
#31 C:/xampp/htdocs/next-stage-completo/next-stage/vendor/laravel/framework/src/Illuminate/Http/Middleware/TrustProxies.php(58): Illuminate/Pipeline/Pipeline->{closure:{closure:Illuminate/Pipeline/Pipeline::carry():194}:195}()
#32 C:/xampp/htdocs/next-stage-completo/next-stage/vendor/laravel/framework/src/Illuminate/Pipeline/Pipeline.php(219): Illuminate/Http/Middleware/TrustProxies->handle()
#33 C:/xampp/htdocs/next-stage-completo/next-stage/vendor/laravel/framework/src/Illuminate/Foundation/Http/Middleware/InvokeDeferredCallbacks.php(22): Illuminate/Pipeline/Pipeline->{closure:{closure:Illuminate/Pipeline/Pipeline::carry():194}:195}()
#34 C:/xampp/htdocs/next-stage-completo/next-stage/vendor/laravel/framework/src/Illuminate/Pipeline/Pipeline.php(219): Illuminate/Foundation/Http/Middleware/InvokeDeferredCallbacks->handle()
#35 C:/xampp/htdocs/next-stage-completo/next-stage/vendor/laravel/framework/src/Illuminate/Http/Middleware/ValidatePathEncoding.php(26): Illuminate/Pipeline/Pipeline->{closure:{closure:Illuminate/Pipeline/Pipeline::carry():194}:195}()
#36 C:/xampp/htdocs/next-stage-completo/next-stage/vendor/laravel/framework/src/Illuminate/Pipeline/Pipeline.php(219): Illuminate/Http/Middleware/ValidatePathEncoding->handle()
#37 C:/xampp/htdocs/next-stage-completo/next-stage/vendor/laravel/framework/src/Illuminate/Pipeline/Pipeline.php(137): Illuminate/Pipeline/Pipeline->{closure:{closure:Illuminate/Pipeline/Pipeline::carry():194}:195}()
#38 C:/xampp/htdocs/next-stage-completo/next-stage/vendor/laravel/framework/src/Illuminate/Foundation/Http/Kernel.php(175): Illuminate/Pipeline/Pipeline->then()
#39 C:/xampp/htdocs/next-stage-completo/next-stage/vendor/laravel/framework/src/Illuminate/Foundation/Http/Kernel.php(144): Illuminate/Foundation/Http/Kernel->sendRequestThroughRouter()
#40 C:/xampp/htdocs/next-stage-completo/next-stage/vendor/laravel/framework/src/Illuminate/Foundation/Application.php(1220): Illuminate/Foundation/Http/Kernel->handle()
#41 C:/xampp/htdocs/next-stage-completo/next-stage/public/index.php(17): Illuminate/Foundation/Application->handleRequest()
#42 C:/xampp/htdocs/next-stage-completo/next-stage/vendor/laravel/framework/src/Illuminate/Foundation/resources/server.php(23): require_once('...')
#43 {main}
"} 
[2026-04-09 21:42:18] local.ERROR: This password does not use the Bcrypt algorithm. {"exception":"[object] (RuntimeException(code: 0): This password does not use the Bcrypt algorithm. at C:/xampp/htdocs/next-stage-completo/next-stage/vendor/laravel/framework/src/Illuminate/Hashing/BcryptHasher.php:89)
[stacktrace]
#0 C:/xampp/htdocs/next-stage-completo/next-stage/vendor/laravel/framework/src/Illuminate/Hashing/HashManager.php(76): Illuminate/Hashing/BcryptHasher->check()
#1 C:/xampp/htdocs/next-stage-completo/next-stage/vendor/laravel/framework/src/Illuminate/Support/Facades/Facade.php(363): Illuminate/Hashing/HashManager->check()
#2 C:/xampp/htdocs/next-stage-completo/next-stage/app/Features/Auth/Services/AuthService.php(21): Illuminate/Support/Facades/Facade::__callStatic()
#3 C:/xampp/htdocs/next-stage-completo/next-stage/app/Features/Auth/Controllers/AuthController.php(16): App/Features/Auth/Services/AuthService->login()
#4 C:/xampp/htdocs/next-stage-completo/next-stage/vendor/laravel/framework/src/Illuminate/Routing/Controller.php(54): App/Features/Auth/Controllers/AuthController->login()
#5 C:/xampp/htdocs/next-stage-completo/next-stage/vendor/laravel/framework/src/Illuminate/Routing/ControllerDispatcher.php(43): Illuminate/Routing/Controller->callAction()
#6 C:/xampp/htdocs/next-stage-completo/next-stage/vendor/laravel/framework/src/Illuminate/Routing/Route.php(265): Illuminate/Routing/ControllerDispatcher->dispatch()
#7 C:/xampp/htdocs/next-stage-completo/next-stage/vendor/laravel/framework/src/Illuminate/Routing/Route.php(211): Illuminate/Routing/Route->runController()
#8 C:/xampp/htdocs/next-stage-completo/next-stage/vendor/laravel/framework/src/Illuminate/Routing/Router.php(822): Illuminate/Routing/Route->run()
#9 C:/xampp/htdocs/next-stage-completo/next-stage/vendor/laravel/framework/src/Illuminate/Pipeline/Pipeline.php(180): Illuminate/Routing/Router->{closure:Illuminate/Routing/Router::runRouteWithinStack():821}()
#10 C:/xampp/htdocs/next-stage-completo/next-stage/vendor/laravel/framework/src/Illuminate/Routing/Middleware/SubstituteBindings.php(50): Illuminate/Pipeline/Pipeline->{closure:Illuminate/Pipeline/Pipeline::prepareDestination():178}()
#11 C:/xampp/htdocs/next-stage-completo/next-stage/vendor/laravel/framework/src/Illuminate/Pipeline/Pipeline.php(219): Illuminate/Routing/Middleware/SubstituteBindings->handle()
#12 C:/xampp/htdocs/next-stage-completo/next-stage/vendor/laravel/framework/src/Illuminate/Pipeline/Pipeline.php(137): Illuminate/Pipeline/Pipeline->{closure:{closure:Illuminate/Pipeline/Pipeline::carry():194}:195}()
#13 C:/xampp/htdocs/next-stage-completo/next-stage/vendor/laravel/framework/src/Illuminate/Routing/Router.php(821): Illuminate/Pipeline/Pipeline->then()
#14 C:/xampp/htdocs/next-stage-completo/next-stage/vendor/laravel/framework/src/Illuminate/Routing/Router.php(800): Illuminate/Routing/Router->runRouteWithinStack()
#15 C:/xampp/htdocs/next-stage-completo/next-stage/vendor/laravel/framework/src/Illuminate/Routing/Router.php(764): Illuminate/Routing/Router->runRoute()
#16 C:/xampp/htdocs/next-stage-completo/next-stage/vendor/laravel/framework/src/Illuminate/Routing/Router.php(753): Illuminate/Routing/Router->dispatchToRoute()
#17 C:/xampp/htdocs/next-stage-completo/next-stage/vendor/laravel/framework/src/Illuminate/Foundation/Http/Kernel.php(200): Illuminate/Routing/Router->dispatch()
#18 C:/xampp/htdocs/next-stage-completo/next-stage/vendor/laravel/framework/src/Illuminate/Pipeline/Pipeline.php(180): Illuminate/Foundation/Http/Kernel->{closure:Illuminate/Foundation/Http/Kernel::dispatchToRouter():197}()
#19 C:/xampp/htdocs/next-stage-completo/next-stage/vendor/laravel/framework/src/Illuminate/Foundation/Http/Middleware/TransformsRequest.php(21): Illuminate/Pipeline/Pipeline->{closure:Illuminate/Pipeline/Pipeline::prepareDestination():178}()
#20 C:/xampp/htdocs/next-stage-completo/next-stage/vendor/laravel/framework/src/Illuminate/Foundation/Http/Middleware/ConvertEmptyStringsToNull.php(31): Illuminate/Foundation/Http/Middleware/TransformsRequest->handle()
#21 C:/xampp/htdocs/next-stage-completo/next-stage/vendor/laravel/framework/src/Illuminate/Pipeline/Pipeline.php(219): Illuminate/Foundation/Http/Middleware/ConvertEmptyStringsToNull->handle()
#22 C:/xampp/htdocs/next-stage-completo/next-stage/vendor/laravel/framework/src/Illuminate/Foundation/Http/Middleware/TransformsRequest.php(21): Illuminate/Pipeline/Pipeline->{closure:{closure:Illuminate/Pipeline/Pipeline::carry():194}:195}()
#23 C:/xampp/htdocs/next-stage-completo/next-stage/vendor/laravel/framework/src/Illuminate/Foundation/Http/Middleware/TrimStrings.php(51): Illuminate/Foundation/Http/Middleware/TransformsRequest->handle()
#24 C:/xampp/htdocs/next-stage-completo/next-stage/vendor/laravel/framework/src/Illuminate/Pipeline/Pipeline.php(219): Illuminate/Foundation/Http/Middleware/TrimStrings->handle()
#25 C:/xampp/htdocs/next-stage-completo/next-stage/vendor/laravel/framework/src/Illuminate/Http/Middleware/ValidatePostSize.php(27): Illuminate/Pipeline/Pipeline->{closure:{closure:Illuminate/Pipeline/Pipeline::carry():194}:195}()
#26 C:/xampp/htdocs/next-stage-completo/next-stage/vendor/laravel/framework/src/Illuminate/Pipeline/Pipeline.php(219): Illuminate/Http/Middleware/ValidatePostSize->handle()
#27 C:/xampp/htdocs/next-stage-completo/next-stage/vendor/laravel/framework/src/Illuminate/Foundation/Http/Middleware/PreventRequestsDuringMaintenance.php(109): Illuminate/Pipeline/Pipeline->{closure:{closure:Illuminate/Pipeline/Pipeline::carry():194}:195}()
#28 C:/xampp/htdocs/next-stage-completo/next-stage/vendor/laravel/framework/src/Illuminate/Pipeline/Pipeline.php(219): Illuminate/Foundation/Http/Middleware/PreventRequestsDuringMaintenance->handle()
#29 C:/xampp/htdocs/next-stage-completo/next-stage/vendor/laravel/framework/src/Illuminate/Http/Middleware/HandleCors.php(74): Illuminate/Pipeline/Pipeline->{closure:{closure:Illuminate/Pipeline/Pipeline::carry():194}:195}()
#30 C:/xampp/htdocs/next-stage-completo/next-stage/vendor/laravel/framework/src/Illuminate/Pipeline/Pipeline.php(219): Illuminate/Http/Middleware/HandleCors->handle()
#31 C:/xampp/htdocs/next-stage-completo/next-stage/vendor/laravel/framework/src/Illuminate/Http/Middleware/TrustProxies.php(58): Illuminate/Pipeline/Pipeline->{closure:{closure:Illuminate/Pipeline/Pipeline::carry():194}:195}()
#32 C:/xampp/htdocs/next-stage-completo/next-stage/vendor/laravel/framework/src/Illuminate/Pipeline/Pipeline.php(219): Illuminate/Http/Middleware/TrustProxies->handle()
#33 C:/xampp/htdocs/next-stage-completo/next-stage/vendor/laravel/framework/src/Illuminate/Foundation/Http/Middleware/InvokeDeferredCallbacks.php(22): Illuminate/Pipeline/Pipeline->{closure:{closure:Illuminate/Pipeline/Pipeline::carry():194}:195}()
#34 C:/xampp/htdocs/next-stage-completo/next-stage/vendor/laravel/framework/src/Illuminate/Pipeline/Pipeline.php(219): Illuminate/Foundation/Http/Middleware/InvokeDeferredCallbacks->handle()
#35 C:/xampp/htdocs/next-stage-completo/next-stage/vendor/laravel/framework/src/Illuminate/Http/Middleware/ValidatePathEncoding.php(26): Illuminate/Pipeline/Pipeline->{closure:{closure:Illuminate/Pipeline/Pipeline::carry():194}:195}()
#36 C:/xampp/htdocs/next-stage-completo/next-stage/vendor/laravel/framework/src/Illuminate/Pipeline/Pipeline.php(219): Illuminate/Http/Middleware/ValidatePathEncoding->handle()
#37 C:/xampp/htdocs/next-stage-completo/next-stage/vendor/laravel/framework/src/Illuminate/Pipeline/Pipeline.php(137): Illuminate/Pipeline/Pipeline->{closure:{closure:Illuminate/Pipeline/Pipeline::carry():194}:195}()
#38 C:/xampp/htdocs/next-stage-completo/next-stage/vendor/laravel/framework/src/Illuminate/Foundation/Http/Kernel.php(175): Illuminate/Pipeline/Pipeline->then()
#39 C:/xampp/htdocs/next-stage-completo/next-stage/vendor/laravel/framework/src/Illuminate/Foundation/Http/Kernel.php(144): Illuminate/Foundation/Http/Kernel->sendRequestThroughRouter()
#40 C:/xampp/htdocs/next-stage-completo/next-stage/vendor/laravel/framework/src/Illuminate/Foundation/Application.php(1220): Illuminate/Foundation/Http/Kernel->handle()
#41 C:/xampp/htdocs/next-stage-completo/next-stage/public/index.php(17): Illuminate/Foundation/Application->handleRequest()
#42 C:/xampp/htdocs/next-stage-completo/next-stage/vendor/laravel/framework/src/Illuminate/Foundation/resources/server.php(23): require_once('...')
#43 {main}
"} 
[2026-04-09 21:42:19] local.ERROR: This password does not use the Bcrypt algorithm. {"exception":"[object] (RuntimeException(code: 0): This password does not use the Bcrypt algorithm. at C:/xampp/htdocs/next-stage-completo/next-stage/vendor/laravel/framework/src/Illuminate/Hashing/BcryptHasher.php:89)
[stacktrace]
#0 C:/xampp/htdocs/next-stage-completo/next-stage/vendor/laravel/framework/src/Illuminate/Hashing/HashManager.php(76): Illuminate/Hashing/BcryptHasher->check()
#1 C:/xampp/htdocs/next-stage-completo/next-stage/vendor/laravel/framework/src/Illuminate/Support/Facades/Facade.php(363): Illuminate/Hashing/HashManager->check()
#2 C:/xampp/htdocs/next-stage-completo/next-stage/app/Features/Auth/Services/AuthService.php(21): Illuminate/Support/Facades/Facade::__callStatic()
#3 C:/xampp/htdocs/next-stage-completo/next-stage/app/Features/Auth/Controllers/AuthController.php(16): App/Features/Auth/Services/AuthService->login()
#4 C:/xampp/htdocs/next-stage-completo/next-stage/vendor/laravel/framework/src/Illuminate/Routing/Controller.php(54): App/Features/Auth/Controllers/AuthController->login()
#5 C:/xampp/htdocs/next-stage-completo/next-stage/vendor/laravel/framework/src/Illuminate/Routing/ControllerDispatcher.php(43): Illuminate/Routing/Controller->callAction()
#6 C:/xampp/htdocs/next-stage-completo/next-stage/vendor/laravel/framework/src/Illuminate/Routing/Route.php(265): Illuminate/Routing/ControllerDispatcher->dispatch()
#7 C:/xampp/htdocs/next-stage-completo/next-stage/vendor/laravel/framework/src/Illuminate/Routing/Route.php(211): Illuminate/Routing/Route->runController()
#8 C:/xampp/htdocs/next-stage-completo/next-stage/vendor/laravel/framework/src/Illuminate/Routing/Router.php(822): Illuminate/Routing/Route->run()
#9 C:/xampp/htdocs/next-stage-completo/next-stage/vendor/laravel/framework/src/Illuminate/Pipeline/Pipeline.php(180): Illuminate/Routing/Router->{closure:Illuminate/Routing/Router::runRouteWithinStack():821}()
#10 C:/xampp/htdocs/next-stage-completo/next-stage/vendor/laravel/framework/src/Illuminate/Routing/Middleware/SubstituteBindings.php(50): Illuminate/Pipeline/Pipeline->{closure:Illuminate/Pipeline/Pipeline::prepareDestination():178}()
#11 C:/xampp/htdocs/next-stage-completo/next-stage/vendor/laravel/framework/src/Illuminate/Pipeline/Pipeline.php(219): Illuminate/Routing/Middleware/SubstituteBindings->handle()
#12 C:/xampp/htdocs/next-stage-completo/next-stage/vendor/laravel/framework/src/Illuminate/Pipeline/Pipeline.php(137): Illuminate/Pipeline/Pipeline->{closure:{closure:Illuminate/Pipeline/Pipeline::carry():194}:195}()
#13 C:/xampp/htdocs/next-stage-completo/next-stage/vendor/laravel/framework/src/Illuminate/Routing/Router.php(821): Illuminate/Pipeline/Pipeline->then()
#14 C:/xampp/htdocs/next-stage-completo/next-stage/vendor/laravel/framework/src/Illuminate/Routing/Router.php(800): Illuminate/Routing/Router->runRouteWithinStack()
#15 C:/xampp/htdocs/next-stage-completo/next-stage/vendor/laravel/framework/src/Illuminate/Routing/Router.php(764): Illuminate/Routing/Router->runRoute()
#16 C:/xampp/htdocs/next-stage-completo/next-stage/vendor/laravel/framework/src/Illuminate/Routing/Router.php(753): Illuminate/Routing/Router->dispatchToRoute()
#17 C:/xampp/htdocs/next-stage-completo/next-stage/vendor/laravel/framework/src/Illuminate/Foundation/Http/Kernel.php(200): Illuminate/Routing/Router->dispatch()
#18 C:/xampp/htdocs/next-stage-completo/next-stage/vendor/laravel/framework/src/Illuminate/Pipeline/Pipeline.php(180): Illuminate/Foundation/Http/Kernel->{closure:Illuminate/Foundation/Http/Kernel::dispatchToRouter():197}()
#19 C:/xampp/htdocs/next-stage-completo/next-stage/vendor/laravel/framework/src/Illuminate/Foundation/Http/Middleware/TransformsRequest.php(21): Illuminate/Pipeline/Pipeline->{closure:Illuminate/Pipeline/Pipeline::prepareDestination():178}()
#20 C:/xampp/htdocs/next-stage-completo/next-stage/vendor/laravel/framework/src/Illuminate/Foundation/Http/Middleware/ConvertEmptyStringsToNull.php(31): Illuminate/Foundation/Http/Middleware/TransformsRequest->handle()
#21 C:/xampp/htdocs/next-stage-completo/next-stage/vendor/laravel/framework/src/Illuminate/Pipeline/Pipeline.php(219): Illuminate/Foundation/Http/Middleware/ConvertEmptyStringsToNull->handle()
#22 C:/xampp/htdocs/next-stage-completo/next-stage/vendor/laravel/framework/src/Illuminate/Foundation/Http/Middleware/TransformsRequest.php(21): Illuminate/Pipeline/Pipeline->{closure:{closure:Illuminate/Pipeline/Pipeline::carry():194}:195}()
#23 C:/xampp/htdocs/next-stage-completo/next-stage/vendor/laravel/framework/src/Illuminate/Foundation/Http/Middleware/TrimStrings.php(51): Illuminate/Foundation/Http/Middleware/TransformsRequest->handle()
#24 C:/xampp/htdocs/next-stage-completo/next-stage/vendor/laravel/framework/src/Illuminate/Pipeline/Pipeline.php(219): Illuminate/Foundation/Http/Middleware/TrimStrings->handle()
#25 C:/xampp/htdocs/next-stage-completo/next-stage/vendor/laravel/framework/src/Illuminate/Http/Middleware/ValidatePostSize.php(27): Illuminate/Pipeline/Pipeline->{closure:{closure:Illuminate/Pipeline/Pipeline::carry():194}:195}()
#26 C:/xampp/htdocs/next-stage-completo/next-stage/vendor/laravel/framework/src/Illuminate/Pipeline/Pipeline.php(219): Illuminate/Http/Middleware/ValidatePostSize->handle()
#27 C:/xampp/htdocs/next-stage-completo/next-stage/vendor/laravel/framework/src/Illuminate/Foundation/Http/Middleware/PreventRequestsDuringMaintenance.php(109): Illuminate/Pipeline/Pipeline->{closure:{closure:Illuminate/Pipeline/Pipeline::carry():194}:195}()
#28 C:/xampp/htdocs/next-stage-completo/next-stage/vendor/laravel/framework/src/Illuminate/Pipeline/Pipeline.php(219): Illuminate/Foundation/Http/Middleware/PreventRequestsDuringMaintenance->handle()
#29 C:/xampp/htdocs/next-stage-completo/next-stage/vendor/laravel/framework/src/Illuminate/Http/Middleware/HandleCors.php(74): Illuminate/Pipeline/Pipeline->{closure:{closure:Illuminate/Pipeline/Pipeline::carry():194}:195}()
#30 C:/xampp/htdocs/next-stage-completo/next-stage/vendor/laravel/framework/src/Illuminate/Pipeline/Pipeline.php(219): Illuminate/Http/Middleware/HandleCors->handle()
#31 C:/xampp/htdocs/next-stage-completo/next-stage/vendor/laravel/framework/src/Illuminate/Http/Middleware/TrustProxies.php(58): Illuminate/Pipeline/Pipeline->{closure:{closure:Illuminate/Pipeline/Pipeline::carry():194}:195}()
#32 C:/xampp/htdocs/next-stage-completo/next-stage/vendor/laravel/framework/src/Illuminate/Pipeline/Pipeline.php(219): Illuminate/Http/Middleware/TrustProxies->handle()
#33 C:/xampp/htdocs/next-stage-completo/next-stage/vendor/laravel/framework/src/Illuminate/Foundation/Http/Middleware/InvokeDeferredCallbacks.php(22): Illuminate/Pipeline/Pipeline->{closure:{closure:Illuminate/Pipeline/Pipeline::carry():194}:195}()
#34 C:/xampp/htdocs/next-stage-completo/next-stage/vendor/laravel/framework/src/Illuminate/Pipeline/Pipeline.php(219): Illuminate/Foundation/Http/Middleware/InvokeDeferredCallbacks->handle()
#35 C:/xampp/htdocs/next-stage-completo/next-stage/vendor/laravel/framework/src/Illuminate/Http/Middleware/ValidatePathEncoding.php(26): Illuminate/Pipeline/Pipeline->{closure:{closure:Illuminate/Pipeline/Pipeline::carry():194}:195}()
#36 C:/xampp/htdocs/next-stage-completo/next-stage/vendor/laravel/framework/src/Illuminate/Pipeline/Pipeline.php(219): Illuminate/Http/Middleware/ValidatePathEncoding->handle()
#37 C:/xampp/htdocs/next-stage-completo/next-stage/vendor/laravel/framework/src/Illuminate/Pipeline/Pipeline.php(137): Illuminate/Pipeline/Pipeline->{closure:{closure:Illuminate/Pipeline/Pipeline::carry():194}:195}()
#38 C:/xampp/htdocs/next-stage-completo/next-stage/vendor/laravel/framework/src/Illuminate/Foundation/Http/Kernel.php(175): Illuminate/Pipeline/Pipeline->then()
#39 C:/xampp/htdocs/next-stage-completo/next-stage/vendor/laravel/framework/src/Illuminate/Foundation/Http/Kernel.php(144): Illuminate/Foundation/Http/Kernel->sendRequestThroughRouter()
#40 C:/xampp/htdocs/next-stage-completo/next-stage/vendor/laravel/framework/src/Illuminate/Foundation/Application.php(1220): Illuminate/Foundation/Http/Kernel->handle()
#41 C:/xampp/htdocs/next-stage-completo/next-stage/public/index.php(17): Illuminate/Foundation/Application->handleRequest()
#42 C:/xampp/htdocs/next-stage-completo/next-stage/vendor/laravel/framework/src/Illuminate/Foundation/resources/server.php(23): require_once('...')
#43 {main}
"} 
[2026-04-09 21:43:00] local.ERROR: This password does not use the Bcrypt algorithm. {"exception":"[object] (RuntimeException(code: 0): This password does not use the Bcrypt algorithm. at C:/xampp/htdocs/next-stage-completo/next-stage/vendor/laravel/framework/src/Illuminate/Hashing/BcryptHasher.php:89)
[stacktrace]
#0 C:/xampp/htdocs/next-stage-completo/next-stage/vendor/laravel/framework/src/Illuminate/Hashing/HashManager.php(76): Illuminate/Hashing/BcryptHasher->check()
#1 C:/xampp/htdocs/next-stage-completo/next-stage/vendor/laravel/framework/src/Illuminate/Support/Facades/Facade.php(363): Illuminate/Hashing/HashManager->check()
#2 C:/xampp/htdocs/next-stage-completo/next-stage/app/Features/Auth/Services/AuthService.php(21): Illuminate/Support/Facades/Facade::__callStatic()
#3 C:/xampp/htdocs/next-stage-completo/next-stage/app/Features/Auth/Controllers/AuthController.php(16): App/Features/Auth/Services/AuthService->login()
#4 C:/xampp/htdocs/next-stage-completo/next-stage/vendor/laravel/framework/src/Illuminate/Routing/Controller.php(54): App/Features/Auth/Controllers/AuthController->login()
#5 C:/xampp/htdocs/next-stage-completo/next-stage/vendor/laravel/framework/src/Illuminate/Routing/ControllerDispatcher.php(43): Illuminate/Routing/Controller->callAction()
#6 C:/xampp/htdocs/next-stage-completo/next-stage/vendor/laravel/framework/src/Illuminate/Routing/Route.php(265): Illuminate/Routing/ControllerDispatcher->dispatch()
#7 C:/xampp/htdocs/next-stage-completo/next-stage/vendor/laravel/framework/src/Illuminate/Routing/Route.php(211): Illuminate/Routing/Route->runController()
#8 C:/xampp/htdocs/next-stage-completo/next-stage/vendor/laravel/framework/src/Illuminate/Routing/Router.php(822): Illuminate/Routing/Route->run()
#9 C:/xampp/htdocs/next-stage-completo/next-stage/vendor/laravel/framework/src/Illuminate/Pipeline/Pipeline.php(180): Illuminate/Routing/Router->{closure:Illuminate/Routing/Router::runRouteWithinStack():821}()
#10 C:/xampp/htdocs/next-stage-completo/next-stage/vendor/laravel/framework/src/Illuminate/Routing/Middleware/SubstituteBindings.php(50): Illuminate/Pipeline/Pipeline->{closure:Illuminate/Pipeline/Pipeline::prepareDestination():178}()
#11 C:/xampp/htdocs/next-stage-completo/next-stage/vendor/laravel/framework/src/Illuminate/Pipeline/Pipeline.php(219): Illuminate/Routing/Middleware/SubstituteBindings->handle()
#12 C:/xampp/htdocs/next-stage-completo/next-stage/vendor/laravel/framework/src/Illuminate/Pipeline/Pipeline.php(137): Illuminate/Pipeline/Pipeline->{closure:{closure:Illuminate/Pipeline/Pipeline::carry():194}:195}()
#13 C:/xampp/htdocs/next-stage-completo/next-stage/vendor/laravel/framework/src/Illuminate/Routing/Router.php(821): Illuminate/Pipeline/Pipeline->then()
#14 C:/xampp/htdocs/next-stage-completo/next-stage/vendor/laravel/framework/src/Illuminate/Routing/Router.php(800): Illuminate/Routing/Router->runRouteWithinStack()
#15 C:/xampp/htdocs/next-stage-completo/next-stage/vendor/laravel/framework/src/Illuminate/Routing/Router.php(764): Illuminate/Routing/Router->runRoute()
#16 C:/xampp/htdocs/next-stage-completo/next-stage/vendor/laravel/framework/src/Illuminate/Routing/Router.php(753): Illuminate/Routing/Router->dispatchToRoute()
#17 C:/xampp/htdocs/next-stage-completo/next-stage/vendor/laravel/framework/src/Illuminate/Foundation/Http/Kernel.php(200): Illuminate/Routing/Router->dispatch()
#18 C:/xampp/htdocs/next-stage-completo/next-stage/vendor/laravel/framework/src/Illuminate/Pipeline/Pipeline.php(180): Illuminate/Foundation/Http/Kernel->{closure:Illuminate/Foundation/Http/Kernel::dispatchToRouter():197}()
#19 C:/xampp/htdocs/next-stage-completo/next-stage/vendor/laravel/framework/src/Illuminate/Foundation/Http/Middleware/TransformsRequest.php(21): Illuminate/Pipeline/Pipeline->{closure:Illuminate/Pipeline/Pipeline::prepareDestination():178}()
#20 C:/xampp/htdocs/next-stage-completo/next-stage/vendor/laravel/framework/src/Illuminate/Foundation/Http/Middleware/ConvertEmptyStringsToNull.php(31): Illuminate/Foundation/Http/Middleware/TransformsRequest->handle()
#21 C:/xampp/htdocs/next-stage-completo/next-stage/vendor/laravel/framework/src/Illuminate/Pipeline/Pipeline.php(219): Illuminate/Foundation/Http/Middleware/ConvertEmptyStringsToNull->handle()
#22 C:/xampp/htdocs/next-stage-completo/next-stage/vendor/laravel/framework/src/Illuminate/Foundation/Http/Middleware/TransformsRequest.php(21): Illuminate/Pipeline/Pipeline->{closure:{closure:Illuminate/Pipeline/Pipeline::carry():194}:195}()
#23 C:/xampp/htdocs/next-stage-completo/next-stage/vendor/laravel/framework/src/Illuminate/Foundation/Http/Middleware/TrimStrings.php(51): Illuminate/Foundation/Http/Middleware/TransformsRequest->handle()
#24 C:/xampp/htdocs/next-stage-completo/next-stage/vendor/laravel/framework/src/Illuminate/Pipeline/Pipeline.php(219): Illuminate/Foundation/Http/Middleware/TrimStrings->handle()
#25 C:/xampp/htdocs/next-stage-completo/next-stage/vendor/laravel/framework/src/Illuminate/Http/Middleware/ValidatePostSize.php(27): Illuminate/Pipeline/Pipeline->{closure:{closure:Illuminate/Pipeline/Pipeline::carry():194}:195}()
#26 C:/xampp/htdocs/next-stage-completo/next-stage/vendor/laravel/framework/src/Illuminate/Pipeline/Pipeline.php(219): Illuminate/Http/Middleware/ValidatePostSize->handle()
#27 C:/xampp/htdocs/next-stage-completo/next-stage/vendor/laravel/framework/src/Illuminate/Foundation/Http/Middleware/PreventRequestsDuringMaintenance.php(109): Illuminate/Pipeline/Pipeline->{closure:{closure:Illuminate/Pipeline/Pipeline::carry():194}:195}()
#28 C:/xampp/htdocs/next-stage-completo/next-stage/vendor/laravel/framework/src/Illuminate/Pipeline/Pipeline.php(219): Illuminate/Foundation/Http/Middleware/PreventRequestsDuringMaintenance->handle()
#29 C:/xampp/htdocs/next-stage-completo/next-stage/vendor/laravel/framework/src/Illuminate/Http/Middleware/HandleCors.php(74): Illuminate/Pipeline/Pipeline->{closure:{closure:Illuminate/Pipeline/Pipeline::carry():194}:195}()
#30 C:/xampp/htdocs/next-stage-completo/next-stage/vendor/laravel/framework/src/Illuminate/Pipeline/Pipeline.php(219): Illuminate/Http/Middleware/HandleCors->handle()
#31 C:/xampp/htdocs/next-stage-completo/next-stage/vendor/laravel/framework/src/Illuminate/Http/Middleware/TrustProxies.php(58): Illuminate/Pipeline/Pipeline->{closure:{closure:Illuminate/Pipeline/Pipeline::carry():194}:195}()
#32 C:/xampp/htdocs/next-stage-completo/next-stage/vendor/laravel/framework/src/Illuminate/Pipeline/Pipeline.php(219): Illuminate/Http/Middleware/TrustProxies->handle()
#33 C:/xampp/htdocs/next-stage-completo/next-stage/vendor/laravel/framework/src/Illuminate/Foundation/Http/Middleware/InvokeDeferredCallbacks.php(22): Illuminate/Pipeline/Pipeline->{closure:{closure:Illuminate/Pipeline/Pipeline::carry():194}:195}()
#34 C:/xampp/htdocs/next-stage-completo/next-stage/vendor/laravel/framework/src/Illuminate/Pipeline/Pipeline.php(219): Illuminate/Foundation/Http/Middleware/InvokeDeferredCallbacks->handle()
#35 C:/xampp/htdocs/next-stage-completo/next-stage/vendor/laravel/framework/src/Illuminate/Http/Middleware/ValidatePathEncoding.php(26): Illuminate/Pipeline/Pipeline->{closure:{closure:Illuminate/Pipeline/Pipeline::carry():194}:195}()
#36 C:/xampp/htdocs/next-stage-completo/next-stage/vendor/laravel/framework/src/Illuminate/Pipeline/Pipeline.php(219): Illuminate/Http/Middleware/ValidatePathEncoding->handle()
#37 C:/xampp/htdocs/next-stage-completo/next-stage/vendor/laravel/framework/src/Illuminate/Pipeline/Pipeline.php(137): Illuminate/Pipeline/Pipeline->{closure:{closure:Illuminate/Pipeline/Pipeline::carry():194}:195}()
#38 C:/xampp/htdocs/next-stage-completo/next-stage/vendor/laravel/framework/src/Illuminate/Foundation/Http/Kernel.php(175): Illuminate/Pipeline/Pipeline->then()
#39 C:/xampp/htdocs/next-stage-completo/next-stage/vendor/laravel/framework/src/Illuminate/Foundation/Http/Kernel.php(144): Illuminate/Foundation/Http/Kernel->sendRequestThroughRouter()
#40 C:/xampp/htdocs/next-stage-completo/next-stage/vendor/laravel/framework/src/Illuminate/Foundation/Application.php(1220): Illuminate/Foundation/Http/Kernel->handle()
#41 C:/xampp/htdocs/next-stage-completo/next-stage/public/index.php(17): Illuminate/Foundation/Application->handleRequest()
#42 C:/xampp/htdocs/next-stage-completo/next-stage/vendor/laravel/framework/src/Illuminate/Foundation/resources/server.php(23): require_once('...')
#43 {main}
"} 
[2026-04-09 21:43:00] local.ERROR: This password does not use the Bcrypt algorithm. {"exception":"[object] (RuntimeException(code: 0): This password does not use the Bcrypt algorithm. at C:/xampp/htdocs/next-stage-completo/next-stage/vendor/laravel/framework/src/Illuminate/Hashing/BcryptHasher.php:89)
[stacktrace]
#0 C:/xampp/htdocs/next-stage-completo/next-stage/vendor/laravel/framework/src/Illuminate/Hashing/HashManager.php(76): Illuminate/Hashing/BcryptHasher->check()
#1 C:/xampp/htdocs/next-stage-completo/next-stage/vendor/laravel/framework/src/Illuminate/Support/Facades/Facade.php(363): Illuminate/Hashing/HashManager->check()
#2 C:/xampp/htdocs/next-stage-completo/next-stage/app/Features/Auth/Services/AuthService.php(21): Illuminate/Support/Facades/Facade::__callStatic()
#3 C:/xampp/htdocs/next-stage-completo/next-stage/app/Features/Auth/Controllers/AuthController.php(16): App/Features/Auth/Services/AuthService->login()
#4 C:/xampp/htdocs/next-stage-completo/next-stage/vendor/laravel/framework/src/Illuminate/Routing/Controller.php(54): App/Features/Auth/Controllers/AuthController->login()
#5 C:/xampp/htdocs/next-stage-completo/next-stage/vendor/laravel/framework/src/Illuminate/Routing/ControllerDispatcher.php(43): Illuminate/Routing/Controller->callAction()
#6 C:/xampp/htdocs/next-stage-completo/next-stage/vendor/laravel/framework/src/Illuminate/Routing/Route.php(265): Illuminate/Routing/ControllerDispatcher->dispatch()
#7 C:/xampp/htdocs/next-stage-completo/next-stage/vendor/laravel/framework/src/Illuminate/Routing/Route.php(211): Illuminate/Routing/Route->runController()
#8 C:/xampp/htdocs/next-stage-completo/next-stage/vendor/laravel/framework/src/Illuminate/Routing/Router.php(822): Illuminate/Routing/Route->run()
#9 C:/xampp/htdocs/next-stage-completo/next-stage/vendor/laravel/framework/src/Illuminate/Pipeline/Pipeline.php(180): Illuminate/Routing/Router->{closure:Illuminate/Routing/Router::runRouteWithinStack():821}()
#10 C:/xampp/htdocs/next-stage-completo/next-stage/vendor/laravel/framework/src/Illuminate/Routing/Middleware/SubstituteBindings.php(50): Illuminate/Pipeline/Pipeline->{closure:Illuminate/Pipeline/Pipeline::prepareDestination():178}()
#11 C:/xampp/htdocs/next-stage-completo/next-stage/vendor/laravel/framework/src/Illuminate/Pipeline/Pipeline.php(219): Illuminate/Routing/Middleware/SubstituteBindings->handle()
#12 C:/xampp/htdocs/next-stage-completo/next-stage/vendor/laravel/framework/src/Illuminate/Pipeline/Pipeline.php(137): Illuminate/Pipeline/Pipeline->{closure:{closure:Illuminate/Pipeline/Pipeline::carry():194}:195}()
#13 C:/xampp/htdocs/next-stage-completo/next-stage/vendor/laravel/framework/src/Illuminate/Routing/Router.php(821): Illuminate/Pipeline/Pipeline->then()
#14 C:/xampp/htdocs/next-stage-completo/next-stage/vendor/laravel/framework/src/Illuminate/Routing/Router.php(800): Illuminate/Routing/Router->runRouteWithinStack()
#15 C:/xampp/htdocs/next-stage-completo/next-stage/vendor/laravel/framework/src/Illuminate/Routing/Router.php(764): Illuminate/Routing/Router->runRoute()
#16 C:/xampp/htdocs/next-stage-completo/next-stage/vendor/laravel/framework/src/Illuminate/Routing/Router.php(753): Illuminate/Routing/Router->dispatchToRoute()
#17 C:/xampp/htdocs/next-stage-completo/next-stage/vendor/laravel/framework/src/Illuminate/Foundation/Http/Kernel.php(200): Illuminate/Routing/Router->dispatch()
#18 C:/xampp/htdocs/next-stage-completo/next-stage/vendor/laravel/framework/src/Illuminate/Pipeline/Pipeline.php(180): Illuminate/Foundation/Http/Kernel->{closure:Illuminate/Foundation/Http/Kernel::dispatchToRouter():197}()
#19 C:/xampp/htdocs/next-stage-completo/next-stage/vendor/laravel/framework/src/Illuminate/Foundation/Http/Middleware/TransformsRequest.php(21): Illuminate/Pipeline/Pipeline->{closure:Illuminate/Pipeline/Pipeline::prepareDestination():178}()
#20 C:/xampp/htdocs/next-stage-completo/next-stage/vendor/laravel/framework/src/Illuminate/Foundation/Http/Middleware/ConvertEmptyStringsToNull.php(31): Illuminate/Foundation/Http/Middleware/TransformsRequest->handle()
#21 C:/xampp/htdocs/next-stage-completo/next-stage/vendor/laravel/framework/src/Illuminate/Pipeline/Pipeline.php(219): Illuminate/Foundation/Http/Middleware/ConvertEmptyStringsToNull->handle()
#22 C:/xampp/htdocs/next-stage-completo/next-stage/vendor/laravel/framework/src/Illuminate/Foundation/Http/Middleware/TransformsRequest.php(21): Illuminate/Pipeline/Pipeline->{closure:{closure:Illuminate/Pipeline/Pipeline::carry():194}:195}()
#23 C:/xampp/htdocs/next-stage-completo/next-stage/vendor/laravel/framework/src/Illuminate/Foundation/Http/Middleware/TrimStrings.php(51): Illuminate/Foundation/Http/Middleware/TransformsRequest->handle()
#24 C:/xampp/htdocs/next-stage-completo/next-stage/vendor/laravel/framework/src/Illuminate/Pipeline/Pipeline.php(219): Illuminate/Foundation/Http/Middleware/TrimStrings->handle()
#25 C:/xampp/htdocs/next-stage-completo/next-stage/vendor/laravel/framework/src/Illuminate/Http/Middleware/ValidatePostSize.php(27): Illuminate/Pipeline/Pipeline->{closure:{closure:Illuminate/Pipeline/Pipeline::carry():194}:195}()
#26 C:/xampp/htdocs/next-stage-completo/next-stage/vendor/laravel/framework/src/Illuminate/Pipeline/Pipeline.php(219): Illuminate/Http/Middleware/ValidatePostSize->handle()
#27 C:/xampp/htdocs/next-stage-completo/next-stage/vendor/laravel/framework/src/Illuminate/Foundation/Http/Middleware/PreventRequestsDuringMaintenance.php(109): Illuminate/Pipeline/Pipeline->{closure:{closure:Illuminate/Pipeline/Pipeline::carry():194}:195}()
#28 C:/xampp/htdocs/next-stage-completo/next-stage/vendor/laravel/framework/src/Illuminate/Pipeline/Pipeline.php(219): Illuminate/Foundation/Http/Middleware/PreventRequestsDuringMaintenance->handle()
#29 C:/xampp/htdocs/next-stage-completo/next-stage/vendor/laravel/framework/src/Illuminate/Http/Middleware/HandleCors.php(74): Illuminate/Pipeline/Pipeline->{closure:{closure:Illuminate/Pipeline/Pipeline::carry():194}:195}()
#30 C:/xampp/htdocs/next-stage-completo/next-stage/vendor/laravel/framework/src/Illuminate/Pipeline/Pipeline.php(219): Illuminate/Http/Middleware/HandleCors->handle()
#31 C:/xampp/htdocs/next-stage-completo/next-stage/vendor/laravel/framework/src/Illuminate/Http/Middleware/TrustProxies.php(58): Illuminate/Pipeline/Pipeline->{closure:{closure:Illuminate/Pipeline/Pipeline::carry():194}:195}()
#32 C:/xampp/htdocs/next-stage-completo/next-stage/vendor/laravel/framework/src/Illuminate/Pipeline/Pipeline.php(219): Illuminate/Http/Middleware/TrustProxies->handle()
#33 C:/xampp/htdocs/next-stage-completo/next-stage/vendor/laravel/framework/src/Illuminate/Foundation/Http/Middleware/InvokeDeferredCallbacks.php(22): Illuminate/Pipeline/Pipeline->{closure:{closure:Illuminate/Pipeline/Pipeline::carry():194}:195}()
#34 C:/xampp/htdocs/next-stage-completo/next-stage/vendor/laravel/framework/src/Illuminate/Pipeline/Pipeline.php(219): Illuminate/Foundation/Http/Middleware/InvokeDeferredCallbacks->handle()
#35 C:/xampp/htdocs/next-stage-completo/next-stage/vendor/laravel/framework/src/Illuminate/Http/Middleware/ValidatePathEncoding.php(26): Illuminate/Pipeline/Pipeline->{closure:{closure:Illuminate/Pipeline/Pipeline::carry():194}:195}()
#36 C:/xampp/htdocs/next-stage-completo/next-stage/vendor/laravel/framework/src/Illuminate/Pipeline/Pipeline.php(219): Illuminate/Http/Middleware/ValidatePathEncoding->handle()
#37 C:/xampp/htdocs/next-stage-completo/next-stage/vendor/laravel/framework/src/Illuminate/Pipeline/Pipeline.php(137): Illuminate/Pipeline/Pipeline->{closure:{closure:Illuminate/Pipeline/Pipeline::carry():194}:195}()
#38 C:/xampp/htdocs/next-stage-completo/next-stage/vendor/laravel/framework/src/Illuminate/Foundation/Http/Kernel.php(175): Illuminate/Pipeline/Pipeline->then()
#39 C:/xampp/htdocs/next-stage-completo/next-stage/vendor/laravel/framework/src/Illuminate/Foundation/Http/Kernel.php(144): Illuminate/Foundation/Http/Kernel->sendRequestThroughRouter()
#40 C:/xampp/htdocs/next-stage-completo/next-stage/vendor/laravel/framework/src/Illuminate/Foundation/Application.php(1220): Illuminate/Foundation/Http/Kernel->handle()
#41 C:/xampp/htdocs/next-stage-completo/next-stage/public/index.php(17): Illuminate/Foundation/Application->handleRequest()
#42 C:/xampp/htdocs/next-stage-completo/next-stage/vendor/laravel/framework/src/Illuminate/Foundation/resources/server.php(23): require_once('...')
#43 {main}
"} 
[2026-04-09 21:43:06] local.ERROR: This password does not use the Bcrypt algorithm. {"exception":"[object] (RuntimeException(code: 0): This password does not use the Bcrypt algorithm. at C:/xampp/htdocs/next-stage-completo/next-stage/vendor/laravel/framework/src/Illuminate/Hashing/BcryptHasher.php:89)
[stacktrace]
#0 C:/xampp/htdocs/next-stage-completo/next-stage/vendor/laravel/framework/src/Illuminate/Hashing/HashManager.php(76): Illuminate/Hashing/BcryptHasher->check()
#1 C:/xampp/htdocs/next-stage-completo/next-stage/vendor/laravel/framework/src/Illuminate/Support/Facades/Facade.php(363): Illuminate/Hashing/HashManager->check()
#2 C:/xampp/htdocs/next-stage-completo/next-stage/app/Features/Auth/Services/AuthService.php(21): Illuminate/Support/Facades/Facade::__callStatic()
#3 C:/xampp/htdocs/next-stage-completo/next-stage/app/Features/Auth/Controllers/AuthController.php(16): App/Features/Auth/Services/AuthService->login()
#4 C:/xampp/htdocs/next-stage-completo/next-stage/vendor/laravel/framework/src/Illuminate/Routing/Controller.php(54): App/Features/Auth/Controllers/AuthController->login()
#5 C:/xampp/htdocs/next-stage-completo/next-stage/vendor/laravel/framework/src/Illuminate/Routing/ControllerDispatcher.php(43): Illuminate/Routing/Controller->callAction()
#6 C:/xampp/htdocs/next-stage-completo/next-stage/vendor/laravel/framework/src/Illuminate/Routing/Route.php(265): Illuminate/Routing/ControllerDispatcher->dispatch()
#7 C:/xampp/htdocs/next-stage-completo/next-stage/vendor/laravel/framework/src/Illuminate/Routing/Route.php(211): Illuminate/Routing/Route->runController()
#8 C:/xampp/htdocs/next-stage-completo/next-stage/vendor/laravel/framework/src/Illuminate/Routing/Router.php(822): Illuminate/Routing/Route->run()
#9 C:/xampp/htdocs/next-stage-completo/next-stage/vendor/laravel/framework/src/Illuminate/Pipeline/Pipeline.php(180): Illuminate/Routing/Router->{closure:Illuminate/Routing/Router::runRouteWithinStack():821}()
#10 C:/xampp/htdocs/next-stage-completo/next-stage/vendor/laravel/framework/src/Illuminate/Routing/Middleware/SubstituteBindings.php(50): Illuminate/Pipeline/Pipeline->{closure:Illuminate/Pipeline/Pipeline::prepareDestination():178}()
#11 C:/xampp/htdocs/next-stage-completo/next-stage/vendor/laravel/framework/src/Illuminate/Pipeline/Pipeline.php(219): Illuminate/Routing/Middleware/SubstituteBindings->handle()
#12 C:/xampp/htdocs/next-stage-completo/next-stage/vendor/laravel/framework/src/Illuminate/Pipeline/Pipeline.php(137): Illuminate/Pipeline/Pipeline->{closure:{closure:Illuminate/Pipeline/Pipeline::carry():194}:195}()
#13 C:/xampp/htdocs/next-stage-completo/next-stage/vendor/laravel/framework/src/Illuminate/Routing/Router.php(821): Illuminate/Pipeline/Pipeline->then()
#14 C:/xampp/htdocs/next-stage-completo/next-stage/vendor/laravel/framework/src/Illuminate/Routing/Router.php(800): Illuminate/Routing/Router->runRouteWithinStack()
#15 C:/xampp/htdocs/next-stage-completo/next-stage/vendor/laravel/framework/src/Illuminate/Routing/Router.php(764): Illuminate/Routing/Router->runRoute()
#16 C:/xampp/htdocs/next-stage-completo/next-stage/vendor/laravel/framework/src/Illuminate/Routing/Router.php(753): Illuminate/Routing/Router->dispatchToRoute()
#17 C:/xampp/htdocs/next-stage-completo/next-stage/vendor/laravel/framework/src/Illuminate/Foundation/Http/Kernel.php(200): Illuminate/Routing/Router->dispatch()
#18 C:/xampp/htdocs/next-stage-completo/next-stage/vendor/laravel/framework/src/Illuminate/Pipeline/Pipeline.php(180): Illuminate/Foundation/Http/Kernel->{closure:Illuminate/Foundation/Http/Kernel::dispatchToRouter():197}()
#19 C:/xampp/htdocs/next-stage-completo/next-stage/vendor/laravel/framework/src/Illuminate/Foundation/Http/Middleware/TransformsRequest.php(21): Illuminate/Pipeline/Pipeline->{closure:Illuminate/Pipeline/Pipeline::prepareDestination():178}()
#20 C:/xampp/htdocs/next-stage-completo/next-stage/vendor/laravel/framework/src/Illuminate/Foundation/Http/Middleware/ConvertEmptyStringsToNull.php(31): Illuminate/Foundation/Http/Middleware/TransformsRequest->handle()
#21 C:/xampp/htdocs/next-stage-completo/next-stage/vendor/laravel/framework/src/Illuminate/Pipeline/Pipeline.php(219): Illuminate/Foundation/Http/Middleware/ConvertEmptyStringsToNull->handle()
#22 C:/xampp/htdocs/next-stage-completo/next-stage/vendor/laravel/framework/src/Illuminate/Foundation/Http/Middleware/TransformsRequest.php(21): Illuminate/Pipeline/Pipeline->{closure:{closure:Illuminate/Pipeline/Pipeline::carry():194}:195}()
#23 C:/xampp/htdocs/next-stage-completo/next-stage/vendor/laravel/framework/src/Illuminate/Foundation/Http/Middleware/TrimStrings.php(51): Illuminate/Foundation/Http/Middleware/TransformsRequest->handle()
#24 C:/xampp/htdocs/next-stage-completo/next-stage/vendor/laravel/framework/src/Illuminate/Pipeline/Pipeline.php(219): Illuminate/Foundation/Http/Middleware/TrimStrings->handle()
#25 C:/xampp/htdocs/next-stage-completo/next-stage/vendor/laravel/framework/src/Illuminate/Http/Middleware/ValidatePostSize.php(27): Illuminate/Pipeline/Pipeline->{closure:{closure:Illuminate/Pipeline/Pipeline::carry():194}:195}()
#26 C:/xampp/htdocs/next-stage-completo/next-stage/vendor/laravel/framework/src/Illuminate/Pipeline/Pipeline.php(219): Illuminate/Http/Middleware/ValidatePostSize->handle()
#27 C:/xampp/htdocs/next-stage-completo/next-stage/vendor/laravel/framework/src/Illuminate/Foundation/Http/Middleware/PreventRequestsDuringMaintenance.php(109): Illuminate/Pipeline/Pipeline->{closure:{closure:Illuminate/Pipeline/Pipeline::carry():194}:195}()
#28 C:/xampp/htdocs/next-stage-completo/next-stage/vendor/laravel/framework/src/Illuminate/Pipeline/Pipeline.php(219): Illuminate/Foundation/Http/Middleware/PreventRequestsDuringMaintenance->handle()
#29 C:/xampp/htdocs/next-stage-completo/next-stage/vendor/laravel/framework/src/Illuminate/Http/Middleware/HandleCors.php(74): Illuminate/Pipeline/Pipeline->{closure:{closure:Illuminate/Pipeline/Pipeline::carry():194}:195}()
#30 C:/xampp/htdocs/next-stage-completo/next-stage/vendor/laravel/framework/src/Illuminate/Pipeline/Pipeline.php(219): Illuminate/Http/Middleware/HandleCors->handle()
#31 C:/xampp/htdocs/next-stage-completo/next-stage/vendor/laravel/framework/src/Illuminate/Http/Middleware/TrustProxies.php(58): Illuminate/Pipeline/Pipeline->{closure:{closure:Illuminate/Pipeline/Pipeline::carry():194}:195}()
#32 C:/xampp/htdocs/next-stage-completo/next-stage/vendor/laravel/framework/src/Illuminate/Pipeline/Pipeline.php(219): Illuminate/Http/Middleware/TrustProxies->handle()
#33 C:/xampp/htdocs/next-stage-completo/next-stage/vendor/laravel/framework/src/Illuminate/Foundation/Http/Middleware/InvokeDeferredCallbacks.php(22): Illuminate/Pipeline/Pipeline->{closure:{closure:Illuminate/Pipeline/Pipeline::carry():194}:195}()
#34 C:/xampp/htdocs/next-stage-completo/next-stage/vendor/laravel/framework/src/Illuminate/Pipeline/Pipeline.php(219): Illuminate/Foundation/Http/Middleware/InvokeDeferredCallbacks->handle()
#35 C:/xampp/htdocs/next-stage-completo/next-stage/vendor/laravel/framework/src/Illuminate/Http/Middleware/ValidatePathEncoding.php(26): Illuminate/Pipeline/Pipeline->{closure:{closure:Illuminate/Pipeline/Pipeline::carry():194}:195}()
#36 C:/xampp/htdocs/next-stage-completo/next-stage/vendor/laravel/framework/src/Illuminate/Pipeline/Pipeline.php(219): Illuminate/Http/Middleware/ValidatePathEncoding->handle()
#37 C:/xampp/htdocs/next-stage-completo/next-stage/vendor/laravel/framework/src/Illuminate/Pipeline/Pipeline.php(137): Illuminate/Pipeline/Pipeline->{closure:{closure:Illuminate/Pipeline/Pipeline::carry():194}:195}()
#38 C:/xampp/htdocs/next-stage-completo/next-stage/vendor/laravel/framework/src/Illuminate/Foundation/Http/Kernel.php(175): Illuminate/Pipeline/Pipeline->then()
#39 C:/xampp/htdocs/next-stage-completo/next-stage/vendor/laravel/framework/src/Illuminate/Foundation/Http/Kernel.php(144): Illuminate/Foundation/Http/Kernel->sendRequestThroughRouter()
#40 C:/xampp/htdocs/next-stage-completo/next-stage/vendor/laravel/framework/src/Illuminate/Foundation/Application.php(1220): Illuminate/Foundation/Http/Kernel->handle()
#41 C:/xampp/htdocs/next-stage-completo/next-stage/public/index.php(17): Illuminate/Foundation/Application->handleRequest()
#42 C:/xampp/htdocs/next-stage-completo/next-stage/vendor/laravel/framework/src/Illuminate/Foundation/resources/server.php(23): require_once('...')
#43 {main}
"} 
[2026-04-09 21:43:48] local.ERROR: SQLSTATE[42000]: Syntax error or access violation: 1059 Identifier name 'feedback_validacao_documento_tipo_idtipo_validacao_documento_iddocumento_validacao_professor_idpr...' is too long (Connection: mysql, Host: 127.0.0.1, Port: 3306, Database: proximo_estagio, SQL: alter table `feedback` add constraint `feedback_validacao_documento_tipo_idtipo_validacao_documento_iddocumento_validacao_professor_idprofessor_foreign` foreign key (`validacao_documento_tipo_idtipo`, `validacao_documento_iddocumento`, `validacao_professor_idprofessor`) references `validacao` (`documento_tipo_idtipo`, `documento_iddocumento`, `professor_idprofessor`)) {"exception":"[object] (Illuminate\\Database\\QueryException(code: 42000): SQLSTATE[42000]: Syntax error or access violation: 1059 Identifier name 'feedback_validacao_documento_tipo_idtipo_validacao_documento_iddocumento_validacao_professor_idpr...' is too long (Connection: mysql, Host: 127.0.0.1, Port: 3306, Database: proximo_estagio, SQL: alter table `feedback` add constraint `feedback_validacao_documento_tipo_idtipo_validacao_documento_iddocumento_validacao_professor_idprofessor_foreign` foreign key (`validacao_documento_tipo_idtipo`, `validacao_documento_iddocumento`, `validacao_professor_idprofessor`) references `validacao` (`documento_tipo_idtipo`, `documento_iddocumento`, `professor_idprofessor`)) at C:/xampp/htdocs/next-stage-completo/next-stage/vendor/laravel/framework/src/Illuminate/Database/Connection.php:838)
[stacktrace]
#0 C:/xampp/htdocs/next-stage-completo/next-stage/vendor/laravel/framework/src/Illuminate/Database/Connection.php(794): Illuminate/Database/Connection->runQueryCallback()
#1 C:/xampp/htdocs/next-stage-completo/next-stage/vendor/laravel/framework/src/Illuminate/Database/Connection.php(573): Illuminate/Database/Connection->run()
#2 C:/xampp/htdocs/next-stage-completo/next-stage/vendor/laravel/framework/src/Illuminate/Database/Schema/Blueprint.php(121): Illuminate/Database/Connection->statement()
#3 C:/xampp/htdocs/next-stage-completo/next-stage/vendor/laravel/framework/src/Illuminate/Database/Schema/Builder.php(686): Illuminate/Database/Schema/Blueprint->build()
#4 C:/xampp/htdocs/next-stage-completo/next-stage/vendor/laravel/framework/src/Illuminate/Database/Schema/Builder.php(506): Illuminate/Database/Schema/Builder->build()
#5 C:/xampp/htdocs/next-stage-completo/next-stage/vendor/laravel/framework/src/Illuminate/Support/Facades/Facade.php(363): Illuminate/Database/Schema/Builder->create()
#6 C:/xampp/htdocs/next-stage-completo/next-stage/database/migrations/2024_01_01_000005_create_documento_validacao_feedback_tables.php(39): Illuminate/Support/Facades/Facade::__callStatic()
#7 C:/xampp/htdocs/next-stage-completo/next-stage/vendor/laravel/framework/src/Illuminate/Database/Migrations/Migrator.php(517): Illuminate/Database/Migrations/Migration@anonymous->up()
#8 C:/xampp/htdocs/next-stage-completo/next-stage/vendor/laravel/framework/src/Illuminate/Database/Migrations/Migrator.php(442): Illuminate/Database/Migrations/Migrator->runMethod()
#9 C:/xampp/htdocs/next-stage-completo/next-stage/vendor/laravel/framework/src/Illuminate/Database/Migrations/Migrator.php(451): Illuminate/Database/Migrations/Migrator->{closure:Illuminate/Database/Migrations/Migrator::runMigration():438}()
#10 C:/xampp/htdocs/next-stage-completo/next-stage/vendor/laravel/framework/src/Illuminate/Database/Migrations/Migrator.php(253): Illuminate/Database/Migrations/Migrator->runMigration()
#11 C:/xampp/htdocs/next-stage-completo/next-stage/vendor/laravel/framework/src/Illuminate/Console/View/Components/Task.php(41): Illuminate/Database/Migrations/Migrator->{closure:Illuminate/Database/Migrations/Migrator::runUp():253}()
#12 C:/xampp/htdocs/next-stage-completo/next-stage/vendor/laravel/framework/src/Illuminate/Database/Migrations/Migrator.php(814): Illuminate/Console/View/Components/Task->render()
#13 C:/xampp/htdocs/next-stage-completo/next-stage/vendor/laravel/framework/src/Illuminate/Database/Migrations/Migrator.php(253): Illuminate/Database/Migrations/Migrator->write()
#14 C:/xampp/htdocs/next-stage-completo/next-stage/vendor/laravel/framework/src/Illuminate/Database/Migrations/Migrator.php(211): Illuminate/Database/Migrations/Migrator->runUp()
#15 C:/xampp/htdocs/next-stage-completo/next-stage/vendor/laravel/framework/src/Illuminate/Database/Migrations/Migrator.php(138): Illuminate/Database/Migrations/Migrator->runPending()
#16 C:/xampp/htdocs/next-stage-completo/next-stage/vendor/laravel/framework/src/Illuminate/Database/Console/Migrations/MigrateCommand.php(116): Illuminate/Database/Migrations/Migrator->run()
#17 C:/xampp/htdocs/next-stage-completo/next-stage/vendor/laravel/framework/src/Illuminate/Database/Migrations/Migrator.php(671): Illuminate/Database/Console/Migrations/MigrateCommand->{closure:Illuminate/Database/Console/Migrations/MigrateCommand::runMigrations():109}()
#18 C:/xampp/htdocs/next-stage-completo/next-stage/vendor/laravel/framework/src/Illuminate/Database/Console/Migrations/MigrateCommand.php(109): Illuminate/Database/Migrations/Migrator->usingConnection()
#19 C:/xampp/htdocs/next-stage-completo/next-stage/vendor/laravel/framework/src/Illuminate/Database/Console/Migrations/MigrateCommand.php(88): Illuminate/Database/Console/Migrations/MigrateCommand->runMigrations()
#20 C:/xampp/htdocs/next-stage-completo/next-stage/vendor/laravel/framework/src/Illuminate/Container/BoundMethod.php(36): Illuminate/Database/Console/Migrations/MigrateCommand->handle()
#21 C:/xampp/htdocs/next-stage-completo/next-stage/vendor/laravel/framework/src/Illuminate/Container/Util.php(43): Illuminate/Container/BoundMethod::{closure:Illuminate/Container/BoundMethod::call():35}()
#22 C:/xampp/htdocs/next-stage-completo/next-stage/vendor/laravel/framework/src/Illuminate/Container/BoundMethod.php(96): Illuminate/Container/Util::unwrapIfClosure()
#23 C:/xampp/htdocs/next-stage-completo/next-stage/vendor/laravel/framework/src/Illuminate/Container/BoundMethod.php(35): Illuminate/Container/BoundMethod::callBoundMethod()
#24 C:/xampp/htdocs/next-stage-completo/next-stage/vendor/laravel/framework/src/Illuminate/Container/Container.php(799): Illuminate/Container/BoundMethod::call()
#25 C:/xampp/htdocs/next-stage-completo/next-stage/vendor/laravel/framework/src/Illuminate/Console/Command.php(211): Illuminate/Container/Container->call()
#26 C:/xampp/htdocs/next-stage-completo/next-stage/vendor/symfony/console/Command/Command.php(341): Illuminate/Console/Command->execute()
#27 C:/xampp/htdocs/next-stage-completo/next-stage/vendor/laravel/framework/src/Illuminate/Console/Command.php(180): Symfony/Component/Console/Command/Command->run()
#28 C:/xampp/htdocs/next-stage-completo/next-stage/vendor/laravel/framework/src/Illuminate/Console/Concerns/CallsCommands.php(68): Illuminate/Console/Command->run()
#29 C:/xampp/htdocs/next-stage-completo/next-stage/vendor/laravel/framework/src/Illuminate/Console/Concerns/CallsCommands.php(29): Illuminate/Console/Command->runCommand()
#30 C:/xampp/htdocs/next-stage-completo/next-stage/vendor/laravel/framework/src/Illuminate/Database/Console/Migrations/FreshCommand.php(88): Illuminate/Console/Command->call()
#31 C:/xampp/htdocs/next-stage-completo/next-stage/vendor/laravel/framework/src/Illuminate/Container/BoundMethod.php(36): Illuminate/Database/Console/Migrations/FreshCommand->handle()
#32 C:/xampp/htdocs/next-stage-completo/next-stage/vendor/laravel/framework/src/Illuminate/Container/Util.php(43): Illuminate/Container/BoundMethod::{closure:Illuminate/Container/BoundMethod::call():35}()
#33 C:/xampp/htdocs/next-stage-completo/next-stage/vendor/laravel/framework/src/Illuminate/Container/BoundMethod.php(96): Illuminate/Container/Util::unwrapIfClosure()
#34 C:/xampp/htdocs/next-stage-completo/next-stage/vendor/laravel/framework/src/Illuminate/Container/BoundMethod.php(35): Illuminate/Container/BoundMethod::callBoundMethod()
#35 C:/xampp/htdocs/next-stage-completo/next-stage/vendor/laravel/framework/src/Illuminate/Container/Container.php(799): Illuminate/Container/BoundMethod::call()
#36 C:/xampp/htdocs/next-stage-completo/next-stage/vendor/laravel/framework/src/Illuminate/Console/Command.php(211): Illuminate/Container/Container->call()
#37 C:/xampp/htdocs/next-stage-completo/next-stage/vendor/symfony/console/Command/Command.php(341): Illuminate/Console/Command->execute()
#38 C:/xampp/htdocs/next-stage-completo/next-stage/vendor/laravel/framework/src/Illuminate/Console/Command.php(180): Symfony/Component/Console/Command/Command->run()
#39 C:/xampp/htdocs/next-stage-completo/next-stage/vendor/symfony/console/Application.php(1117): Illuminate/Console/Command->run()
#40 C:/xampp/htdocs/next-stage-completo/next-stage/vendor/symfony/console/Application.php(356): Symfony/Component/Console/Application->doRunCommand()
#41 C:/xampp/htdocs/next-stage-completo/next-stage/vendor/symfony/console/Application.php(195): Symfony/Component/Console/Application->doRun()
#42 C:/xampp/htdocs/next-stage-completo/next-stage/vendor/laravel/framework/src/Illuminate/Foundation/Console/Kernel.php(198): Symfony/Component/Console/Application->run()
#43 C:/xampp/htdocs/next-stage-completo/next-stage/vendor/laravel/framework/src/Illuminate/Foundation/Application.php(1235): Illuminate/Foundation/Console/Kernel->handle()
#44 C:/xampp/htdocs/next-stage-completo/next-stage/artisan(13): Illuminate/Foundation/Application->handleCommand()
#45 {main}

[previous exception] [object] (PDOException(code: 42000): SQLSTATE[42000]: Syntax error or access violation: 1059 Identifier name 'feedback_validacao_documento_tipo_idtipo_validacao_documento_iddocumento_validacao_professor_idpr...' is too long at C:/xampp/htdocs/next-stage-completo/next-stage/vendor/laravel/framework/src/Illuminate/Database/Connection.php:584)
[stacktrace]
#0 C:/xampp/htdocs/next-stage-completo/next-stage/vendor/laravel/framework/src/Illuminate/Database/Connection.php(584): PDOStatement->execute()
#1 C:/xampp/htdocs/next-stage-completo/next-stage/vendor/laravel/framework/src/Illuminate/Database/Connection.php(827): Illuminate/Database/Connection->{closure:Illuminate/Database/Connection::statement():573}()
#2 C:/xampp/htdocs/next-stage-completo/next-stage/vendor/laravel/framework/src/Illuminate/Database/Connection.php(794): Illuminate/Database/Connection->runQueryCallback()
#3 C:/xampp/htdocs/next-stage-completo/next-stage/vendor/laravel/framework/src/Illuminate/Database/Connection.php(573): Illuminate/Database/Connection->run()
#4 C:/xampp/htdocs/next-stage-completo/next-stage/vendor/laravel/framework/src/Illuminate/Database/Schema/Blueprint.php(121): Illuminate/Database/Connection->statement()
#5 C:/xampp/htdocs/next-stage-completo/next-stage/vendor/laravel/framework/src/Illuminate/Database/Schema/Builder.php(686): Illuminate/Database/Schema/Blueprint->build()
#6 C:/xampp/htdocs/next-stage-completo/next-stage/vendor/laravel/framework/src/Illuminate/Database/Schema/Builder.php(506): Illuminate/Database/Schema/Builder->build()
#7 C:/xampp/htdocs/next-stage-completo/next-stage/vendor/laravel/framework/src/Illuminate/Support/Facades/Facade.php(363): Illuminate/Database/Schema/Builder->create()
#8 C:/xampp/htdocs/next-stage-completo/next-stage/database/migrations/2024_01_01_000005_create_documento_validacao_feedback_tables.php(39): Illuminate/Support/Facades/Facade::__callStatic()
#9 C:/xampp/htdocs/next-stage-completo/next-stage/vendor/laravel/framework/src/Illuminate/Database/Migrations/Migrator.php(517): Illuminate/Database/Migrations/Migration@anonymous->up()
#10 C:/xampp/htdocs/next-stage-completo/next-stage/vendor/laravel/framework/src/Illuminate/Database/Migrations/Migrator.php(442): Illuminate/Database/Migrations/Migrator->runMethod()
#11 C:/xampp/htdocs/next-stage-completo/next-stage/vendor/laravel/framework/src/Illuminate/Database/Migrations/Migrator.php(451): Illuminate/Database/Migrations/Migrator->{closure:Illuminate/Database/Migrations/Migrator::runMigration():438}()
#12 C:/xampp/htdocs/next-stage-completo/next-stage/vendor/laravel/framework/src/Illuminate/Database/Migrations/Migrator.php(253): Illuminate/Database/Migrations/Migrator->runMigration()
#13 C:/xampp/htdocs/next-stage-completo/next-stage/vendor/laravel/framework/src/Illuminate/Console/View/Components/Task.php(41): Illuminate/Database/Migrations/Migrator->{closure:Illuminate/Database/Migrations/Migrator::runUp():253}()
#14 C:/xampp/htdocs/next-stage-completo/next-stage/vendor/laravel/framework/src/Illuminate/Database/Migrations/Migrator.php(814): Illuminate/Console/View/Components/Task->render()
#15 C:/xampp/htdocs/next-stage-completo/next-stage/vendor/laravel/framework/src/Illuminate/Database/Migrations/Migrator.php(253): Illuminate/Database/Migrations/Migrator->write()
#16 C:/xampp/htdocs/next-stage-completo/next-stage/vendor/laravel/framework/src/Illuminate/Database/Migrations/Migrator.php(211): Illuminate/Database/Migrations/Migrator->runUp()
#17 C:/xampp/htdocs/next-stage-completo/next-stage/vendor/laravel/framework/src/Illuminate/Database/Migrations/Migrator.php(138): Illuminate/Database/Migrations/Migrator->runPending()
#18 C:/xampp/htdocs/next-stage-completo/next-stage/vendor/laravel/framework/src/Illuminate/Database/Console/Migrations/MigrateCommand.php(116): Illuminate/Database/Migrations/Migrator->run()
#19 C:/xampp/htdocs/next-stage-completo/next-stage/vendor/laravel/framework/src/Illuminate/Database/Migrations/Migrator.php(671): Illuminate/Database/Console/Migrations/MigrateCommand->{closure:Illuminate/Database/Console/Migrations/MigrateCommand::runMigrations():109}()
#20 C:/xampp/htdocs/next-stage-completo/next-stage/vendor/laravel/framework/src/Illuminate/Database/Console/Migrations/MigrateCommand.php(109): Illuminate/Database/Migrations/Migrator->usingConnection()
#21 C:/xampp/htdocs/next-stage-completo/next-stage/vendor/laravel/framework/src/Illuminate/Database/Console/Migrations/MigrateCommand.php(88): Illuminate/Database/Console/Migrations/MigrateCommand->runMigrations()
#22 C:/xampp/htdocs/next-stage-completo/next-stage/vendor/laravel/framework/src/Illuminate/Container/BoundMethod.php(36): Illuminate/Database/Console/Migrations/MigrateCommand->handle()
#23 C:/xampp/htdocs/next-stage-completo/next-stage/vendor/laravel/framework/src/Illuminate/Container/Util.php(43): Illuminate/Container/BoundMethod::{closure:Illuminate/Container/BoundMethod::call():35}()
#24 C:/xampp/htdocs/next-stage-completo/next-stage/vendor/laravel/framework/src/Illuminate/Container/BoundMethod.php(96): Illuminate/Container/Util::unwrapIfClosure()
#25 C:/xampp/htdocs/next-stage-completo/next-stage/vendor/laravel/framework/src/Illuminate/Container/BoundMethod.php(35): Illuminate/Container/BoundMethod::callBoundMethod()
#26 C:/xampp/htdocs/next-stage-completo/next-stage/vendor/laravel/framework/src/Illuminate/Container/Container.php(799): Illuminate/Container/BoundMethod::call()
#27 C:/xampp/htdocs/next-stage-completo/next-stage/vendor/laravel/framework/src/Illuminate/Console/Command.php(211): Illuminate/Container/Container->call()
#28 C:/xampp/htdocs/next-stage-completo/next-stage/vendor/symfony/console/Command/Command.php(341): Illuminate/Console/Command->execute()
#29 C:/xampp/htdocs/next-stage-completo/next-stage/vendor/laravel/framework/src/Illuminate/Console/Command.php(180): Symfony/Component/Console/Command/Command->run()
#30 C:/xampp/htdocs/next-stage-completo/next-stage/vendor/laravel/framework/src/Illuminate/Console/Concerns/CallsCommands.php(68): Illuminate/Console/Command->run()
#31 C:/xampp/htdocs/next-stage-completo/next-stage/vendor/laravel/framework/src/Illuminate/Console/Concerns/CallsCommands.php(29): Illuminate/Console/Command->runCommand()
#32 C:/xampp/htdocs/next-stage-completo/next-stage/vendor/laravel/framework/src/Illuminate/Database/Console/Migrations/FreshCommand.php(88): Illuminate/Console/Command->call()
#33 C:/xampp/htdocs/next-stage-completo/next-stage/vendor/laravel/framework/src/Illuminate/Container/BoundMethod.php(36): Illuminate/Database/Console/Migrations/FreshCommand->handle()
#34 C:/xampp/htdocs/next-stage-completo/next-stage/vendor/laravel/framework/src/Illuminate/Container/Util.php(43): Illuminate/Container/BoundMethod::{closure:Illuminate/Container/BoundMethod::call():35}()
#35 C:/xampp/htdocs/next-stage-completo/next-stage/vendor/laravel/framework/src/Illuminate/Container/BoundMethod.php(96): Illuminate/Container/Util::unwrapIfClosure()
#36 C:/xampp/htdocs/next-stage-completo/next-stage/vendor/laravel/framework/src/Illuminate/Container/BoundMethod.php(35): Illuminate/Container/BoundMethod::callBoundMethod()
#37 C:/xampp/htdocs/next-stage-completo/next-stage/vendor/laravel/framework/src/Illuminate/Container/Container.php(799): Illuminate/Container/BoundMethod::call()
#38 C:/xampp/htdocs/next-stage-completo/next-stage/vendor/laravel/framework/src/Illuminate/Console/Command.php(211): Illuminate/Container/Container->call()
#39 C:/xampp/htdocs/next-stage-completo/next-stage/vendor/symfony/console/Command/Command.php(341): Illuminate/Console/Command->execute()
#40 C:/xampp/htdocs/next-stage-completo/next-stage/vendor/laravel/framework/src/Illuminate/Console/Command.php(180): Symfony/Component/Console/Command/Command->run()
#41 C:/xampp/htdocs/next-stage-completo/next-stage/vendor/symfony/console/Application.php(1117): Illuminate/Console/Command->run()
#42 C:/xampp/htdocs/next-stage-completo/next-stage/vendor/symfony/console/Application.php(356): Symfony/Component/Console/Application->doRunCommand()
#43 C:/xampp/htdocs/next-stage-completo/next-stage/vendor/symfony/console/Application.php(195): Symfony/Component/Console/Application->doRun()
#44 C:/xampp/htdocs/next-stage-completo/next-stage/vendor/laravel/framework/src/Illuminate/Foundation/Console/Kernel.php(198): Symfony/Component/Console/Application->run()
#45 C:/xampp/htdocs/next-stage-completo/next-stage/vendor/laravel/framework/src/Illuminate/Foundation/Application.php(1235): Illuminate/Foundation/Console/Kernel->handle()
#46 C:/xampp/htdocs/next-stage-completo/next-stage/artisan(13): Illuminate/Foundation/Application->handleCommand()
#47 {main}
"} 
[2026-04-09 21:53:16] local.ERROR: SQLSTATE[42S02]: Base table or view not found: 1146 Table 'proximo_estagio.prazo_aluno' doesn't exist (Connection: mysql, Host: 127.0.0.1, Port: 3306, Database: proximo_estagio, SQL: select `t`.`idtipo`, `t`.`nome` as `tipo`, `t`.`intervalo_dias`, `pa`.`dataLimite`, (
                    SELECT d2.dataEmissao
                    FROM documento d2
                    JOIN tipo t2 ON t2.idtipo = d2.tipo_idtipo
                    WHERE d2.aluno_idaluno = 1
                      AND t2.ordem = (t.ordem - 1)
                    ORDER BY d2.iddocumento DESC
                    LIMIT 1
                ) as dataEnvioAnterior from `tipo` as `t` left join `prazo_aluno` as `pa` on `pa`.`tipo_idtipo` = `t`.`idtipo` and `pa`.`aluno_idaluno` = 1 where `t`.`ativo` = 1 order by `t`.`ordem` asc) {"exception":"[object] (Illuminate\\Database\\QueryException(code: 42S02): SQLSTATE[42S02]: Base table or view not found: 1146 Table 'proximo_estagio.prazo_aluno' doesn't exist (Connection: mysql, Host: 127.0.0.1, Port: 3306, Database: proximo_estagio, SQL: select `t`.`idtipo`, `t`.`nome` as `tipo`, `t`.`intervalo_dias`, `pa`.`dataLimite`, (
                    SELECT d2.dataEmissao
                    FROM documento d2
                    JOIN tipo t2 ON t2.idtipo = d2.tipo_idtipo
                    WHERE d2.aluno_idaluno = 1
                      AND t2.ordem = (t.ordem - 1)
                    ORDER BY d2.iddocumento DESC
                    LIMIT 1
                ) as dataEnvioAnterior from `tipo` as `t` left join `prazo_aluno` as `pa` on `pa`.`tipo_idtipo` = `t`.`idtipo` and `pa`.`aluno_idaluno` = 1 where `t`.`ativo` = 1 order by `t`.`ordem` asc) at C:/xampp/htdocs/next-stage-completo/next-stage/vendor/laravel/framework/src/Illuminate/Database/Connection.php:838)
[stacktrace]
#0 C:/xampp/htdocs/next-stage-completo/next-stage/vendor/laravel/framework/src/Illuminate/Database/Connection.php(794): Illuminate/Database/Connection->runQueryCallback()
#1 C:/xampp/htdocs/next-stage-completo/next-stage/vendor/laravel/framework/src/Illuminate/Database/Connection.php(411): Illuminate/Database/Connection->run()
#2 C:/xampp/htdocs/next-stage-completo/next-stage/vendor/laravel/framework/src/Illuminate/Database/Query/Builder.php(3505): Illuminate/Database/Connection->select()
#3 C:/xampp/htdocs/next-stage-completo/next-stage/vendor/laravel/framework/src/Illuminate/Database/Query/Builder.php(3490): Illuminate/Database/Query/Builder->runSelect()
#4 C:/xampp/htdocs/next-stage-completo/next-stage/vendor/laravel/framework/src/Illuminate/Database/Query/Builder.php(4080): Illuminate/Database/Query/Builder->{closure:Illuminate/Database/Query/Builder::get():3489}()
#5 C:/xampp/htdocs/next-stage-completo/next-stage/vendor/laravel/framework/src/Illuminate/Database/Query/Builder.php(3489): Illuminate/Database/Query/Builder->onceWithColumns()
#6 C:/xampp/htdocs/next-stage-completo/next-stage/app/Features/Aluno/Services/AlunoService.php(88): Illuminate/Database/Query/Builder->get()
#7 C:/xampp/htdocs/next-stage-completo/next-stage/app/Features/Aluno/Services/AlunoService.php(54): App/Features/Aluno/Services/AlunoService->calcularPrazos()
#8 C:/xampp/htdocs/next-stage-completo/next-stage/app/Features/Aluno/Controllers/AlunoController.php(21): App/Features/Aluno/Services/AlunoService->listarDocumentos()
#9 C:/xampp/htdocs/next-stage-completo/next-stage/vendor/laravel/framework/src/Illuminate/Routing/Controller.php(54): App/Features/Aluno/Controllers/AlunoController->listarDocumentos()
#10 C:/xampp/htdocs/next-stage-completo/next-stage/vendor/laravel/framework/src/Illuminate/Routing/ControllerDispatcher.php(43): Illuminate/Routing/Controller->callAction()
#11 C:/xampp/htdocs/next-stage-completo/next-stage/vendor/laravel/framework/src/Illuminate/Routing/Route.php(265): Illuminate/Routing/ControllerDispatcher->dispatch()
#12 C:/xampp/htdocs/next-stage-completo/next-stage/vendor/laravel/framework/src/Illuminate/Routing/Route.php(211): Illuminate/Routing/Route->runController()
#13 C:/xampp/htdocs/next-stage-completo/next-stage/vendor/laravel/framework/src/Illuminate/Routing/Router.php(822): Illuminate/Routing/Route->run()
#14 C:/xampp/htdocs/next-stage-completo/next-stage/vendor/laravel/framework/src/Illuminate/Pipeline/Pipeline.php(180): Illuminate/Routing/Router->{closure:Illuminate/Routing/Router::runRouteWithinStack():821}()
#15 C:/xampp/htdocs/next-stage-completo/next-stage/app/Http/Middleware/VerificarToken.php(46): Illuminate/Pipeline/Pipeline->{closure:Illuminate/Pipeline/Pipeline::prepareDestination():178}()
#16 C:/xampp/htdocs/next-stage-completo/next-stage/vendor/laravel/framework/src/Illuminate/Pipeline/Pipeline.php(219): App/Http/Middleware/VerificarToken->handle()
#17 C:/xampp/htdocs/next-stage-completo/next-stage/vendor/laravel/framework/src/Illuminate/Routing/Middleware/SubstituteBindings.php(50): Illuminate/Pipeline/Pipeline->{closure:{closure:Illuminate/Pipeline/Pipeline::carry():194}:195}()
#18 C:/xampp/htdocs/next-stage-completo/next-stage/vendor/laravel/framework/src/Illuminate/Pipeline/Pipeline.php(219): Illuminate/Routing/Middleware/SubstituteBindings->handle()
#19 C:/xampp/htdocs/next-stage-completo/next-stage/vendor/laravel/framework/src/Illuminate/Pipeline/Pipeline.php(137): Illuminate/Pipeline/Pipeline->{closure:{closure:Illuminate/Pipeline/Pipeline::carry():194}:195}()
#20 C:/xampp/htdocs/next-stage-completo/next-stage/vendor/laravel/framework/src/Illuminate/Routing/Router.php(821): Illuminate/Pipeline/Pipeline->then()
#21 C:/xampp/htdocs/next-stage-completo/next-stage/vendor/laravel/framework/src/Illuminate/Routing/Router.php(800): Illuminate/Routing/Router->runRouteWithinStack()
#22 C:/xampp/htdocs/next-stage-completo/next-stage/vendor/laravel/framework/src/Illuminate/Routing/Router.php(764): Illuminate/Routing/Router->runRoute()
#23 C:/xampp/htdocs/next-stage-completo/next-stage/vendor/laravel/framework/src/Illuminate/Routing/Router.php(753): Illuminate/Routing/Router->dispatchToRoute()
#24 C:/xampp/htdocs/next-stage-completo/next-stage/vendor/laravel/framework/src/Illuminate/Foundation/Http/Kernel.php(200): Illuminate/Routing/Router->dispatch()
#25 C:/xampp/htdocs/next-stage-completo/next-stage/vendor/laravel/framework/src/Illuminate/Pipeline/Pipeline.php(180): Illuminate/Foundation/Http/Kernel->{closure:Illuminate/Foundation/Http/Kernel::dispatchToRouter():197}()
#26 C:/xampp/htdocs/next-stage-completo/next-stage/vendor/laravel/framework/src/Illuminate/Foundation/Http/Middleware/TransformsRequest.php(21): Illuminate/Pipeline/Pipeline->{closure:Illuminate/Pipeline/Pipeline::prepareDestination():178}()
#27 C:/xampp/htdocs/next-stage-completo/next-stage/vendor/laravel/framework/src/Illuminate/Foundation/Http/Middleware/ConvertEmptyStringsToNull.php(31): Illuminate/Foundation/Http/Middleware/TransformsRequest->handle()
#28 C:/xampp/htdocs/next-stage-completo/next-stage/vendor/laravel/framework/src/Illuminate/Pipeline/Pipeline.php(219): Illuminate/Foundation/Http/Middleware/ConvertEmptyStringsToNull->handle()
#29 C:/xampp/htdocs/next-stage-completo/next-stage/vendor/laravel/framework/src/Illuminate/Foundation/Http/Middleware/TransformsRequest.php(21): Illuminate/Pipeline/Pipeline->{closure:{closure:Illuminate/Pipeline/Pipeline::carry():194}:195}()
#30 C:/xampp/htdocs/next-stage-completo/next-stage/vendor/laravel/framework/src/Illuminate/Foundation/Http/Middleware/TrimStrings.php(51): Illuminate/Foundation/Http/Middleware/TransformsRequest->handle()
#31 C:/xampp/htdocs/next-stage-completo/next-stage/vendor/laravel/framework/src/Illuminate/Pipeline/Pipeline.php(219): Illuminate/Foundation/Http/Middleware/TrimStrings->handle()
#32 C:/xampp/htdocs/next-stage-completo/next-stage/vendor/laravel/framework/src/Illuminate/Http/Middleware/ValidatePostSize.php(27): Illuminate/Pipeline/Pipeline->{closure:{closure:Illuminate/Pipeline/Pipeline::carry():194}:195}()
#33 C:/xampp/htdocs/next-stage-completo/next-stage/vendor/laravel/framework/src/Illuminate/Pipeline/Pipeline.php(219): Illuminate/Http/Middleware/ValidatePostSize->handle()
#34 C:/xampp/htdocs/next-stage-completo/next-stage/vendor/laravel/framework/src/Illuminate/Foundation/Http/Middleware/PreventRequestsDuringMaintenance.php(109): Illuminate/Pipeline/Pipeline->{closure:{closure:Illuminate/Pipeline/Pipeline::carry():194}:195}()
#35 C:/xampp/htdocs/next-stage-completo/next-stage/vendor/laravel/framework/src/Illuminate/Pipeline/Pipeline.php(219): Illuminate/Foundation/Http/Middleware/PreventRequestsDuringMaintenance->handle()
#36 C:/xampp/htdocs/next-stage-completo/next-stage/vendor/laravel/framework/src/Illuminate/Http/Middleware/HandleCors.php(74): Illuminate/Pipeline/Pipeline->{closure:{closure:Illuminate/Pipeline/Pipeline::carry():194}:195}()
#37 C:/xampp/htdocs/next-stage-completo/next-stage/vendor/laravel/framework/src/Illuminate/Pipeline/Pipeline.php(219): Illuminate/Http/Middleware/HandleCors->handle()
#38 C:/xampp/htdocs/next-stage-completo/next-stage/vendor/laravel/framework/src/Illuminate/Http/Middleware/TrustProxies.php(58): Illuminate/Pipeline/Pipeline->{closure:{closure:Illuminate/Pipeline/Pipeline::carry():194}:195}()
#39 C:/xampp/htdocs/next-stage-completo/next-stage/vendor/laravel/framework/src/Illuminate/Pipeline/Pipeline.php(219): Illuminate/Http/Middleware/TrustProxies->handle()
#40 C:/xampp/htdocs/next-stage-completo/next-stage/vendor/laravel/framework/src/Illuminate/Foundation/Http/Middleware/InvokeDeferredCallbacks.php(22): Illuminate/Pipeline/Pipeline->{closure:{closure:Illuminate/Pipeline/Pipeline::carry():194}:195}()
#41 C:/xampp/htdocs/next-stage-completo/next-stage/vendor/laravel/framework/src/Illuminate/Pipeline/Pipeline.php(219): Illuminate/Foundation/Http/Middleware/InvokeDeferredCallbacks->handle()
#42 C:/xampp/htdocs/next-stage-completo/next-stage/vendor/laravel/framework/src/Illuminate/Http/Middleware/ValidatePathEncoding.php(26): Illuminate/Pipeline/Pipeline->{closure:{closure:Illuminate/Pipeline/Pipeline::carry():194}:195}()
#43 C:/xampp/htdocs/next-stage-completo/next-stage/vendor/laravel/framework/src/Illuminate/Pipeline/Pipeline.php(219): Illuminate/Http/Middleware/ValidatePathEncoding->handle()
#44 C:/xampp/htdocs/next-stage-completo/next-stage/vendor/laravel/framework/src/Illuminate/Pipeline/Pipeline.php(137): Illuminate/Pipeline/Pipeline->{closure:{closure:Illuminate/Pipeline/Pipeline::carry():194}:195}()
#45 C:/xampp/htdocs/next-stage-completo/next-stage/vendor/laravel/framework/src/Illuminate/Foundation/Http/Kernel.php(175): Illuminate/Pipeline/Pipeline->then()
#46 C:/xampp/htdocs/next-stage-completo/next-stage/vendor/laravel/framework/src/Illuminate/Foundation/Http/Kernel.php(144): Illuminate/Foundation/Http/Kernel->sendRequestThroughRouter()
#47 C:/xampp/htdocs/next-stage-completo/next-stage/vendor/laravel/framework/src/Illuminate/Foundation/Application.php(1220): Illuminate/Foundation/Http/Kernel->handle()
#48 C:/xampp/htdocs/next-stage-completo/next-stage/public/index.php(17): Illuminate/Foundation/Application->handleRequest()
#49 C:/xampp/htdocs/next-stage-completo/next-stage/vendor/laravel/framework/src/Illuminate/Foundation/resources/server.php(23): require_once('...')
#50 {main}

[previous exception] [object] (PDOException(code: 42S02): SQLSTATE[42S02]: Base table or view not found: 1146 Table 'proximo_estagio.prazo_aluno' doesn't exist at C:/xampp/htdocs/next-stage-completo/next-stage/vendor/laravel/framework/src/Illuminate/Database/Connection.php:420)
[stacktrace]
#0 C:/xampp/htdocs/next-stage-completo/next-stage/vendor/laravel/framework/src/Illuminate/Database/Connection.php(420): PDO->prepare()
#1 C:/xampp/htdocs/next-stage-completo/next-stage/vendor/laravel/framework/src/Illuminate/Database/Connection.php(827): Illuminate/Database/Connection->{closure:Illuminate/Database/Connection::select():411}()
#2 C:/xampp/htdocs/next-stage-completo/next-stage/vendor/laravel/framework/src/Illuminate/Database/Connection.php(794): Illuminate/Database/Connection->runQueryCallback()
#3 C:/xampp/htdocs/next-stage-completo/next-stage/vendor/laravel/framework/src/Illuminate/Database/Connection.php(411): Illuminate/Database/Connection->run()
#4 C:/xampp/htdocs/next-stage-completo/next-stage/vendor/laravel/framework/src/Illuminate/Database/Query/Builder.php(3505): Illuminate/Database/Connection->select()
#5 C:/xampp/htdocs/next-stage-completo/next-stage/vendor/laravel/framework/src/Illuminate/Database/Query/Builder.php(3490): Illuminate/Database/Query/Builder->runSelect()
#6 C:/xampp/htdocs/next-stage-completo/next-stage/vendor/laravel/framework/src/Illuminate/Database/Query/Builder.php(4080): Illuminate/Database/Query/Builder->{closure:Illuminate/Database/Query/Builder::get():3489}()
#7 C:/xampp/htdocs/next-stage-completo/next-stage/vendor/laravel/framework/src/Illuminate/Database/Query/Builder.php(3489): Illuminate/Database/Query/Builder->onceWithColumns()
#8 C:/xampp/htdocs/next-stage-completo/next-stage/app/Features/Aluno/Services/AlunoService.php(88): Illuminate/Database/Query/Builder->get()
#9 C:/xampp/htdocs/next-stage-completo/next-stage/app/Features/Aluno/Services/AlunoService.php(54): App/Features/Aluno/Services/AlunoService->calcularPrazos()
#10 C:/xampp/htdocs/next-stage-completo/next-stage/app/Features/Aluno/Controllers/AlunoController.php(21): App/Features/Aluno/Services/AlunoService->listarDocumentos()
#11 C:/xampp/htdocs/next-stage-completo/next-stage/vendor/laravel/framework/src/Illuminate/Routing/Controller.php(54): App/Features/Aluno/Controllers/AlunoController->listarDocumentos()
#12 C:/xampp/htdocs/next-stage-completo/next-stage/vendor/laravel/framework/src/Illuminate/Routing/ControllerDispatcher.php(43): Illuminate/Routing/Controller->callAction()
#13 C:/xampp/htdocs/next-stage-completo/next-stage/vendor/laravel/framework/src/Illuminate/Routing/Route.php(265): Illuminate/Routing/ControllerDispatcher->dispatch()
#14 C:/xampp/htdocs/next-stage-completo/next-stage/vendor/laravel/framework/src/Illuminate/Routing/Route.php(211): Illuminate/Routing/Route->runController()
#15 C:/xampp/htdocs/next-stage-completo/next-stage/vendor/laravel/framework/src/Illuminate/Routing/Router.php(822): Illuminate/Routing/Route->run()
#16 C:/xampp/htdocs/next-stage-completo/next-stage/vendor/laravel/framework/src/Illuminate/Pipeline/Pipeline.php(180): Illuminate/Routing/Router->{closure:Illuminate/Routing/Router::runRouteWithinStack():821}()
#17 C:/xampp/htdocs/next-stage-completo/next-stage/app/Http/Middleware/VerificarToken.php(46): Illuminate/Pipeline/Pipeline->{closure:Illuminate/Pipeline/Pipeline::prepareDestination():178}()
#18 C:/xampp/htdocs/next-stage-completo/next-stage/vendor/laravel/framework/src/Illuminate/Pipeline/Pipeline.php(219): App/Http/Middleware/VerificarToken->handle()
#19 C:/xampp/htdocs/next-stage-completo/next-stage/vendor/laravel/framework/src/Illuminate/Routing/Middleware/SubstituteBindings.php(50): Illuminate/Pipeline/Pipeline->{closure:{closure:Illuminate/Pipeline/Pipeline::carry():194}:195}()
#20 C:/xampp/htdocs/next-stage-completo/next-stage/vendor/laravel/framework/src/Illuminate/Pipeline/Pipeline.php(219): Illuminate/Routing/Middleware/SubstituteBindings->handle()
#21 C:/xampp/htdocs/next-stage-completo/next-stage/vendor/laravel/framework/src/Illuminate/Pipeline/Pipeline.php(137): Illuminate/Pipeline/Pipeline->{closure:{closure:Illuminate/Pipeline/Pipeline::carry():194}:195}()
#22 C:/xampp/htdocs/next-stage-completo/next-stage/vendor/laravel/framework/src/Illuminate/Routing/Router.php(821): Illuminate/Pipeline/Pipeline->then()
#23 C:/xampp/htdocs/next-stage-completo/next-stage/vendor/laravel/framework/src/Illuminate/Routing/Router.php(800): Illuminate/Routing/Router->runRouteWithinStack()
#24 C:/xampp/htdocs/next-stage-completo/next-stage/vendor/laravel/framework/src/Illuminate/Routing/Router.php(764): Illuminate/Routing/Router->runRoute()
#25 C:/xampp/htdocs/next-stage-completo/next-stage/vendor/laravel/framework/src/Illuminate/Routing/Router.php(753): Illuminate/Routing/Router->dispatchToRoute()
#26 C:/xampp/htdocs/next-stage-completo/next-stage/vendor/laravel/framework/src/Illuminate/Foundation/Http/Kernel.php(200): Illuminate/Routing/Router->dispatch()
#27 C:/xampp/htdocs/next-stage-completo/next-stage/vendor/laravel/framework/src/Illuminate/Pipeline/Pipeline.php(180): Illuminate/Foundation/Http/Kernel->{closure:Illuminate/Foundation/Http/Kernel::dispatchToRouter():197}()
#28 C:/xampp/htdocs/next-stage-completo/next-stage/vendor/laravel/framework/src/Illuminate/Foundation/Http/Middleware/TransformsRequest.php(21): Illuminate/Pipeline/Pipeline->{closure:Illuminate/Pipeline/Pipeline::prepareDestination():178}()
#29 C:/xampp/htdocs/next-stage-completo/next-stage/vendor/laravel/framework/src/Illuminate/Foundation/Http/Middleware/ConvertEmptyStringsToNull.php(31): Illuminate/Foundation/Http/Middleware/TransformsRequest->handle()
#30 C:/xampp/htdocs/next-stage-completo/next-stage/vendor/laravel/framework/src/Illuminate/Pipeline/Pipeline.php(219): Illuminate/Foundation/Http/Middleware/ConvertEmptyStringsToNull->handle()
#31 C:/xampp/htdocs/next-stage-completo/next-stage/vendor/laravel/framework/src/Illuminate/Foundation/Http/Middleware/TransformsRequest.php(21): Illuminate/Pipeline/Pipeline->{closure:{closure:Illuminate/Pipeline/Pipeline::carry():194}:195}()
#32 C:/xampp/htdocs/next-stage-completo/next-stage/vendor/laravel/framework/src/Illuminate/Foundation/Http/Middleware/TrimStrings.php(51): Illuminate/Foundation/Http/Middleware/TransformsRequest->handle()
#33 C:/xampp/htdocs/next-stage-completo/next-stage/vendor/laravel/framework/src/Illuminate/Pipeline/Pipeline.php(219): Illuminate/Foundation/Http/Middleware/TrimStrings->handle()
#34 C:/xampp/htdocs/next-stage-completo/next-stage/vendor/laravel/framework/src/Illuminate/Http/Middleware/ValidatePostSize.php(27): Illuminate/Pipeline/Pipeline->{closure:{closure:Illuminate/Pipeline/Pipeline::carry():194}:195}()
#35 C:/xampp/htdocs/next-stage-completo/next-stage/vendor/laravel/framework/src/Illuminate/Pipeline/Pipeline.php(219): Illuminate/Http/Middleware/ValidatePostSize->handle()
#36 C:/xampp/htdocs/next-stage-completo/next-stage/vendor/laravel/framework/src/Illuminate/Foundation/Http/Middleware/PreventRequestsDuringMaintenance.php(109): Illuminate/Pipeline/Pipeline->{closure:{closure:Illuminate/Pipeline/Pipeline::carry():194}:195}()
#37 C:/xampp/htdocs/next-stage-completo/next-stage/vendor/laravel/framework/src/Illuminate/Pipeline/Pipeline.php(219): Illuminate/Foundation/Http/Middleware/PreventRequestsDuringMaintenance->handle()
#38 C:/xampp/htdocs/next-stage-completo/next-stage/vendor/laravel/framework/src/Illuminate/Http/Middleware/HandleCors.php(74): Illuminate/Pipeline/Pipeline->{closure:{closure:Illuminate/Pipeline/Pipeline::carry():194}:195}()
#39 C:/xampp/htdocs/next-stage-completo/next-stage/vendor/laravel/framework/src/Illuminate/Pipeline/Pipeline.php(219): Illuminate/Http/Middleware/HandleCors->handle()
#40 C:/xampp/htdocs/next-stage-completo/next-stage/vendor/laravel/framework/src/Illuminate/Http/Middleware/TrustProxies.php(58): Illuminate/Pipeline/Pipeline->{closure:{closure:Illuminate/Pipeline/Pipeline::carry():194}:195}()
#41 C:/xampp/htdocs/next-stage-completo/next-stage/vendor/laravel/framework/src/Illuminate/Pipeline/Pipeline.php(219): Illuminate/Http/Middleware/TrustProxies->handle()
#42 C:/xampp/htdocs/next-stage-completo/next-stage/vendor/laravel/framework/src/Illuminate/Foundation/Http/Middleware/InvokeDeferredCallbacks.php(22): Illuminate/Pipeline/Pipeline->{closure:{closure:Illuminate/Pipeline/Pipeline::carry():194}:195}()
#43 C:/xampp/htdocs/next-stage-completo/next-stage/vendor/laravel/framework/src/Illuminate/Pipeline/Pipeline.php(219): Illuminate/Foundation/Http/Middleware/InvokeDeferredCallbacks->handle()
#44 C:/xampp/htdocs/next-stage-completo/next-stage/vendor/laravel/framework/src/Illuminate/Http/Middleware/ValidatePathEncoding.php(26): Illuminate/Pipeline/Pipeline->{closure:{closure:Illuminate/Pipeline/Pipeline::carry():194}:195}()
#45 C:/xampp/htdocs/next-stage-completo/next-stage/vendor/laravel/framework/src/Illuminate/Pipeline/Pipeline.php(219): Illuminate/Http/Middleware/ValidatePathEncoding->handle()
#46 C:/xampp/htdocs/next-stage-completo/next-stage/vendor/laravel/framework/src/Illuminate/Pipeline/Pipeline.php(137): Illuminate/Pipeline/Pipeline->{closure:{closure:Illuminate/Pipeline/Pipeline::carry():194}:195}()
#47 C:/xampp/htdocs/next-stage-completo/next-stage/vendor/laravel/framework/src/Illuminate/Foundation/Http/Kernel.php(175): Illuminate/Pipeline/Pipeline->then()
#48 C:/xampp/htdocs/next-stage-completo/next-stage/vendor/laravel/framework/src/Illuminate/Foundation/Http/Kernel.php(144): Illuminate/Foundation/Http/Kernel->sendRequestThroughRouter()
#49 C:/xampp/htdocs/next-stage-completo/next-stage/vendor/laravel/framework/src/Illuminate/Foundation/Application.php(1220): Illuminate/Foundation/Http/Kernel->handle()
#50 C:/xampp/htdocs/next-stage-completo/next-stage/public/index.php(17): Illuminate/Foundation/Application->handleRequest()
#51 C:/xampp/htdocs/next-stage-completo/next-stage/vendor/laravel/framework/src/Illuminate/Foundation/resources/server.php(23): require_once('...')
#52 {main}
"} 
[2026-04-09 21:55:55] local.ERROR: SQLSTATE[42S02]: Base table or view not found: 1146 Table 'proximo_estagio.prazo_aluno' doesn't exist (Connection: mysql, Host: 127.0.0.1, Port: 3306, Database: proximo_estagio, SQL: select `t`.`idtipo`, `t`.`nome` as `tipo`, `t`.`intervalo_dias`, `pa`.`dataLimite`, (
                    SELECT d2.dataEmissao
                    FROM documento d2
                    JOIN tipo t2 ON t2.idtipo = d2.tipo_idtipo
                    WHERE d2.aluno_idaluno = 1
                      AND t2.ordem = (t.ordem - 1)
                    ORDER BY d2.iddocumento DESC
                    LIMIT 1
                ) as dataEnvioAnterior from `tipo` as `t` left join `prazo_aluno` as `pa` on `pa`.`tipo_idtipo` = `t`.`idtipo` and `pa`.`aluno_idaluno` = 1 where `t`.`ativo` = 1 order by `t`.`ordem` asc) {"exception":"[object] (Illuminate\\Database\\QueryException(code: 42S02): SQLSTATE[42S02]: Base table or view not found: 1146 Table 'proximo_estagio.prazo_aluno' doesn't exist (Connection: mysql, Host: 127.0.0.1, Port: 3306, Database: proximo_estagio, SQL: select `t`.`idtipo`, `t`.`nome` as `tipo`, `t`.`intervalo_dias`, `pa`.`dataLimite`, (
                    SELECT d2.dataEmissao
                    FROM documento d2
                    JOIN tipo t2 ON t2.idtipo = d2.tipo_idtipo
                    WHERE d2.aluno_idaluno = 1
                      AND t2.ordem = (t.ordem - 1)
                    ORDER BY d2.iddocumento DESC
                    LIMIT 1
                ) as dataEnvioAnterior from `tipo` as `t` left join `prazo_aluno` as `pa` on `pa`.`tipo_idtipo` = `t`.`idtipo` and `pa`.`aluno_idaluno` = 1 where `t`.`ativo` = 1 order by `t`.`ordem` asc) at C:/xampp/htdocs/next-stage-completo/next-stage/vendor/laravel/framework/src/Illuminate/Database/Connection.php:838)
[stacktrace]
#0 C:/xampp/htdocs/next-stage-completo/next-stage/vendor/laravel/framework/src/Illuminate/Database/Connection.php(794): Illuminate/Database/Connection->runQueryCallback()
#1 C:/xampp/htdocs/next-stage-completo/next-stage/vendor/laravel/framework/src/Illuminate/Database/Connection.php(411): Illuminate/Database/Connection->run()
#2 C:/xampp/htdocs/next-stage-completo/next-stage/vendor/laravel/framework/src/Illuminate/Database/Query/Builder.php(3505): Illuminate/Database/Connection->select()
#3 C:/xampp/htdocs/next-stage-completo/next-stage/vendor/laravel/framework/src/Illuminate/Database/Query/Builder.php(3490): Illuminate/Database/Query/Builder->runSelect()
#4 C:/xampp/htdocs/next-stage-completo/next-stage/vendor/laravel/framework/src/Illuminate/Database/Query/Builder.php(4080): Illuminate/Database/Query/Builder->{closure:Illuminate/Database/Query/Builder::get():3489}()
#5 C:/xampp/htdocs/next-stage-completo/next-stage/vendor/laravel/framework/src/Illuminate/Database/Query/Builder.php(3489): Illuminate/Database/Query/Builder->onceWithColumns()
#6 C:/xampp/htdocs/next-stage-completo/next-stage/app/Features/Aluno/Services/AlunoService.php(88): Illuminate/Database/Query/Builder->get()
#7 C:/xampp/htdocs/next-stage-completo/next-stage/app/Features/Aluno/Services/AlunoService.php(54): App/Features/Aluno/Services/AlunoService->calcularPrazos()
#8 C:/xampp/htdocs/next-stage-completo/next-stage/app/Features/Aluno/Controllers/AlunoController.php(21): App/Features/Aluno/Services/AlunoService->listarDocumentos()
#9 C:/xampp/htdocs/next-stage-completo/next-stage/vendor/laravel/framework/src/Illuminate/Routing/Controller.php(54): App/Features/Aluno/Controllers/AlunoController->listarDocumentos()
#10 C:/xampp/htdocs/next-stage-completo/next-stage/vendor/laravel/framework/src/Illuminate/Routing/ControllerDispatcher.php(43): Illuminate/Routing/Controller->callAction()
#11 C:/xampp/htdocs/next-stage-completo/next-stage/vendor/laravel/framework/src/Illuminate/Routing/Route.php(265): Illuminate/Routing/ControllerDispatcher->dispatch()
#12 C:/xampp/htdocs/next-stage-completo/next-stage/vendor/laravel/framework/src/Illuminate/Routing/Route.php(211): Illuminate/Routing/Route->runController()
#13 C:/xampp/htdocs/next-stage-completo/next-stage/vendor/laravel/framework/src/Illuminate/Routing/Router.php(822): Illuminate/Routing/Route->run()
#14 C:/xampp/htdocs/next-stage-completo/next-stage/vendor/laravel/framework/src/Illuminate/Pipeline/Pipeline.php(180): Illuminate/Routing/Router->{closure:Illuminate/Routing/Router::runRouteWithinStack():821}()
#15 C:/xampp/htdocs/next-stage-completo/next-stage/app/Http/Middleware/VerificarToken.php(46): Illuminate/Pipeline/Pipeline->{closure:Illuminate/Pipeline/Pipeline::prepareDestination():178}()
#16 C:/xampp/htdocs/next-stage-completo/next-stage/vendor/laravel/framework/src/Illuminate/Pipeline/Pipeline.php(219): App/Http/Middleware/VerificarToken->handle()
#17 C:/xampp/htdocs/next-stage-completo/next-stage/vendor/laravel/framework/src/Illuminate/Routing/Middleware/SubstituteBindings.php(50): Illuminate/Pipeline/Pipeline->{closure:{closure:Illuminate/Pipeline/Pipeline::carry():194}:195}()
#18 C:/xampp/htdocs/next-stage-completo/next-stage/vendor/laravel/framework/src/Illuminate/Pipeline/Pipeline.php(219): Illuminate/Routing/Middleware/SubstituteBindings->handle()
#19 C:/xampp/htdocs/next-stage-completo/next-stage/vendor/laravel/framework/src/Illuminate/Pipeline/Pipeline.php(137): Illuminate/Pipeline/Pipeline->{closure:{closure:Illuminate/Pipeline/Pipeline::carry():194}:195}()
#20 C:/xampp/htdocs/next-stage-completo/next-stage/vendor/laravel/framework/src/Illuminate/Routing/Router.php(821): Illuminate/Pipeline/Pipeline->then()
#21 C:/xampp/htdocs/next-stage-completo/next-stage/vendor/laravel/framework/src/Illuminate/Routing/Router.php(800): Illuminate/Routing/Router->runRouteWithinStack()
#22 C:/xampp/htdocs/next-stage-completo/next-stage/vendor/laravel/framework/src/Illuminate/Routing/Router.php(764): Illuminate/Routing/Router->runRoute()
#23 C:/xampp/htdocs/next-stage-completo/next-stage/vendor/laravel/framework/src/Illuminate/Routing/Router.php(753): Illuminate/Routing/Router->dispatchToRoute()
#24 C:/xampp/htdocs/next-stage-completo/next-stage/vendor/laravel/framework/src/Illuminate/Foundation/Http/Kernel.php(200): Illuminate/Routing/Router->dispatch()
#25 C:/xampp/htdocs/next-stage-completo/next-stage/vendor/laravel/framework/src/Illuminate/Pipeline/Pipeline.php(180): Illuminate/Foundation/Http/Kernel->{closure:Illuminate/Foundation/Http/Kernel::dispatchToRouter():197}()
#26 C:/xampp/htdocs/next-stage-completo/next-stage/vendor/laravel/framework/src/Illuminate/Foundation/Http/Middleware/TransformsRequest.php(21): Illuminate/Pipeline/Pipeline->{closure:Illuminate/Pipeline/Pipeline::prepareDestination():178}()
#27 C:/xampp/htdocs/next-stage-completo/next-stage/vendor/laravel/framework/src/Illuminate/Foundation/Http/Middleware/ConvertEmptyStringsToNull.php(31): Illuminate/Foundation/Http/Middleware/TransformsRequest->handle()
#28 C:/xampp/htdocs/next-stage-completo/next-stage/vendor/laravel/framework/src/Illuminate/Pipeline/Pipeline.php(219): Illuminate/Foundation/Http/Middleware/ConvertEmptyStringsToNull->handle()
#29 C:/xampp/htdocs/next-stage-completo/next-stage/vendor/laravel/framework/src/Illuminate/Foundation/Http/Middleware/TransformsRequest.php(21): Illuminate/Pipeline/Pipeline->{closure:{closure:Illuminate/Pipeline/Pipeline::carry():194}:195}()
#30 C:/xampp/htdocs/next-stage-completo/next-stage/vendor/laravel/framework/src/Illuminate/Foundation/Http/Middleware/TrimStrings.php(51): Illuminate/Foundation/Http/Middleware/TransformsRequest->handle()
#31 C:/xampp/htdocs/next-stage-completo/next-stage/vendor/laravel/framework/src/Illuminate/Pipeline/Pipeline.php(219): Illuminate/Foundation/Http/Middleware/TrimStrings->handle()
#32 C:/xampp/htdocs/next-stage-completo/next-stage/vendor/laravel/framework/src/Illuminate/Http/Middleware/ValidatePostSize.php(27): Illuminate/Pipeline/Pipeline->{closure:{closure:Illuminate/Pipeline/Pipeline::carry():194}:195}()
#33 C:/xampp/htdocs/next-stage-completo/next-stage/vendor/laravel/framework/src/Illuminate/Pipeline/Pipeline.php(219): Illuminate/Http/Middleware/ValidatePostSize->handle()
#34 C:/xampp/htdocs/next-stage-completo/next-stage/vendor/laravel/framework/src/Illuminate/Foundation/Http/Middleware/PreventRequestsDuringMaintenance.php(109): Illuminate/Pipeline/Pipeline->{closure:{closure:Illuminate/Pipeline/Pipeline::carry():194}:195}()
#35 C:/xampp/htdocs/next-stage-completo/next-stage/vendor/laravel/framework/src/Illuminate/Pipeline/Pipeline.php(219): Illuminate/Foundation/Http/Middleware/PreventRequestsDuringMaintenance->handle()
#36 C:/xampp/htdocs/next-stage-completo/next-stage/vendor/laravel/framework/src/Illuminate/Http/Middleware/HandleCors.php(74): Illuminate/Pipeline/Pipeline->{closure:{closure:Illuminate/Pipeline/Pipeline::carry():194}:195}()
#37 C:/xampp/htdocs/next-stage-completo/next-stage/vendor/laravel/framework/src/Illuminate/Pipeline/Pipeline.php(219): Illuminate/Http/Middleware/HandleCors->handle()
#38 C:/xampp/htdocs/next-stage-completo/next-stage/vendor/laravel/framework/src/Illuminate/Http/Middleware/TrustProxies.php(58): Illuminate/Pipeline/Pipeline->{closure:{closure:Illuminate/Pipeline/Pipeline::carry():194}:195}()
#39 C:/xampp/htdocs/next-stage-completo/next-stage/vendor/laravel/framework/src/Illuminate/Pipeline/Pipeline.php(219): Illuminate/Http/Middleware/TrustProxies->handle()
#40 C:/xampp/htdocs/next-stage-completo/next-stage/vendor/laravel/framework/src/Illuminate/Foundation/Http/Middleware/InvokeDeferredCallbacks.php(22): Illuminate/Pipeline/Pipeline->{closure:{closure:Illuminate/Pipeline/Pipeline::carry():194}:195}()
#41 C:/xampp/htdocs/next-stage-completo/next-stage/vendor/laravel/framework/src/Illuminate/Pipeline/Pipeline.php(219): Illuminate/Foundation/Http/Middleware/InvokeDeferredCallbacks->handle()
#42 C:/xampp/htdocs/next-stage-completo/next-stage/vendor/laravel/framework/src/Illuminate/Http/Middleware/ValidatePathEncoding.php(26): Illuminate/Pipeline/Pipeline->{closure:{closure:Illuminate/Pipeline/Pipeline::carry():194}:195}()
#43 C:/xampp/htdocs/next-stage-completo/next-stage/vendor/laravel/framework/src/Illuminate/Pipeline/Pipeline.php(219): Illuminate/Http/Middleware/ValidatePathEncoding->handle()
#44 C:/xampp/htdocs/next-stage-completo/next-stage/vendor/laravel/framework/src/Illuminate/Pipeline/Pipeline.php(137): Illuminate/Pipeline/Pipeline->{closure:{closure:Illuminate/Pipeline/Pipeline::carry():194}:195}()
#45 C:/xampp/htdocs/next-stage-completo/next-stage/vendor/laravel/framework/src/Illuminate/Foundation/Http/Kernel.php(175): Illuminate/Pipeline/Pipeline->then()
#46 C:/xampp/htdocs/next-stage-completo/next-stage/vendor/laravel/framework/src/Illuminate/Foundation/Http/Kernel.php(144): Illuminate/Foundation/Http/Kernel->sendRequestThroughRouter()
#47 C:/xampp/htdocs/next-stage-completo/next-stage/vendor/laravel/framework/src/Illuminate/Foundation/Application.php(1220): Illuminate/Foundation/Http/Kernel->handle()
#48 C:/xampp/htdocs/next-stage-completo/next-stage/public/index.php(17): Illuminate/Foundation/Application->handleRequest()
#49 C:/xampp/htdocs/next-stage-completo/next-stage/vendor/laravel/framework/src/Illuminate/Foundation/resources/server.php(23): require_once('...')
#50 {main}

[previous exception] [object] (PDOException(code: 42S02): SQLSTATE[42S02]: Base table or view not found: 1146 Table 'proximo_estagio.prazo_aluno' doesn't exist at C:/xampp/htdocs/next-stage-completo/next-stage/vendor/laravel/framework/src/Illuminate/Database/Connection.php:420)
[stacktrace]
#0 C:/xampp/htdocs/next-stage-completo/next-stage/vendor/laravel/framework/src/Illuminate/Database/Connection.php(420): PDO->prepare()
#1 C:/xampp/htdocs/next-stage-completo/next-stage/vendor/laravel/framework/src/Illuminate/Database/Connection.php(827): Illuminate/Database/Connection->{closure:Illuminate/Database/Connection::select():411}()
#2 C:/xampp/htdocs/next-stage-completo/next-stage/vendor/laravel/framework/src/Illuminate/Database/Connection.php(794): Illuminate/Database/Connection->runQueryCallback()
#3 C:/xampp/htdocs/next-stage-completo/next-stage/vendor/laravel/framework/src/Illuminate/Database/Connection.php(411): Illuminate/Database/Connection->run()
#4 C:/xampp/htdocs/next-stage-completo/next-stage/vendor/laravel/framework/src/Illuminate/Database/Query/Builder.php(3505): Illuminate/Database/Connection->select()
#5 C:/xampp/htdocs/next-stage-completo/next-stage/vendor/laravel/framework/src/Illuminate/Database/Query/Builder.php(3490): Illuminate/Database/Query/Builder->runSelect()
#6 C:/xampp/htdocs/next-stage-completo/next-stage/vendor/laravel/framework/src/Illuminate/Database/Query/Builder.php(4080): Illuminate/Database/Query/Builder->{closure:Illuminate/Database/Query/Builder::get():3489}()
#7 C:/xampp/htdocs/next-stage-completo/next-stage/vendor/laravel/framework/src/Illuminate/Database/Query/Builder.php(3489): Illuminate/Database/Query/Builder->onceWithColumns()
#8 C:/xampp/htdocs/next-stage-completo/next-stage/app/Features/Aluno/Services/AlunoService.php(88): Illuminate/Database/Query/Builder->get()
#9 C:/xampp/htdocs/next-stage-completo/next-stage/app/Features/Aluno/Services/AlunoService.php(54): App/Features/Aluno/Services/AlunoService->calcularPrazos()
#10 C:/xampp/htdocs/next-stage-completo/next-stage/app/Features/Aluno/Controllers/AlunoController.php(21): App/Features/Aluno/Services/AlunoService->listarDocumentos()
#11 C:/xampp/htdocs/next-stage-completo/next-stage/vendor/laravel/framework/src/Illuminate/Routing/Controller.php(54): App/Features/Aluno/Controllers/AlunoController->listarDocumentos()
#12 C:/xampp/htdocs/next-stage-completo/next-stage/vendor/laravel/framework/src/Illuminate/Routing/ControllerDispatcher.php(43): Illuminate/Routing/Controller->callAction()
#13 C:/xampp/htdocs/next-stage-completo/next-stage/vendor/laravel/framework/src/Illuminate/Routing/Route.php(265): Illuminate/Routing/ControllerDispatcher->dispatch()
#14 C:/xampp/htdocs/next-stage-completo/next-stage/vendor/laravel/framework/src/Illuminate/Routing/Route.php(211): Illuminate/Routing/Route->runController()
#15 C:/xampp/htdocs/next-stage-completo/next-stage/vendor/laravel/framework/src/Illuminate/Routing/Router.php(822): Illuminate/Routing/Route->run()
#16 C:/xampp/htdocs/next-stage-completo/next-stage/vendor/laravel/framework/src/Illuminate/Pipeline/Pipeline.php(180): Illuminate/Routing/Router->{closure:Illuminate/Routing/Router::runRouteWithinStack():821}()
#17 C:/xampp/htdocs/next-stage-completo/next-stage/app/Http/Middleware/VerificarToken.php(46): Illuminate/Pipeline/Pipeline->{closure:Illuminate/Pipeline/Pipeline::prepareDestination():178}()
#18 C:/xampp/htdocs/next-stage-completo/next-stage/vendor/laravel/framework/src/Illuminate/Pipeline/Pipeline.php(219): App/Http/Middleware/VerificarToken->handle()
#19 C:/xampp/htdocs/next-stage-completo/next-stage/vendor/laravel/framework/src/Illuminate/Routing/Middleware/SubstituteBindings.php(50): Illuminate/Pipeline/Pipeline->{closure:{closure:Illuminate/Pipeline/Pipeline::carry():194}:195}()
#20 C:/xampp/htdocs/next-stage-completo/next-stage/vendor/laravel/framework/src/Illuminate/Pipeline/Pipeline.php(219): Illuminate/Routing/Middleware/SubstituteBindings->handle()
#21 C:/xampp/htdocs/next-stage-completo/next-stage/vendor/laravel/framework/src/Illuminate/Pipeline/Pipeline.php(137): Illuminate/Pipeline/Pipeline->{closure:{closure:Illuminate/Pipeline/Pipeline::carry():194}:195}()
#22 C:/xampp/htdocs/next-stage-completo/next-stage/vendor/laravel/framework/src/Illuminate/Routing/Router.php(821): Illuminate/Pipeline/Pipeline->then()
#23 C:/xampp/htdocs/next-stage-completo/next-stage/vendor/laravel/framework/src/Illuminate/Routing/Router.php(800): Illuminate/Routing/Router->runRouteWithinStack()
#24 C:/xampp/htdocs/next-stage-completo/next-stage/vendor/laravel/framework/src/Illuminate/Routing/Router.php(764): Illuminate/Routing/Router->runRoute()
#25 C:/xampp/htdocs/next-stage-completo/next-stage/vendor/laravel/framework/src/Illuminate/Routing/Router.php(753): Illuminate/Routing/Router->dispatchToRoute()
#26 C:/xampp/htdocs/next-stage-completo/next-stage/vendor/laravel/framework/src/Illuminate/Foundation/Http/Kernel.php(200): Illuminate/Routing/Router->dispatch()
#27 C:/xampp/htdocs/next-stage-completo/next-stage/vendor/laravel/framework/src/Illuminate/Pipeline/Pipeline.php(180): Illuminate/Foundation/Http/Kernel->{closure:Illuminate/Foundation/Http/Kernel::dispatchToRouter():197}()
#28 C:/xampp/htdocs/next-stage-completo/next-stage/vendor/laravel/framework/src/Illuminate/Foundation/Http/Middleware/TransformsRequest.php(21): Illuminate/Pipeline/Pipeline->{closure:Illuminate/Pipeline/Pipeline::prepareDestination():178}()
#29 C:/xampp/htdocs/next-stage-completo/next-stage/vendor/laravel/framework/src/Illuminate/Foundation/Http/Middleware/ConvertEmptyStringsToNull.php(31): Illuminate/Foundation/Http/Middleware/TransformsRequest->handle()
#30 C:/xampp/htdocs/next-stage-completo/next-stage/vendor/laravel/framework/src/Illuminate/Pipeline/Pipeline.php(219): Illuminate/Foundation/Http/Middleware/ConvertEmptyStringsToNull->handle()
#31 C:/xampp/htdocs/next-stage-completo/next-stage/vendor/laravel/framework/src/Illuminate/Foundation/Http/Middleware/TransformsRequest.php(21): Illuminate/Pipeline/Pipeline->{closure:{closure:Illuminate/Pipeline/Pipeline::carry():194}:195}()
#32 C:/xampp/htdocs/next-stage-completo/next-stage/vendor/laravel/framework/src/Illuminate/Foundation/Http/Middleware/TrimStrings.php(51): Illuminate/Foundation/Http/Middleware/TransformsRequest->handle()
#33 C:/xampp/htdocs/next-stage-completo/next-stage/vendor/laravel/framework/src/Illuminate/Pipeline/Pipeline.php(219): Illuminate/Foundation/Http/Middleware/TrimStrings->handle()
#34 C:/xampp/htdocs/next-stage-completo/next-stage/vendor/laravel/framework/src/Illuminate/Http/Middleware/ValidatePostSize.php(27): Illuminate/Pipeline/Pipeline->{closure:{closure:Illuminate/Pipeline/Pipeline::carry():194}:195}()
#35 C:/xampp/htdocs/next-stage-completo/next-stage/vendor/laravel/framework/src/Illuminate/Pipeline/Pipeline.php(219): Illuminate/Http/Middleware/ValidatePostSize->handle()
#36 C:/xampp/htdocs/next-stage-completo/next-stage/vendor/laravel/framework/src/Illuminate/Foundation/Http/Middleware/PreventRequestsDuringMaintenance.php(109): Illuminate/Pipeline/Pipeline->{closure:{closure:Illuminate/Pipeline/Pipeline::carry():194}:195}()
#37 C:/xampp/htdocs/next-stage-completo/next-stage/vendor/laravel/framework/src/Illuminate/Pipeline/Pipeline.php(219): Illuminate/Foundation/Http/Middleware/PreventRequestsDuringMaintenance->handle()
#38 C:/xampp/htdocs/next-stage-completo/next-stage/vendor/laravel/framework/src/Illuminate/Http/Middleware/HandleCors.php(74): Illuminate/Pipeline/Pipeline->{closure:{closure:Illuminate/Pipeline/Pipeline::carry():194}:195}()
#39 C:/xampp/htdocs/next-stage-completo/next-stage/vendor/laravel/framework/src/Illuminate/Pipeline/Pipeline.php(219): Illuminate/Http/Middleware/HandleCors->handle()
#40 C:/xampp/htdocs/next-stage-completo/next-stage/vendor/laravel/framework/src/Illuminate/Http/Middleware/TrustProxies.php(58): Illuminate/Pipeline/Pipeline->{closure:{closure:Illuminate/Pipeline/Pipeline::carry():194}:195}()
#41 C:/xampp/htdocs/next-stage-completo/next-stage/vendor/laravel/framework/src/Illuminate/Pipeline/Pipeline.php(219): Illuminate/Http/Middleware/TrustProxies->handle()
#42 C:/xampp/htdocs/next-stage-completo/next-stage/vendor/laravel/framework/src/Illuminate/Foundation/Http/Middleware/InvokeDeferredCallbacks.php(22): Illuminate/Pipeline/Pipeline->{closure:{closure:Illuminate/Pipeline/Pipeline::carry():194}:195}()
#43 C:/xampp/htdocs/next-stage-completo/next-stage/vendor/laravel/framework/src/Illuminate/Pipeline/Pipeline.php(219): Illuminate/Foundation/Http/Middleware/InvokeDeferredCallbacks->handle()
#44 C:/xampp/htdocs/next-stage-completo/next-stage/vendor/laravel/framework/src/Illuminate/Http/Middleware/ValidatePathEncoding.php(26): Illuminate/Pipeline/Pipeline->{closure:{closure:Illuminate/Pipeline/Pipeline::carry():194}:195}()
#45 C:/xampp/htdocs/next-stage-completo/next-stage/vendor/laravel/framework/src/Illuminate/Pipeline/Pipeline.php(219): Illuminate/Http/Middleware/ValidatePathEncoding->handle()
#46 C:/xampp/htdocs/next-stage-completo/next-stage/vendor/laravel/framework/src/Illuminate/Pipeline/Pipeline.php(137): Illuminate/Pipeline/Pipeline->{closure:{closure:Illuminate/Pipeline/Pipeline::carry():194}:195}()
#47 C:/xampp/htdocs/next-stage-completo/next-stage/vendor/laravel/framework/src/Illuminate/Foundation/Http/Kernel.php(175): Illuminate/Pipeline/Pipeline->then()
#48 C:/xampp/htdocs/next-stage-completo/next-stage/vendor/laravel/framework/src/Illuminate/Foundation/Http/Kernel.php(144): Illuminate/Foundation/Http/Kernel->sendRequestThroughRouter()
#49 C:/xampp/htdocs/next-stage-completo/next-stage/vendor/laravel/framework/src/Illuminate/Foundation/Application.php(1220): Illuminate/Foundation/Http/Kernel->handle()
#50 C:/xampp/htdocs/next-stage-completo/next-stage/public/index.php(17): Illuminate/Foundation/Application->handleRequest()
#51 C:/xampp/htdocs/next-stage-completo/next-stage/vendor/laravel/framework/src/Illuminate/Foundation/resources/server.php(23): require_once('...')
#52 {main}
"} 
[2026-04-09 21:57:18] local.ERROR: SQLSTATE[42S02]: Base table or view not found: 1146 Table 'proximo_estagio.prazo_aluno' doesn't exist (Connection: mysql, Host: 127.0.0.1, Port: 3306, Database: proximo_estagio, SQL: select `t`.`idtipo`, `t`.`nome` as `tipo`, `t`.`intervalo_dias`, `pa`.`dataLimite`, (
                    SELECT d2.dataEmissao
                    FROM documento d2
                    JOIN tipo t2 ON t2.idtipo = d2.tipo_idtipo
                    WHERE d2.aluno_idaluno = 1
                      AND t2.ordem = (t.ordem - 1)
                    ORDER BY d2.iddocumento DESC
                    LIMIT 1
                ) as dataEnvioAnterior from `tipo` as `t` left join `prazo_aluno` as `pa` on `pa`.`tipo_idtipo` = `t`.`idtipo` and `pa`.`aluno_idaluno` = 1 where `t`.`ativo` = 1 order by `t`.`ordem` asc) {"exception":"[object] (Illuminate\\Database\\QueryException(code: 42S02): SQLSTATE[42S02]: Base table or view not found: 1146 Table 'proximo_estagio.prazo_aluno' doesn't exist (Connection: mysql, Host: 127.0.0.1, Port: 3306, Database: proximo_estagio, SQL: select `t`.`idtipo`, `t`.`nome` as `tipo`, `t`.`intervalo_dias`, `pa`.`dataLimite`, (
                    SELECT d2.dataEmissao
                    FROM documento d2
                    JOIN tipo t2 ON t2.idtipo = d2.tipo_idtipo
                    WHERE d2.aluno_idaluno = 1
                      AND t2.ordem = (t.ordem - 1)
                    ORDER BY d2.iddocumento DESC
                    LIMIT 1
                ) as dataEnvioAnterior from `tipo` as `t` left join `prazo_aluno` as `pa` on `pa`.`tipo_idtipo` = `t`.`idtipo` and `pa`.`aluno_idaluno` = 1 where `t`.`ativo` = 1 order by `t`.`ordem` asc) at C:/xampp/htdocs/next-stage-completo/next-stage/vendor/laravel/framework/src/Illuminate/Database/Connection.php:838)
[stacktrace]
#0 C:/xampp/htdocs/next-stage-completo/next-stage/vendor/laravel/framework/src/Illuminate/Database/Connection.php(794): Illuminate/Database/Connection->runQueryCallback()
#1 C:/xampp/htdocs/next-stage-completo/next-stage/vendor/laravel/framework/src/Illuminate/Database/Connection.php(411): Illuminate/Database/Connection->run()
#2 C:/xampp/htdocs/next-stage-completo/next-stage/vendor/laravel/framework/src/Illuminate/Database/Query/Builder.php(3505): Illuminate/Database/Connection->select()
#3 C:/xampp/htdocs/next-stage-completo/next-stage/vendor/laravel/framework/src/Illuminate/Database/Query/Builder.php(3490): Illuminate/Database/Query/Builder->runSelect()
#4 C:/xampp/htdocs/next-stage-completo/next-stage/vendor/laravel/framework/src/Illuminate/Database/Query/Builder.php(4080): Illuminate/Database/Query/Builder->{closure:Illuminate/Database/Query/Builder::get():3489}()
#5 C:/xampp/htdocs/next-stage-completo/next-stage/vendor/laravel/framework/src/Illuminate/Database/Query/Builder.php(3489): Illuminate/Database/Query/Builder->onceWithColumns()
#6 C:/xampp/htdocs/next-stage-completo/next-stage/app/Features/Aluno/Services/AlunoService.php(88): Illuminate/Database/Query/Builder->get()
#7 C:/xampp/htdocs/next-stage-completo/next-stage/app/Features/Aluno/Services/AlunoService.php(54): App/Features/Aluno/Services/AlunoService->calcularPrazos()
#8 C:/xampp/htdocs/next-stage-completo/next-stage/app/Features/Aluno/Controllers/AlunoController.php(21): App/Features/Aluno/Services/AlunoService->listarDocumentos()
#9 C:/xampp/htdocs/next-stage-completo/next-stage/vendor/laravel/framework/src/Illuminate/Routing/Controller.php(54): App/Features/Aluno/Controllers/AlunoController->listarDocumentos()
#10 C:/xampp/htdocs/next-stage-completo/next-stage/vendor/laravel/framework/src/Illuminate/Routing/ControllerDispatcher.php(43): Illuminate/Routing/Controller->callAction()
#11 C:/xampp/htdocs/next-stage-completo/next-stage/vendor/laravel/framework/src/Illuminate/Routing/Route.php(265): Illuminate/Routing/ControllerDispatcher->dispatch()
#12 C:/xampp/htdocs/next-stage-completo/next-stage/vendor/laravel/framework/src/Illuminate/Routing/Route.php(211): Illuminate/Routing/Route->runController()
#13 C:/xampp/htdocs/next-stage-completo/next-stage/vendor/laravel/framework/src/Illuminate/Routing/Router.php(822): Illuminate/Routing/Route->run()
#14 C:/xampp/htdocs/next-stage-completo/next-stage/vendor/laravel/framework/src/Illuminate/Pipeline/Pipeline.php(180): Illuminate/Routing/Router->{closure:Illuminate/Routing/Router::runRouteWithinStack():821}()
#15 C:/xampp/htdocs/next-stage-completo/next-stage/app/Http/Middleware/VerificarToken.php(46): Illuminate/Pipeline/Pipeline->{closure:Illuminate/Pipeline/Pipeline::prepareDestination():178}()
#16 C:/xampp/htdocs/next-stage-completo/next-stage/vendor/laravel/framework/src/Illuminate/Pipeline/Pipeline.php(219): App/Http/Middleware/VerificarToken->handle()
#17 C:/xampp/htdocs/next-stage-completo/next-stage/vendor/laravel/framework/src/Illuminate/Routing/Middleware/SubstituteBindings.php(50): Illuminate/Pipeline/Pipeline->{closure:{closure:Illuminate/Pipeline/Pipeline::carry():194}:195}()
#18 C:/xampp/htdocs/next-stage-completo/next-stage/vendor/laravel/framework/src/Illuminate/Pipeline/Pipeline.php(219): Illuminate/Routing/Middleware/SubstituteBindings->handle()
#19 C:/xampp/htdocs/next-stage-completo/next-stage/vendor/laravel/framework/src/Illuminate/Pipeline/Pipeline.php(137): Illuminate/Pipeline/Pipeline->{closure:{closure:Illuminate/Pipeline/Pipeline::carry():194}:195}()
#20 C:/xampp/htdocs/next-stage-completo/next-stage/vendor/laravel/framework/src/Illuminate/Routing/Router.php(821): Illuminate/Pipeline/Pipeline->then()
#21 C:/xampp/htdocs/next-stage-completo/next-stage/vendor/laravel/framework/src/Illuminate/Routing/Router.php(800): Illuminate/Routing/Router->runRouteWithinStack()
#22 C:/xampp/htdocs/next-stage-completo/next-stage/vendor/laravel/framework/src/Illuminate/Routing/Router.php(764): Illuminate/Routing/Router->runRoute()
#23 C:/xampp/htdocs/next-stage-completo/next-stage/vendor/laravel/framework/src/Illuminate/Routing/Router.php(753): Illuminate/Routing/Router->dispatchToRoute()
#24 C:/xampp/htdocs/next-stage-completo/next-stage/vendor/laravel/framework/src/Illuminate/Foundation/Http/Kernel.php(200): Illuminate/Routing/Router->dispatch()
#25 C:/xampp/htdocs/next-stage-completo/next-stage/vendor/laravel/framework/src/Illuminate/Pipeline/Pipeline.php(180): Illuminate/Foundation/Http/Kernel->{closure:Illuminate/Foundation/Http/Kernel::dispatchToRouter():197}()
#26 C:/xampp/htdocs/next-stage-completo/next-stage/vendor/laravel/framework/src/Illuminate/Foundation/Http/Middleware/TransformsRequest.php(21): Illuminate/Pipeline/Pipeline->{closure:Illuminate/Pipeline/Pipeline::prepareDestination():178}()
#27 C:/xampp/htdocs/next-stage-completo/next-stage/vendor/laravel/framework/src/Illuminate/Foundation/Http/Middleware/ConvertEmptyStringsToNull.php(31): Illuminate/Foundation/Http/Middleware/TransformsRequest->handle()
#28 C:/xampp/htdocs/next-stage-completo/next-stage/vendor/laravel/framework/src/Illuminate/Pipeline/Pipeline.php(219): Illuminate/Foundation/Http/Middleware/ConvertEmptyStringsToNull->handle()
#29 C:/xampp/htdocs/next-stage-completo/next-stage/vendor/laravel/framework/src/Illuminate/Foundation/Http/Middleware/TransformsRequest.php(21): Illuminate/Pipeline/Pipeline->{closure:{closure:Illuminate/Pipeline/Pipeline::carry():194}:195}()
#30 C:/xampp/htdocs/next-stage-completo/next-stage/vendor/laravel/framework/src/Illuminate/Foundation/Http/Middleware/TrimStrings.php(51): Illuminate/Foundation/Http/Middleware/TransformsRequest->handle()
#31 C:/xampp/htdocs/next-stage-completo/next-stage/vendor/laravel/framework/src/Illuminate/Pipeline/Pipeline.php(219): Illuminate/Foundation/Http/Middleware/TrimStrings->handle()
#32 C:/xampp/htdocs/next-stage-completo/next-stage/vendor/laravel/framework/src/Illuminate/Http/Middleware/ValidatePostSize.php(27): Illuminate/Pipeline/Pipeline->{closure:{closure:Illuminate/Pipeline/Pipeline::carry():194}:195}()
#33 C:/xampp/htdocs/next-stage-completo/next-stage/vendor/laravel/framework/src/Illuminate/Pipeline/Pipeline.php(219): Illuminate/Http/Middleware/ValidatePostSize->handle()
#34 C:/xampp/htdocs/next-stage-completo/next-stage/vendor/laravel/framework/src/Illuminate/Foundation/Http/Middleware/PreventRequestsDuringMaintenance.php(109): Illuminate/Pipeline/Pipeline->{closure:{closure:Illuminate/Pipeline/Pipeline::carry():194}:195}()
#35 C:/xampp/htdocs/next-stage-completo/next-stage/vendor/laravel/framework/src/Illuminate/Pipeline/Pipeline.php(219): Illuminate/Foundation/Http/Middleware/PreventRequestsDuringMaintenance->handle()
#36 C:/xampp/htdocs/next-stage-completo/next-stage/vendor/laravel/framework/src/Illuminate/Http/Middleware/HandleCors.php(74): Illuminate/Pipeline/Pipeline->{closure:{closure:Illuminate/Pipeline/Pipeline::carry():194}:195}()
#37 C:/xampp/htdocs/next-stage-completo/next-stage/vendor/laravel/framework/src/Illuminate/Pipeline/Pipeline.php(219): Illuminate/Http/Middleware/HandleCors->handle()
#38 C:/xampp/htdocs/next-stage-completo/next-stage/vendor/laravel/framework/src/Illuminate/Http/Middleware/TrustProxies.php(58): Illuminate/Pipeline/Pipeline->{closure:{closure:Illuminate/Pipeline/Pipeline::carry():194}:195}()
#39 C:/xampp/htdocs/next-stage-completo/next-stage/vendor/laravel/framework/src/Illuminate/Pipeline/Pipeline.php(219): Illuminate/Http/Middleware/TrustProxies->handle()
#40 C:/xampp/htdocs/next-stage-completo/next-stage/vendor/laravel/framework/src/Illuminate/Foundation/Http/Middleware/InvokeDeferredCallbacks.php(22): Illuminate/Pipeline/Pipeline->{closure:{closure:Illuminate/Pipeline/Pipeline::carry():194}:195}()
#41 C:/xampp/htdocs/next-stage-completo/next-stage/vendor/laravel/framework/src/Illuminate/Pipeline/Pipeline.php(219): Illuminate/Foundation/Http/Middleware/InvokeDeferredCallbacks->handle()
#42 C:/xampp/htdocs/next-stage-completo/next-stage/vendor/laravel/framework/src/Illuminate/Http/Middleware/ValidatePathEncoding.php(26): Illuminate/Pipeline/Pipeline->{closure:{closure:Illuminate/Pipeline/Pipeline::carry():194}:195}()
#43 C:/xampp/htdocs/next-stage-completo/next-stage/vendor/laravel/framework/src/Illuminate/Pipeline/Pipeline.php(219): Illuminate/Http/Middleware/ValidatePathEncoding->handle()
#44 C:/xampp/htdocs/next-stage-completo/next-stage/vendor/laravel/framework/src/Illuminate/Pipeline/Pipeline.php(137): Illuminate/Pipeline/Pipeline->{closure:{closure:Illuminate/Pipeline/Pipeline::carry():194}:195}()
#45 C:/xampp/htdocs/next-stage-completo/next-stage/vendor/laravel/framework/src/Illuminate/Foundation/Http/Kernel.php(175): Illuminate/Pipeline/Pipeline->then()
#46 C:/xampp/htdocs/next-stage-completo/next-stage/vendor/laravel/framework/src/Illuminate/Foundation/Http/Kernel.php(144): Illuminate/Foundation/Http/Kernel->sendRequestThroughRouter()
#47 C:/xampp/htdocs/next-stage-completo/next-stage/vendor/laravel/framework/src/Illuminate/Foundation/Application.php(1220): Illuminate/Foundation/Http/Kernel->handle()
#48 C:/xampp/htdocs/next-stage-completo/next-stage/public/index.php(17): Illuminate/Foundation/Application->handleRequest()
#49 C:/xampp/htdocs/next-stage-completo/next-stage/vendor/laravel/framework/src/Illuminate/Foundation/resources/server.php(23): require_once('...')
#50 {main}

[previous exception] [object] (PDOException(code: 42S02): SQLSTATE[42S02]: Base table or view not found: 1146 Table 'proximo_estagio.prazo_aluno' doesn't exist at C:/xampp/htdocs/next-stage-completo/next-stage/vendor/laravel/framework/src/Illuminate/Database/Connection.php:420)
[stacktrace]
#0 C:/xampp/htdocs/next-stage-completo/next-stage/vendor/laravel/framework/src/Illuminate/Database/Connection.php(420): PDO->prepare()
#1 C:/xampp/htdocs/next-stage-completo/next-stage/vendor/laravel/framework/src/Illuminate/Database/Connection.php(827): Illuminate/Database/Connection->{closure:Illuminate/Database/Connection::select():411}()
#2 C:/xampp/htdocs/next-stage-completo/next-stage/vendor/laravel/framework/src/Illuminate/Database/Connection.php(794): Illuminate/Database/Connection->runQueryCallback()
#3 C:/xampp/htdocs/next-stage-completo/next-stage/vendor/laravel/framework/src/Illuminate/Database/Connection.php(411): Illuminate/Database/Connection->run()
#4 C:/xampp/htdocs/next-stage-completo/next-stage/vendor/laravel/framework/src/Illuminate/Database/Query/Builder.php(3505): Illuminate/Database/Connection->select()
#5 C:/xampp/htdocs/next-stage-completo/next-stage/vendor/laravel/framework/src/Illuminate/Database/Query/Builder.php(3490): Illuminate/Database/Query/Builder->runSelect()
#6 C:/xampp/htdocs/next-stage-completo/next-stage/vendor/laravel/framework/src/Illuminate/Database/Query/Builder.php(4080): Illuminate/Database/Query/Builder->{closure:Illuminate/Database/Query/Builder::get():3489}()
#7 C:/xampp/htdocs/next-stage-completo/next-stage/vendor/laravel/framework/src/Illuminate/Database/Query/Builder.php(3489): Illuminate/Database/Query/Builder->onceWithColumns()
#8 C:/xampp/htdocs/next-stage-completo/next-stage/app/Features/Aluno/Services/AlunoService.php(88): Illuminate/Database/Query/Builder->get()
#9 C:/xampp/htdocs/next-stage-completo/next-stage/app/Features/Aluno/Services/AlunoService.php(54): App/Features/Aluno/Services/AlunoService->calcularPrazos()
#10 C:/xampp/htdocs/next-stage-completo/next-stage/app/Features/Aluno/Controllers/AlunoController.php(21): App/Features/Aluno/Services/AlunoService->listarDocumentos()
#11 C:/xampp/htdocs/next-stage-completo/next-stage/vendor/laravel/framework/src/Illuminate/Routing/Controller.php(54): App/Features/Aluno/Controllers/AlunoController->listarDocumentos()
#12 C:/xampp/htdocs/next-stage-completo/next-stage/vendor/laravel/framework/src/Illuminate/Routing/ControllerDispatcher.php(43): Illuminate/Routing/Controller->callAction()
#13 C:/xampp/htdocs/next-stage-completo/next-stage/vendor/laravel/framework/src/Illuminate/Routing/Route.php(265): Illuminate/Routing/ControllerDispatcher->dispatch()
#14 C:/xampp/htdocs/next-stage-completo/next-stage/vendor/laravel/framework/src/Illuminate/Routing/Route.php(211): Illuminate/Routing/Route->runController()
#15 C:/xampp/htdocs/next-stage-completo/next-stage/vendor/laravel/framework/src/Illuminate/Routing/Router.php(822): Illuminate/Routing/Route->run()
#16 C:/xampp/htdocs/next-stage-completo/next-stage/vendor/laravel/framework/src/Illuminate/Pipeline/Pipeline.php(180): Illuminate/Routing/Router->{closure:Illuminate/Routing/Router::runRouteWithinStack():821}()
#17 C:/xampp/htdocs/next-stage-completo/next-stage/app/Http/Middleware/VerificarToken.php(46): Illuminate/Pipeline/Pipeline->{closure:Illuminate/Pipeline/Pipeline::prepareDestination():178}()
#18 C:/xampp/htdocs/next-stage-completo/next-stage/vendor/laravel/framework/src/Illuminate/Pipeline/Pipeline.php(219): App/Http/Middleware/VerificarToken->handle()
#19 C:/xampp/htdocs/next-stage-completo/next-stage/vendor/laravel/framework/src/Illuminate/Routing/Middleware/SubstituteBindings.php(50): Illuminate/Pipeline/Pipeline->{closure:{closure:Illuminate/Pipeline/Pipeline::carry():194}:195}()
#20 C:/xampp/htdocs/next-stage-completo/next-stage/vendor/laravel/framework/src/Illuminate/Pipeline/Pipeline.php(219): Illuminate/Routing/Middleware/SubstituteBindings->handle()
#21 C:/xampp/htdocs/next-stage-completo/next-stage/vendor/laravel/framework/src/Illuminate/Pipeline/Pipeline.php(137): Illuminate/Pipeline/Pipeline->{closure:{closure:Illuminate/Pipeline/Pipeline::carry():194}:195}()
#22 C:/xampp/htdocs/next-stage-completo/next-stage/vendor/laravel/framework/src/Illuminate/Routing/Router.php(821): Illuminate/Pipeline/Pipeline->then()
#23 C:/xampp/htdocs/next-stage-completo/next-stage/vendor/laravel/framework/src/Illuminate/Routing/Router.php(800): Illuminate/Routing/Router->runRouteWithinStack()
#24 C:/xampp/htdocs/next-stage-completo/next-stage/vendor/laravel/framework/src/Illuminate/Routing/Router.php(764): Illuminate/Routing/Router->runRoute()
#25 C:/xampp/htdocs/next-stage-completo/next-stage/vendor/laravel/framework/src/Illuminate/Routing/Router.php(753): Illuminate/Routing/Router->dispatchToRoute()
#26 C:/xampp/htdocs/next-stage-completo/next-stage/vendor/laravel/framework/src/Illuminate/Foundation/Http/Kernel.php(200): Illuminate/Routing/Router->dispatch()
#27 C:/xampp/htdocs/next-stage-completo/next-stage/vendor/laravel/framework/src/Illuminate/Pipeline/Pipeline.php(180): Illuminate/Foundation/Http/Kernel->{closure:Illuminate/Foundation/Http/Kernel::dispatchToRouter():197}()
#28 C:/xampp/htdocs/next-stage-completo/next-stage/vendor/laravel/framework/src/Illuminate/Foundation/Http/Middleware/TransformsRequest.php(21): Illuminate/Pipeline/Pipeline->{closure:Illuminate/Pipeline/Pipeline::prepareDestination():178}()
#29 C:/xampp/htdocs/next-stage-completo/next-stage/vendor/laravel/framework/src/Illuminate/Foundation/Http/Middleware/ConvertEmptyStringsToNull.php(31): Illuminate/Foundation/Http/Middleware/TransformsRequest->handle()
#30 C:/xampp/htdocs/next-stage-completo/next-stage/vendor/laravel/framework/src/Illuminate/Pipeline/Pipeline.php(219): Illuminate/Foundation/Http/Middleware/ConvertEmptyStringsToNull->handle()
#31 C:/xampp/htdocs/next-stage-completo/next-stage/vendor/laravel/framework/src/Illuminate/Foundation/Http/Middleware/TransformsRequest.php(21): Illuminate/Pipeline/Pipeline->{closure:{closure:Illuminate/Pipeline/Pipeline::carry():194}:195}()
#32 C:/xampp/htdocs/next-stage-completo/next-stage/vendor/laravel/framework/src/Illuminate/Foundation/Http/Middleware/TrimStrings.php(51): Illuminate/Foundation/Http/Middleware/TransformsRequest->handle()
#33 C:/xampp/htdocs/next-stage-completo/next-stage/vendor/laravel/framework/src/Illuminate/Pipeline/Pipeline.php(219): Illuminate/Foundation/Http/Middleware/TrimStrings->handle()
#34 C:/xampp/htdocs/next-stage-completo/next-stage/vendor/laravel/framework/src/Illuminate/Http/Middleware/ValidatePostSize.php(27): Illuminate/Pipeline/Pipeline->{closure:{closure:Illuminate/Pipeline/Pipeline::carry():194}:195}()
#35 C:/xampp/htdocs/next-stage-completo/next-stage/vendor/laravel/framework/src/Illuminate/Pipeline/Pipeline.php(219): Illuminate/Http/Middleware/ValidatePostSize->handle()
#36 C:/xampp/htdocs/next-stage-completo/next-stage/vendor/laravel/framework/src/Illuminate/Foundation/Http/Middleware/PreventRequestsDuringMaintenance.php(109): Illuminate/Pipeline/Pipeline->{closure:{closure:Illuminate/Pipeline/Pipeline::carry():194}:195}()
#37 C:/xampp/htdocs/next-stage-completo/next-stage/vendor/laravel/framework/src/Illuminate/Pipeline/Pipeline.php(219): Illuminate/Foundation/Http/Middleware/PreventRequestsDuringMaintenance->handle()
#38 C:/xampp/htdocs/next-stage-completo/next-stage/vendor/laravel/framework/src/Illuminate/Http/Middleware/HandleCors.php(74): Illuminate/Pipeline/Pipeline->{closure:{closure:Illuminate/Pipeline/Pipeline::carry():194}:195}()
#39 C:/xampp/htdocs/next-stage-completo/next-stage/vendor/laravel/framework/src/Illuminate/Pipeline/Pipeline.php(219): Illuminate/Http/Middleware/HandleCors->handle()
#40 C:/xampp/htdocs/next-stage-completo/next-stage/vendor/laravel/framework/src/Illuminate/Http/Middleware/TrustProxies.php(58): Illuminate/Pipeline/Pipeline->{closure:{closure:Illuminate/Pipeline/Pipeline::carry():194}:195}()
#41 C:/xampp/htdocs/next-stage-completo/next-stage/vendor/laravel/framework/src/Illuminate/Pipeline/Pipeline.php(219): Illuminate/Http/Middleware/TrustProxies->handle()
#42 C:/xampp/htdocs/next-stage-completo/next-stage/vendor/laravel/framework/src/Illuminate/Foundation/Http/Middleware/InvokeDeferredCallbacks.php(22): Illuminate/Pipeline/Pipeline->{closure:{closure:Illuminate/Pipeline/Pipeline::carry():194}:195}()
#43 C:/xampp/htdocs/next-stage-completo/next-stage/vendor/laravel/framework/src/Illuminate/Pipeline/Pipeline.php(219): Illuminate/Foundation/Http/Middleware/InvokeDeferredCallbacks->handle()
#44 C:/xampp/htdocs/next-stage-completo/next-stage/vendor/laravel/framework/src/Illuminate/Http/Middleware/ValidatePathEncoding.php(26): Illuminate/Pipeline/Pipeline->{closure:{closure:Illuminate/Pipeline/Pipeline::carry():194}:195}()
#45 C:/xampp/htdocs/next-stage-completo/next-stage/vendor/laravel/framework/src/Illuminate/Pipeline/Pipeline.php(219): Illuminate/Http/Middleware/ValidatePathEncoding->handle()
#46 C:/xampp/htdocs/next-stage-completo/next-stage/vendor/laravel/framework/src/Illuminate/Pipeline/Pipeline.php(137): Illuminate/Pipeline/Pipeline->{closure:{closure:Illuminate/Pipeline/Pipeline::carry():194}:195}()
#47 C:/xampp/htdocs/next-stage-completo/next-stage/vendor/laravel/framework/src/Illuminate/Foundation/Http/Kernel.php(175): Illuminate/Pipeline/Pipeline->then()
#48 C:/xampp/htdocs/next-stage-completo/next-stage/vendor/laravel/framework/src/Illuminate/Foundation/Http/Kernel.php(144): Illuminate/Foundation/Http/Kernel->sendRequestThroughRouter()
#49 C:/xampp/htdocs/next-stage-completo/next-stage/vendor/laravel/framework/src/Illuminate/Foundation/Application.php(1220): Illuminate/Foundation/Http/Kernel->handle()
#50 C:/xampp/htdocs/next-stage-completo/next-stage/public/index.php(17): Illuminate/Foundation/Application->handleRequest()
#51 C:/xampp/htdocs/next-stage-completo/next-stage/vendor/laravel/framework/src/Illuminate/Foundation/resources/server.php(23): require_once('...')
#52 {main}
"} 
[2026-04-09 21:59:22] local.ERROR: SQLSTATE[42S02]: Base table or view not found: 1146 Table 'proximo_estagio.prazo_aluno' doesn't exist (Connection: mysql, Host: 127.0.0.1, Port: 3306, Database: proximo_estagio, SQL: select `t`.`idtipo`, `t`.`nome` as `tipo`, `t`.`intervalo_dias`, `pa`.`dataLimite`, (
                    SELECT d2.dataEmissao
                    FROM documento d2
                    JOIN tipo t2 ON t2.idtipo = d2.tipo_idtipo
                    WHERE d2.aluno_idaluno = 1
                      AND t2.ordem = (t.ordem - 1)
                    ORDER BY d2.iddocumento DESC
                    LIMIT 1
                ) as dataEnvioAnterior from `tipo` as `t` left join `prazo_aluno` as `pa` on `pa`.`tipo_idtipo` = `t`.`idtipo` and `pa`.`aluno_idaluno` = 1 where `t`.`ativo` = 1 order by `t`.`ordem` asc) {"exception":"[object] (Illuminate\\Database\\QueryException(code: 42S02): SQLSTATE[42S02]: Base table or view not found: 1146 Table 'proximo_estagio.prazo_aluno' doesn't exist (Connection: mysql, Host: 127.0.0.1, Port: 3306, Database: proximo_estagio, SQL: select `t`.`idtipo`, `t`.`nome` as `tipo`, `t`.`intervalo_dias`, `pa`.`dataLimite`, (
                    SELECT d2.dataEmissao
                    FROM documento d2
                    JOIN tipo t2 ON t2.idtipo = d2.tipo_idtipo
                    WHERE d2.aluno_idaluno = 1
                      AND t2.ordem = (t.ordem - 1)
                    ORDER BY d2.iddocumento DESC
                    LIMIT 1
                ) as dataEnvioAnterior from `tipo` as `t` left join `prazo_aluno` as `pa` on `pa`.`tipo_idtipo` = `t`.`idtipo` and `pa`.`aluno_idaluno` = 1 where `t`.`ativo` = 1 order by `t`.`ordem` asc) at C:/xampp/htdocs/next-stage-completo/next-stage/vendor/laravel/framework/src/Illuminate/Database/Connection.php:838)
[stacktrace]
#0 C:/xampp/htdocs/next-stage-completo/next-stage/vendor/laravel/framework/src/Illuminate/Database/Connection.php(794): Illuminate/Database/Connection->runQueryCallback()
#1 C:/xampp/htdocs/next-stage-completo/next-stage/vendor/laravel/framework/src/Illuminate/Database/Connection.php(411): Illuminate/Database/Connection->run()
#2 C:/xampp/htdocs/next-stage-completo/next-stage/vendor/laravel/framework/src/Illuminate/Database/Query/Builder.php(3505): Illuminate/Database/Connection->select()
#3 C:/xampp/htdocs/next-stage-completo/next-stage/vendor/laravel/framework/src/Illuminate/Database/Query/Builder.php(3490): Illuminate/Database/Query/Builder->runSelect()
#4 C:/xampp/htdocs/next-stage-completo/next-stage/vendor/laravel/framework/src/Illuminate/Database/Query/Builder.php(4080): Illuminate/Database/Query/Builder->{closure:Illuminate/Database/Query/Builder::get():3489}()
#5 C:/xampp/htdocs/next-stage-completo/next-stage/vendor/laravel/framework/src/Illuminate/Database/Query/Builder.php(3489): Illuminate/Database/Query/Builder->onceWithColumns()
#6 C:/xampp/htdocs/next-stage-completo/next-stage/app/Features/Aluno/Services/AlunoService.php(88): Illuminate/Database/Query/Builder->get()
#7 C:/xampp/htdocs/next-stage-completo/next-stage/app/Features/Aluno/Services/AlunoService.php(54): App/Features/Aluno/Services/AlunoService->calcularPrazos()
#8 C:/xampp/htdocs/next-stage-completo/next-stage/app/Features/Aluno/Controllers/AlunoController.php(21): App/Features/Aluno/Services/AlunoService->listarDocumentos()
#9 C:/xampp/htdocs/next-stage-completo/next-stage/vendor/laravel/framework/src/Illuminate/Routing/Controller.php(54): App/Features/Aluno/Controllers/AlunoController->listarDocumentos()
#10 C:/xampp/htdocs/next-stage-completo/next-stage/vendor/laravel/framework/src/Illuminate/Routing/ControllerDispatcher.php(43): Illuminate/Routing/Controller->callAction()
#11 C:/xampp/htdocs/next-stage-completo/next-stage/vendor/laravel/framework/src/Illuminate/Routing/Route.php(265): Illuminate/Routing/ControllerDispatcher->dispatch()
#12 C:/xampp/htdocs/next-stage-completo/next-stage/vendor/laravel/framework/src/Illuminate/Routing/Route.php(211): Illuminate/Routing/Route->runController()
#13 C:/xampp/htdocs/next-stage-completo/next-stage/vendor/laravel/framework/src/Illuminate/Routing/Router.php(822): Illuminate/Routing/Route->run()
#14 C:/xampp/htdocs/next-stage-completo/next-stage/vendor/laravel/framework/src/Illuminate/Pipeline/Pipeline.php(180): Illuminate/Routing/Router->{closure:Illuminate/Routing/Router::runRouteWithinStack():821}()
#15 C:/xampp/htdocs/next-stage-completo/next-stage/app/Http/Middleware/VerificarToken.php(46): Illuminate/Pipeline/Pipeline->{closure:Illuminate/Pipeline/Pipeline::prepareDestination():178}()
#16 C:/xampp/htdocs/next-stage-completo/next-stage/vendor/laravel/framework/src/Illuminate/Pipeline/Pipeline.php(219): App/Http/Middleware/VerificarToken->handle()
#17 C:/xampp/htdocs/next-stage-completo/next-stage/vendor/laravel/framework/src/Illuminate/Routing/Middleware/SubstituteBindings.php(50): Illuminate/Pipeline/Pipeline->{closure:{closure:Illuminate/Pipeline/Pipeline::carry():194}:195}()
#18 C:/xampp/htdocs/next-stage-completo/next-stage/vendor/laravel/framework/src/Illuminate/Pipeline/Pipeline.php(219): Illuminate/Routing/Middleware/SubstituteBindings->handle()
#19 C:/xampp/htdocs/next-stage-completo/next-stage/vendor/laravel/framework/src/Illuminate/Pipeline/Pipeline.php(137): Illuminate/Pipeline/Pipeline->{closure:{closure:Illuminate/Pipeline/Pipeline::carry():194}:195}()
#20 C:/xampp/htdocs/next-stage-completo/next-stage/vendor/laravel/framework/src/Illuminate/Routing/Router.php(821): Illuminate/Pipeline/Pipeline->then()
#21 C:/xampp/htdocs/next-stage-completo/next-stage/vendor/laravel/framework/src/Illuminate/Routing/Router.php(800): Illuminate/Routing/Router->runRouteWithinStack()
#22 C:/xampp/htdocs/next-stage-completo/next-stage/vendor/laravel/framework/src/Illuminate/Routing/Router.php(764): Illuminate/Routing/Router->runRoute()
#23 C:/xampp/htdocs/next-stage-completo/next-stage/vendor/laravel/framework/src/Illuminate/Routing/Router.php(753): Illuminate/Routing/Router->dispatchToRoute()
#24 C:/xampp/htdocs/next-stage-completo/next-stage/vendor/laravel/framework/src/Illuminate/Foundation/Http/Kernel.php(200): Illuminate/Routing/Router->dispatch()
#25 C:/xampp/htdocs/next-stage-completo/next-stage/vendor/laravel/framework/src/Illuminate/Pipeline/Pipeline.php(180): Illuminate/Foundation/Http/Kernel->{closure:Illuminate/Foundation/Http/Kernel::dispatchToRouter():197}()
#26 C:/xampp/htdocs/next-stage-completo/next-stage/vendor/laravel/framework/src/Illuminate/Foundation/Http/Middleware/TransformsRequest.php(21): Illuminate/Pipeline/Pipeline->{closure:Illuminate/Pipeline/Pipeline::prepareDestination():178}()
#27 C:/xampp/htdocs/next-stage-completo/next-stage/vendor/laravel/framework/src/Illuminate/Foundation/Http/Middleware/ConvertEmptyStringsToNull.php(31): Illuminate/Foundation/Http/Middleware/TransformsRequest->handle()
#28 C:/xampp/htdocs/next-stage-completo/next-stage/vendor/laravel/framework/src/Illuminate/Pipeline/Pipeline.php(219): Illuminate/Foundation/Http/Middleware/ConvertEmptyStringsToNull->handle()
#29 C:/xampp/htdocs/next-stage-completo/next-stage/vendor/laravel/framework/src/Illuminate/Foundation/Http/Middleware/TransformsRequest.php(21): Illuminate/Pipeline/Pipeline->{closure:{closure:Illuminate/Pipeline/Pipeline::carry():194}:195}()
#30 C:/xampp/htdocs/next-stage-completo/next-stage/vendor/laravel/framework/src/Illuminate/Foundation/Http/Middleware/TrimStrings.php(51): Illuminate/Foundation/Http/Middleware/TransformsRequest->handle()
#31 C:/xampp/htdocs/next-stage-completo/next-stage/vendor/laravel/framework/src/Illuminate/Pipeline/Pipeline.php(219): Illuminate/Foundation/Http/Middleware/TrimStrings->handle()
#32 C:/xampp/htdocs/next-stage-completo/next-stage/vendor/laravel/framework/src/Illuminate/Http/Middleware/ValidatePostSize.php(27): Illuminate/Pipeline/Pipeline->{closure:{closure:Illuminate/Pipeline/Pipeline::carry():194}:195}()
#33 C:/xampp/htdocs/next-stage-completo/next-stage/vendor/laravel/framework/src/Illuminate/Pipeline/Pipeline.php(219): Illuminate/Http/Middleware/ValidatePostSize->handle()
#34 C:/xampp/htdocs/next-stage-completo/next-stage/vendor/laravel/framework/src/Illuminate/Foundation/Http/Middleware/PreventRequestsDuringMaintenance.php(109): Illuminate/Pipeline/Pipeline->{closure:{closure:Illuminate/Pipeline/Pipeline::carry():194}:195}()
#35 C:/xampp/htdocs/next-stage-completo/next-stage/vendor/laravel/framework/src/Illuminate/Pipeline/Pipeline.php(219): Illuminate/Foundation/Http/Middleware/PreventRequestsDuringMaintenance->handle()
#36 C:/xampp/htdocs/next-stage-completo/next-stage/vendor/laravel/framework/src/Illuminate/Http/Middleware/HandleCors.php(74): Illuminate/Pipeline/Pipeline->{closure:{closure:Illuminate/Pipeline/Pipeline::carry():194}:195}()
#37 C:/xampp/htdocs/next-stage-completo/next-stage/vendor/laravel/framework/src/Illuminate/Pipeline/Pipeline.php(219): Illuminate/Http/Middleware/HandleCors->handle()
#38 C:/xampp/htdocs/next-stage-completo/next-stage/vendor/laravel/framework/src/Illuminate/Http/Middleware/TrustProxies.php(58): Illuminate/Pipeline/Pipeline->{closure:{closure:Illuminate/Pipeline/Pipeline::carry():194}:195}()
#39 C:/xampp/htdocs/next-stage-completo/next-stage/vendor/laravel/framework/src/Illuminate/Pipeline/Pipeline.php(219): Illuminate/Http/Middleware/TrustProxies->handle()
#40 C:/xampp/htdocs/next-stage-completo/next-stage/vendor/laravel/framework/src/Illuminate/Foundation/Http/Middleware/InvokeDeferredCallbacks.php(22): Illuminate/Pipeline/Pipeline->{closure:{closure:Illuminate/Pipeline/Pipeline::carry():194}:195}()
#41 C:/xampp/htdocs/next-stage-completo/next-stage/vendor/laravel/framework/src/Illuminate/Pipeline/Pipeline.php(219): Illuminate/Foundation/Http/Middleware/InvokeDeferredCallbacks->handle()
#42 C:/xampp/htdocs/next-stage-completo/next-stage/vendor/laravel/framework/src/Illuminate/Http/Middleware/ValidatePathEncoding.php(26): Illuminate/Pipeline/Pipeline->{closure:{closure:Illuminate/Pipeline/Pipeline::carry():194}:195}()
#43 C:/xampp/htdocs/next-stage-completo/next-stage/vendor/laravel/framework/src/Illuminate/Pipeline/Pipeline.php(219): Illuminate/Http/Middleware/ValidatePathEncoding->handle()
#44 C:/xampp/htdocs/next-stage-completo/next-stage/vendor/laravel/framework/src/Illuminate/Pipeline/Pipeline.php(137): Illuminate/Pipeline/Pipeline->{closure:{closure:Illuminate/Pipeline/Pipeline::carry():194}:195}()
#45 C:/xampp/htdocs/next-stage-completo/next-stage/vendor/laravel/framework/src/Illuminate/Foundation/Http/Kernel.php(175): Illuminate/Pipeline/Pipeline->then()
#46 C:/xampp/htdocs/next-stage-completo/next-stage/vendor/laravel/framework/src/Illuminate/Foundation/Http/Kernel.php(144): Illuminate/Foundation/Http/Kernel->sendRequestThroughRouter()
#47 C:/xampp/htdocs/next-stage-completo/next-stage/vendor/laravel/framework/src/Illuminate/Foundation/Application.php(1220): Illuminate/Foundation/Http/Kernel->handle()
#48 C:/xampp/htdocs/next-stage-completo/next-stage/public/index.php(17): Illuminate/Foundation/Application->handleRequest()
#49 C:/xampp/htdocs/next-stage-completo/next-stage/vendor/laravel/framework/src/Illuminate/Foundation/resources/server.php(23): require_once('...')
#50 {main}

[previous exception] [object] (PDOException(code: 42S02): SQLSTATE[42S02]: Base table or view not found: 1146 Table 'proximo_estagio.prazo_aluno' doesn't exist at C:/xampp/htdocs/next-stage-completo/next-stage/vendor/laravel/framework/src/Illuminate/Database/Connection.php:420)
[stacktrace]
#0 C:/xampp/htdocs/next-stage-completo/next-stage/vendor/laravel/framework/src/Illuminate/Database/Connection.php(420): PDO->prepare()
#1 C:/xampp/htdocs/next-stage-completo/next-stage/vendor/laravel/framework/src/Illuminate/Database/Connection.php(827): Illuminate/Database/Connection->{closure:Illuminate/Database/Connection::select():411}()
#2 C:/xampp/htdocs/next-stage-completo/next-stage/vendor/laravel/framework/src/Illuminate/Database/Connection.php(794): Illuminate/Database/Connection->runQueryCallback()
#3 C:/xampp/htdocs/next-stage-completo/next-stage/vendor/laravel/framework/src/Illuminate/Database/Connection.php(411): Illuminate/Database/Connection->run()
#4 C:/xampp/htdocs/next-stage-completo/next-stage/vendor/laravel/framework/src/Illuminate/Database/Query/Builder.php(3505): Illuminate/Database/Connection->select()
#5 C:/xampp/htdocs/next-stage-completo/next-stage/vendor/laravel/framework/src/Illuminate/Database/Query/Builder.php(3490): Illuminate/Database/Query/Builder->runSelect()
#6 C:/xampp/htdocs/next-stage-completo/next-stage/vendor/laravel/framework/src/Illuminate/Database/Query/Builder.php(4080): Illuminate/Database/Query/Builder->{closure:Illuminate/Database/Query/Builder::get():3489}()
#7 C:/xampp/htdocs/next-stage-completo/next-stage/vendor/laravel/framework/src/Illuminate/Database/Query/Builder.php(3489): Illuminate/Database/Query/Builder->onceWithColumns()
#8 C:/xampp/htdocs/next-stage-completo/next-stage/app/Features/Aluno/Services/AlunoService.php(88): Illuminate/Database/Query/Builder->get()
#9 C:/xampp/htdocs/next-stage-completo/next-stage/app/Features/Aluno/Services/AlunoService.php(54): App/Features/Aluno/Services/AlunoService->calcularPrazos()
#10 C:/xampp/htdocs/next-stage-completo/next-stage/app/Features/Aluno/Controllers/AlunoController.php(21): App/Features/Aluno/Services/AlunoService->listarDocumentos()
#11 C:/xampp/htdocs/next-stage-completo/next-stage/vendor/laravel/framework/src/Illuminate/Routing/Controller.php(54): App/Features/Aluno/Controllers/AlunoController->listarDocumentos()
#12 C:/xampp/htdocs/next-stage-completo/next-stage/vendor/laravel/framework/src/Illuminate/Routing/ControllerDispatcher.php(43): Illuminate/Routing/Controller->callAction()
#13 C:/xampp/htdocs/next-stage-completo/next-stage/vendor/laravel/framework/src/Illuminate/Routing/Route.php(265): Illuminate/Routing/ControllerDispatcher->dispatch()
#14 C:/xampp/htdocs/next-stage-completo/next-stage/vendor/laravel/framework/src/Illuminate/Routing/Route.php(211): Illuminate/Routing/Route->runController()
#15 C:/xampp/htdocs/next-stage-completo/next-stage/vendor/laravel/framework/src/Illuminate/Routing/Router.php(822): Illuminate/Routing/Route->run()
#16 C:/xampp/htdocs/next-stage-completo/next-stage/vendor/laravel/framework/src/Illuminate/Pipeline/Pipeline.php(180): Illuminate/Routing/Router->{closure:Illuminate/Routing/Router::runRouteWithinStack():821}()
#17 C:/xampp/htdocs/next-stage-completo/next-stage/app/Http/Middleware/VerificarToken.php(46): Illuminate/Pipeline/Pipeline->{closure:Illuminate/Pipeline/Pipeline::prepareDestination():178}()
#18 C:/xampp/htdocs/next-stage-completo/next-stage/vendor/laravel/framework/src/Illuminate/Pipeline/Pipeline.php(219): App/Http/Middleware/VerificarToken->handle()
#19 C:/xampp/htdocs/next-stage-completo/next-stage/vendor/laravel/framework/src/Illuminate/Routing/Middleware/SubstituteBindings.php(50): Illuminate/Pipeline/Pipeline->{closure:{closure:Illuminate/Pipeline/Pipeline::carry():194}:195}()
#20 C:/xampp/htdocs/next-stage-completo/next-stage/vendor/laravel/framework/src/Illuminate/Pipeline/Pipeline.php(219): Illuminate/Routing/Middleware/SubstituteBindings->handle()
#21 C:/xampp/htdocs/next-stage-completo/next-stage/vendor/laravel/framework/src/Illuminate/Pipeline/Pipeline.php(137): Illuminate/Pipeline/Pipeline->{closure:{closure:Illuminate/Pipeline/Pipeline::carry():194}:195}()
#22 C:/xampp/htdocs/next-stage-completo/next-stage/vendor/laravel/framework/src/Illuminate/Routing/Router.php(821): Illuminate/Pipeline/Pipeline->then()
#23 C:/xampp/htdocs/next-stage-completo/next-stage/vendor/laravel/framework/src/Illuminate/Routing/Router.php(800): Illuminate/Routing/Router->runRouteWithinStack()
#24 C:/xampp/htdocs/next-stage-completo/next-stage/vendor/laravel/framework/src/Illuminate/Routing/Router.php(764): Illuminate/Routing/Router->runRoute()
#25 C:/xampp/htdocs/next-stage-completo/next-stage/vendor/laravel/framework/src/Illuminate/Routing/Router.php(753): Illuminate/Routing/Router->dispatchToRoute()
#26 C:/xampp/htdocs/next-stage-completo/next-stage/vendor/laravel/framework/src/Illuminate/Foundation/Http/Kernel.php(200): Illuminate/Routing/Router->dispatch()
#27 C:/xampp/htdocs/next-stage-completo/next-stage/vendor/laravel/framework/src/Illuminate/Pipeline/Pipeline.php(180): Illuminate/Foundation/Http/Kernel->{closure:Illuminate/Foundation/Http/Kernel::dispatchToRouter():197}()
#28 C:/xampp/htdocs/next-stage-completo/next-stage/vendor/laravel/framework/src/Illuminate/Foundation/Http/Middleware/TransformsRequest.php(21): Illuminate/Pipeline/Pipeline->{closure:Illuminate/Pipeline/Pipeline::prepareDestination():178}()
#29 C:/xampp/htdocs/next-stage-completo/next-stage/vendor/laravel/framework/src/Illuminate/Foundation/Http/Middleware/ConvertEmptyStringsToNull.php(31): Illuminate/Foundation/Http/Middleware/TransformsRequest->handle()
#30 C:/xampp/htdocs/next-stage-completo/next-stage/vendor/laravel/framework/src/Illuminate/Pipeline/Pipeline.php(219): Illuminate/Foundation/Http/Middleware/ConvertEmptyStringsToNull->handle()
#31 C:/xampp/htdocs/next-stage-completo/next-stage/vendor/laravel/framework/src/Illuminate/Foundation/Http/Middleware/TransformsRequest.php(21): Illuminate/Pipeline/Pipeline->{closure:{closure:Illuminate/Pipeline/Pipeline::carry():194}:195}()
#32 C:/xampp/htdocs/next-stage-completo/next-stage/vendor/laravel/framework/src/Illuminate/Foundation/Http/Middleware/TrimStrings.php(51): Illuminate/Foundation/Http/Middleware/TransformsRequest->handle()
#33 C:/xampp/htdocs/next-stage-completo/next-stage/vendor/laravel/framework/src/Illuminate/Pipeline/Pipeline.php(219): Illuminate/Foundation/Http/Middleware/TrimStrings->handle()
#34 C:/xampp/htdocs/next-stage-completo/next-stage/vendor/laravel/framework/src/Illuminate/Http/Middleware/ValidatePostSize.php(27): Illuminate/Pipeline/Pipeline->{closure:{closure:Illuminate/Pipeline/Pipeline::carry():194}:195}()
#35 C:/xampp/htdocs/next-stage-completo/next-stage/vendor/laravel/framework/src/Illuminate/Pipeline/Pipeline.php(219): Illuminate/Http/Middleware/ValidatePostSize->handle()
#36 C:/xampp/htdocs/next-stage-completo/next-stage/vendor/laravel/framework/src/Illuminate/Foundation/Http/Middleware/PreventRequestsDuringMaintenance.php(109): Illuminate/Pipeline/Pipeline->{closure:{closure:Illuminate/Pipeline/Pipeline::carry():194}:195}()
#37 C:/xampp/htdocs/next-stage-completo/next-stage/vendor/laravel/framework/src/Illuminate/Pipeline/Pipeline.php(219): Illuminate/Foundation/Http/Middleware/PreventRequestsDuringMaintenance->handle()
#38 C:/xampp/htdocs/next-stage-completo/next-stage/vendor/laravel/framework/src/Illuminate/Http/Middleware/HandleCors.php(74): Illuminate/Pipeline/Pipeline->{closure:{closure:Illuminate/Pipeline/Pipeline::carry():194}:195}()
#39 C:/xampp/htdocs/next-stage-completo/next-stage/vendor/laravel/framework/src/Illuminate/Pipeline/Pipeline.php(219): Illuminate/Http/Middleware/HandleCors->handle()
#40 C:/xampp/htdocs/next-stage-completo/next-stage/vendor/laravel/framework/src/Illuminate/Http/Middleware/TrustProxies.php(58): Illuminate/Pipeline/Pipeline->{closure:{closure:Illuminate/Pipeline/Pipeline::carry():194}:195}()
#41 C:/xampp/htdocs/next-stage-completo/next-stage/vendor/laravel/framework/src/Illuminate/Pipeline/Pipeline.php(219): Illuminate/Http/Middleware/TrustProxies->handle()
#42 C:/xampp/htdocs/next-stage-completo/next-stage/vendor/laravel/framework/src/Illuminate/Foundation/Http/Middleware/InvokeDeferredCallbacks.php(22): Illuminate/Pipeline/Pipeline->{closure:{closure:Illuminate/Pipeline/Pipeline::carry():194}:195}()
#43 C:/xampp/htdocs/next-stage-completo/next-stage/vendor/laravel/framework/src/Illuminate/Pipeline/Pipeline.php(219): Illuminate/Foundation/Http/Middleware/InvokeDeferredCallbacks->handle()
#44 C:/xampp/htdocs/next-stage-completo/next-stage/vendor/laravel/framework/src/Illuminate/Http/Middleware/ValidatePathEncoding.php(26): Illuminate/Pipeline/Pipeline->{closure:{closure:Illuminate/Pipeline/Pipeline::carry():194}:195}()
#45 C:/xampp/htdocs/next-stage-completo/next-stage/vendor/laravel/framework/src/Illuminate/Pipeline/Pipeline.php(219): Illuminate/Http/Middleware/ValidatePathEncoding->handle()
#46 C:/xampp/htdocs/next-stage-completo/next-stage/vendor/laravel/framework/src/Illuminate/Pipeline/Pipeline.php(137): Illuminate/Pipeline/Pipeline->{closure:{closure:Illuminate/Pipeline/Pipeline::carry():194}:195}()
#47 C:/xampp/htdocs/next-stage-completo/next-stage/vendor/laravel/framework/src/Illuminate/Foundation/Http/Kernel.php(175): Illuminate/Pipeline/Pipeline->then()
#48 C:/xampp/htdocs/next-stage-completo/next-stage/vendor/laravel/framework/src/Illuminate/Foundation/Http/Kernel.php(144): Illuminate/Foundation/Http/Kernel->sendRequestThroughRouter()
#49 C:/xampp/htdocs/next-stage-completo/next-stage/vendor/laravel/framework/src/Illuminate/Foundation/Application.php(1220): Illuminate/Foundation/Http/Kernel->handle()
#50 C:/xampp/htdocs/next-stage-completo/next-stage/public/index.php(17): Illuminate/Foundation/Application->handleRequest()
#51 C:/xampp/htdocs/next-stage-completo/next-stage/vendor/laravel/framework/src/Illuminate/Foundation/resources/server.php(23): require_once('...')
#52 {main}
"} 
[2026-04-09 22:02:52] local.ERROR: SQLSTATE[42S02]: Base table or view not found: 1146 Table 'proximo_estagio.prazo_aluno' doesn't exist (Connection: mysql, Host: 127.0.0.1, Port: 3306, Database: proximo_estagio, SQL: select `t`.`idtipo`, `t`.`nome` as `tipo`, `t`.`intervalo_dias`, `pa`.`dataLimite`, (
                    SELECT d2.dataEmissao
                    FROM documento d2
                    JOIN tipo t2 ON t2.idtipo = d2.tipo_idtipo
                    WHERE d2.aluno_idaluno = 1
                      AND t2.ordem = (t.ordem - 1)
                    ORDER BY d2.iddocumento DESC
                    LIMIT 1
                ) as dataEnvioAnterior from `tipo` as `t` left join `prazo_aluno` as `pa` on `pa`.`tipo_idtipo` = `t`.`idtipo` and `pa`.`aluno_idaluno` = 1 where `t`.`ativo` = 1 order by `t`.`ordem` asc) {"exception":"[object] (Illuminate\\Database\\QueryException(code: 42S02): SQLSTATE[42S02]: Base table or view not found: 1146 Table 'proximo_estagio.prazo_aluno' doesn't exist (Connection: mysql, Host: 127.0.0.1, Port: 3306, Database: proximo_estagio, SQL: select `t`.`idtipo`, `t`.`nome` as `tipo`, `t`.`intervalo_dias`, `pa`.`dataLimite`, (
                    SELECT d2.dataEmissao
                    FROM documento d2
                    JOIN tipo t2 ON t2.idtipo = d2.tipo_idtipo
                    WHERE d2.aluno_idaluno = 1
                      AND t2.ordem = (t.ordem - 1)
                    ORDER BY d2.iddocumento DESC
                    LIMIT 1
                ) as dataEnvioAnterior from `tipo` as `t` left join `prazo_aluno` as `pa` on `pa`.`tipo_idtipo` = `t`.`idtipo` and `pa`.`aluno_idaluno` = 1 where `t`.`ativo` = 1 order by `t`.`ordem` asc) at C:/xampp/htdocs/next-stage-completo/next-stage/vendor/laravel/framework/src/Illuminate/Database/Connection.php:838)
[stacktrace]
#0 C:/xampp/htdocs/next-stage-completo/next-stage/vendor/laravel/framework/src/Illuminate/Database/Connection.php(794): Illuminate/Database/Connection->runQueryCallback()
#1 C:/xampp/htdocs/next-stage-completo/next-stage/vendor/laravel/framework/src/Illuminate/Database/Connection.php(411): Illuminate/Database/Connection->run()
#2 C:/xampp/htdocs/next-stage-completo/next-stage/vendor/laravel/framework/src/Illuminate/Database/Query/Builder.php(3505): Illuminate/Database/Connection->select()
#3 C:/xampp/htdocs/next-stage-completo/next-stage/vendor/laravel/framework/src/Illuminate/Database/Query/Builder.php(3490): Illuminate/Database/Query/Builder->runSelect()
#4 C:/xampp/htdocs/next-stage-completo/next-stage/vendor/laravel/framework/src/Illuminate/Database/Query/Builder.php(4080): Illuminate/Database/Query/Builder->{closure:Illuminate/Database/Query/Builder::get():3489}()
#5 C:/xampp/htdocs/next-stage-completo/next-stage/vendor/laravel/framework/src/Illuminate/Database/Query/Builder.php(3489): Illuminate/Database/Query/Builder->onceWithColumns()
#6 C:/xampp/htdocs/next-stage-completo/next-stage/app/Features/Aluno/Services/AlunoService.php(88): Illuminate/Database/Query/Builder->get()
#7 C:/xampp/htdocs/next-stage-completo/next-stage/app/Features/Aluno/Services/AlunoService.php(54): App/Features/Aluno/Services/AlunoService->calcularPrazos()
#8 C:/xampp/htdocs/next-stage-completo/next-stage/app/Features/Aluno/Controllers/AlunoController.php(21): App/Features/Aluno/Services/AlunoService->listarDocumentos()
#9 C:/xampp/htdocs/next-stage-completo/next-stage/vendor/laravel/framework/src/Illuminate/Routing/Controller.php(54): App/Features/Aluno/Controllers/AlunoController->listarDocumentos()
#10 C:/xampp/htdocs/next-stage-completo/next-stage/vendor/laravel/framework/src/Illuminate/Routing/ControllerDispatcher.php(43): Illuminate/Routing/Controller->callAction()
#11 C:/xampp/htdocs/next-stage-completo/next-stage/vendor/laravel/framework/src/Illuminate/Routing/Route.php(265): Illuminate/Routing/ControllerDispatcher->dispatch()
#12 C:/xampp/htdocs/next-stage-completo/next-stage/vendor/laravel/framework/src/Illuminate/Routing/Route.php(211): Illuminate/Routing/Route->runController()
#13 C:/xampp/htdocs/next-stage-completo/next-stage/vendor/laravel/framework/src/Illuminate/Routing/Router.php(822): Illuminate/Routing/Route->run()
#14 C:/xampp/htdocs/next-stage-completo/next-stage/vendor/laravel/framework/src/Illuminate/Pipeline/Pipeline.php(180): Illuminate/Routing/Router->{closure:Illuminate/Routing/Router::runRouteWithinStack():821}()
#15 C:/xampp/htdocs/next-stage-completo/next-stage/app/Http/Middleware/VerificarToken.php(46): Illuminate/Pipeline/Pipeline->{closure:Illuminate/Pipeline/Pipeline::prepareDestination():178}()
#16 C:/xampp/htdocs/next-stage-completo/next-stage/vendor/laravel/framework/src/Illuminate/Pipeline/Pipeline.php(219): App/Http/Middleware/VerificarToken->handle()
#17 C:/xampp/htdocs/next-stage-completo/next-stage/vendor/laravel/framework/src/Illuminate/Routing/Middleware/SubstituteBindings.php(50): Illuminate/Pipeline/Pipeline->{closure:{closure:Illuminate/Pipeline/Pipeline::carry():194}:195}()
#18 C:/xampp/htdocs/next-stage-completo/next-stage/vendor/laravel/framework/src/Illuminate/Pipeline/Pipeline.php(219): Illuminate/Routing/Middleware/SubstituteBindings->handle()
#19 C:/xampp/htdocs/next-stage-completo/next-stage/vendor/laravel/framework/src/Illuminate/Pipeline/Pipeline.php(137): Illuminate/Pipeline/Pipeline->{closure:{closure:Illuminate/Pipeline/Pipeline::carry():194}:195}()
#20 C:/xampp/htdocs/next-stage-completo/next-stage/vendor/laravel/framework/src/Illuminate/Routing/Router.php(821): Illuminate/Pipeline/Pipeline->then()
#21 C:/xampp/htdocs/next-stage-completo/next-stage/vendor/laravel/framework/src/Illuminate/Routing/Router.php(800): Illuminate/Routing/Router->runRouteWithinStack()
#22 C:/xampp/htdocs/next-stage-completo/next-stage/vendor/laravel/framework/src/Illuminate/Routing/Router.php(764): Illuminate/Routing/Router->runRoute()
#23 C:/xampp/htdocs/next-stage-completo/next-stage/vendor/laravel/framework/src/Illuminate/Routing/Router.php(753): Illuminate/Routing/Router->dispatchToRoute()
#24 C:/xampp/htdocs/next-stage-completo/next-stage/vendor/laravel/framework/src/Illuminate/Foundation/Http/Kernel.php(200): Illuminate/Routing/Router->dispatch()
#25 C:/xampp/htdocs/next-stage-completo/next-stage/vendor/laravel/framework/src/Illuminate/Pipeline/Pipeline.php(180): Illuminate/Foundation/Http/Kernel->{closure:Illuminate/Foundation/Http/Kernel::dispatchToRouter():197}()
#26 C:/xampp/htdocs/next-stage-completo/next-stage/vendor/laravel/framework/src/Illuminate/Foundation/Http/Middleware/TransformsRequest.php(21): Illuminate/Pipeline/Pipeline->{closure:Illuminate/Pipeline/Pipeline::prepareDestination():178}()
#27 C:/xampp/htdocs/next-stage-completo/next-stage/vendor/laravel/framework/src/Illuminate/Foundation/Http/Middleware/ConvertEmptyStringsToNull.php(31): Illuminate/Foundation/Http/Middleware/TransformsRequest->handle()
#28 C:/xampp/htdocs/next-stage-completo/next-stage/vendor/laravel/framework/src/Illuminate/Pipeline/Pipeline.php(219): Illuminate/Foundation/Http/Middleware/ConvertEmptyStringsToNull->handle()
#29 C:/xampp/htdocs/next-stage-completo/next-stage/vendor/laravel/framework/src/Illuminate/Foundation/Http/Middleware/TransformsRequest.php(21): Illuminate/Pipeline/Pipeline->{closure:{closure:Illuminate/Pipeline/Pipeline::carry():194}:195}()
#30 C:/xampp/htdocs/next-stage-completo/next-stage/vendor/laravel/framework/src/Illuminate/Foundation/Http/Middleware/TrimStrings.php(51): Illuminate/Foundation/Http/Middleware/TransformsRequest->handle()
#31 C:/xampp/htdocs/next-stage-completo/next-stage/vendor/laravel/framework/src/Illuminate/Pipeline/Pipeline.php(219): Illuminate/Foundation/Http/Middleware/TrimStrings->handle()
#32 C:/xampp/htdocs/next-stage-completo/next-stage/vendor/laravel/framework/src/Illuminate/Http/Middleware/ValidatePostSize.php(27): Illuminate/Pipeline/Pipeline->{closure:{closure:Illuminate/Pipeline/Pipeline::carry():194}:195}()
#33 C:/xampp/htdocs/next-stage-completo/next-stage/vendor/laravel/framework/src/Illuminate/Pipeline/Pipeline.php(219): Illuminate/Http/Middleware/ValidatePostSize->handle()
#34 C:/xampp/htdocs/next-stage-completo/next-stage/vendor/laravel/framework/src/Illuminate/Foundation/Http/Middleware/PreventRequestsDuringMaintenance.php(109): Illuminate/Pipeline/Pipeline->{closure:{closure:Illuminate/Pipeline/Pipeline::carry():194}:195}()
#35 C:/xampp/htdocs/next-stage-completo/next-stage/vendor/laravel/framework/src/Illuminate/Pipeline/Pipeline.php(219): Illuminate/Foundation/Http/Middleware/PreventRequestsDuringMaintenance->handle()
#36 C:/xampp/htdocs/next-stage-completo/next-stage/vendor/laravel/framework/src/Illuminate/Http/Middleware/HandleCors.php(74): Illuminate/Pipeline/Pipeline->{closure:{closure:Illuminate/Pipeline/Pipeline::carry():194}:195}()
#37 C:/xampp/htdocs/next-stage-completo/next-stage/vendor/laravel/framework/src/Illuminate/Pipeline/Pipeline.php(219): Illuminate/Http/Middleware/HandleCors->handle()
#38 C:/xampp/htdocs/next-stage-completo/next-stage/vendor/laravel/framework/src/Illuminate/Http/Middleware/TrustProxies.php(58): Illuminate/Pipeline/Pipeline->{closure:{closure:Illuminate/Pipeline/Pipeline::carry():194}:195}()
#39 C:/xampp/htdocs/next-stage-completo/next-stage/vendor/laravel/framework/src/Illuminate/Pipeline/Pipeline.php(219): Illuminate/Http/Middleware/TrustProxies->handle()
#40 C:/xampp/htdocs/next-stage-completo/next-stage/vendor/laravel/framework/src/Illuminate/Foundation/Http/Middleware/InvokeDeferredCallbacks.php(22): Illuminate/Pipeline/Pipeline->{closure:{closure:Illuminate/Pipeline/Pipeline::carry():194}:195}()
#41 C:/xampp/htdocs/next-stage-completo/next-stage/vendor/laravel/framework/src/Illuminate/Pipeline/Pipeline.php(219): Illuminate/Foundation/Http/Middleware/InvokeDeferredCallbacks->handle()
#42 C:/xampp/htdocs/next-stage-completo/next-stage/vendor/laravel/framework/src/Illuminate/Http/Middleware/ValidatePathEncoding.php(26): Illuminate/Pipeline/Pipeline->{closure:{closure:Illuminate/Pipeline/Pipeline::carry():194}:195}()
#43 C:/xampp/htdocs/next-stage-completo/next-stage/vendor/laravel/framework/src/Illuminate/Pipeline/Pipeline.php(219): Illuminate/Http/Middleware/ValidatePathEncoding->handle()
#44 C:/xampp/htdocs/next-stage-completo/next-stage/vendor/laravel/framework/src/Illuminate/Pipeline/Pipeline.php(137): Illuminate/Pipeline/Pipeline->{closure:{closure:Illuminate/Pipeline/Pipeline::carry():194}:195}()
#45 C:/xampp/htdocs/next-stage-completo/next-stage/vendor/laravel/framework/src/Illuminate/Foundation/Http/Kernel.php(175): Illuminate/Pipeline/Pipeline->then()
#46 C:/xampp/htdocs/next-stage-completo/next-stage/vendor/laravel/framework/src/Illuminate/Foundation/Http/Kernel.php(144): Illuminate/Foundation/Http/Kernel->sendRequestThroughRouter()
#47 C:/xampp/htdocs/next-stage-completo/next-stage/vendor/laravel/framework/src/Illuminate/Foundation/Application.php(1220): Illuminate/Foundation/Http/Kernel->handle()
#48 C:/xampp/htdocs/next-stage-completo/next-stage/public/index.php(17): Illuminate/Foundation/Application->handleRequest()
#49 C:/xampp/htdocs/next-stage-completo/next-stage/vendor/laravel/framework/src/Illuminate/Foundation/resources/server.php(23): require_once('...')
#50 {main}

[previous exception] [object] (PDOException(code: 42S02): SQLSTATE[42S02]: Base table or view not found: 1146 Table 'proximo_estagio.prazo_aluno' doesn't exist at C:/xampp/htdocs/next-stage-completo/next-stage/vendor/laravel/framework/src/Illuminate/Database/Connection.php:420)
[stacktrace]
#0 C:/xampp/htdocs/next-stage-completo/next-stage/vendor/laravel/framework/src/Illuminate/Database/Connection.php(420): PDO->prepare()
#1 C:/xampp/htdocs/next-stage-completo/next-stage/vendor/laravel/framework/src/Illuminate/Database/Connection.php(827): Illuminate/Database/Connection->{closure:Illuminate/Database/Connection::select():411}()
#2 C:/xampp/htdocs/next-stage-completo/next-stage/vendor/laravel/framework/src/Illuminate/Database/Connection.php(794): Illuminate/Database/Connection->runQueryCallback()
#3 C:/xampp/htdocs/next-stage-completo/next-stage/vendor/laravel/framework/src/Illuminate/Database/Connection.php(411): Illuminate/Database/Connection->run()
#4 C:/xampp/htdocs/next-stage-completo/next-stage/vendor/laravel/framework/src/Illuminate/Database/Query/Builder.php(3505): Illuminate/Database/Connection->select()
#5 C:/xampp/htdocs/next-stage-completo/next-stage/vendor/laravel/framework/src/Illuminate/Database/Query/Builder.php(3490): Illuminate/Database/Query/Builder->runSelect()
#6 C:/xampp/htdocs/next-stage-completo/next-stage/vendor/laravel/framework/src/Illuminate/Database/Query/Builder.php(4080): Illuminate/Database/Query/Builder->{closure:Illuminate/Database/Query/Builder::get():3489}()
#7 C:/xampp/htdocs/next-stage-completo/next-stage/vendor/laravel/framework/src/Illuminate/Database/Query/Builder.php(3489): Illuminate/Database/Query/Builder->onceWithColumns()
#8 C:/xampp/htdocs/next-stage-completo/next-stage/app/Features/Aluno/Services/AlunoService.php(88): Illuminate/Database/Query/Builder->get()
#9 C:/xampp/htdocs/next-stage-completo/next-stage/app/Features/Aluno/Services/AlunoService.php(54): App/Features/Aluno/Services/AlunoService->calcularPrazos()
#10 C:/xampp/htdocs/next-stage-completo/next-stage/app/Features/Aluno/Controllers/AlunoController.php(21): App/Features/Aluno/Services/AlunoService->listarDocumentos()
#11 C:/xampp/htdocs/next-stage-completo/next-stage/vendor/laravel/framework/src/Illuminate/Routing/Controller.php(54): App/Features/Aluno/Controllers/AlunoController->listarDocumentos()
#12 C:/xampp/htdocs/next-stage-completo/next-stage/vendor/laravel/framework/src/Illuminate/Routing/ControllerDispatcher.php(43): Illuminate/Routing/Controller->callAction()
#13 C:/xampp/htdocs/next-stage-completo/next-stage/vendor/laravel/framework/src/Illuminate/Routing/Route.php(265): Illuminate/Routing/ControllerDispatcher->dispatch()
#14 C:/xampp/htdocs/next-stage-completo/next-stage/vendor/laravel/framework/src/Illuminate/Routing/Route.php(211): Illuminate/Routing/Route->runController()
#15 C:/xampp/htdocs/next-stage-completo/next-stage/vendor/laravel/framework/src/Illuminate/Routing/Router.php(822): Illuminate/Routing/Route->run()
#16 C:/xampp/htdocs/next-stage-completo/next-stage/vendor/laravel/framework/src/Illuminate/Pipeline/Pipeline.php(180): Illuminate/Routing/Router->{closure:Illuminate/Routing/Router::runRouteWithinStack():821}()
#17 C:/xampp/htdocs/next-stage-completo/next-stage/app/Http/Middleware/VerificarToken.php(46): Illuminate/Pipeline/Pipeline->{closure:Illuminate/Pipeline/Pipeline::prepareDestination():178}()
#18 C:/xampp/htdocs/next-stage-completo/next-stage/vendor/laravel/framework/src/Illuminate/Pipeline/Pipeline.php(219): App/Http/Middleware/VerificarToken->handle()
#19 C:/xampp/htdocs/next-stage-completo/next-stage/vendor/laravel/framework/src/Illuminate/Routing/Middleware/SubstituteBindings.php(50): Illuminate/Pipeline/Pipeline->{closure:{closure:Illuminate/Pipeline/Pipeline::carry():194}:195}()
#20 C:/xampp/htdocs/next-stage-completo/next-stage/vendor/laravel/framework/src/Illuminate/Pipeline/Pipeline.php(219): Illuminate/Routing/Middleware/SubstituteBindings->handle()
#21 C:/xampp/htdocs/next-stage-completo/next-stage/vendor/laravel/framework/src/Illuminate/Pipeline/Pipeline.php(137): Illuminate/Pipeline/Pipeline->{closure:{closure:Illuminate/Pipeline/Pipeline::carry():194}:195}()
#22 C:/xampp/htdocs/next-stage-completo/next-stage/vendor/laravel/framework/src/Illuminate/Routing/Router.php(821): Illuminate/Pipeline/Pipeline->then()
#23 C:/xampp/htdocs/next-stage-completo/next-stage/vendor/laravel/framework/src/Illuminate/Routing/Router.php(800): Illuminate/Routing/Router->runRouteWithinStack()
#24 C:/xampp/htdocs/next-stage-completo/next-stage/vendor/laravel/framework/src/Illuminate/Routing/Router.php(764): Illuminate/Routing/Router->runRoute()
#25 C:/xampp/htdocs/next-stage-completo/next-stage/vendor/laravel/framework/src/Illuminate/Routing/Router.php(753): Illuminate/Routing/Router->dispatchToRoute()
#26 C:/xampp/htdocs/next-stage-completo/next-stage/vendor/laravel/framework/src/Illuminate/Foundation/Http/Kernel.php(200): Illuminate/Routing/Router->dispatch()
#27 C:/xampp/htdocs/next-stage-completo/next-stage/vendor/laravel/framework/src/Illuminate/Pipeline/Pipeline.php(180): Illuminate/Foundation/Http/Kernel->{closure:Illuminate/Foundation/Http/Kernel::dispatchToRouter():197}()
#28 C:/xampp/htdocs/next-stage-completo/next-stage/vendor/laravel/framework/src/Illuminate/Foundation/Http/Middleware/TransformsRequest.php(21): Illuminate/Pipeline/Pipeline->{closure:Illuminate/Pipeline/Pipeline::prepareDestination():178}()
#29 C:/xampp/htdocs/next-stage-completo/next-stage/vendor/laravel/framework/src/Illuminate/Foundation/Http/Middleware/ConvertEmptyStringsToNull.php(31): Illuminate/Foundation/Http/Middleware/TransformsRequest->handle()
#30 C:/xampp/htdocs/next-stage-completo/next-stage/vendor/laravel/framework/src/Illuminate/Pipeline/Pipeline.php(219): Illuminate/Foundation/Http/Middleware/ConvertEmptyStringsToNull->handle()
#31 C:/xampp/htdocs/next-stage-completo/next-stage/vendor/laravel/framework/src/Illuminate/Foundation/Http/Middleware/TransformsRequest.php(21): Illuminate/Pipeline/Pipeline->{closure:{closure:Illuminate/Pipeline/Pipeline::carry():194}:195}()
#32 C:/xampp/htdocs/next-stage-completo/next-stage/vendor/laravel/framework/src/Illuminate/Foundation/Http/Middleware/TrimStrings.php(51): Illuminate/Foundation/Http/Middleware/TransformsRequest->handle()
#33 C:/xampp/htdocs/next-stage-completo/next-stage/vendor/laravel/framework/src/Illuminate/Pipeline/Pipeline.php(219): Illuminate/Foundation/Http/Middleware/TrimStrings->handle()
#34 C:/xampp/htdocs/next-stage-completo/next-stage/vendor/laravel/framework/src/Illuminate/Http/Middleware/ValidatePostSize.php(27): Illuminate/Pipeline/Pipeline->{closure:{closure:Illuminate/Pipeline/Pipeline::carry():194}:195}()
#35 C:/xampp/htdocs/next-stage-completo/next-stage/vendor/laravel/framework/src/Illuminate/Pipeline/Pipeline.php(219): Illuminate/Http/Middleware/ValidatePostSize->handle()
#36 C:/xampp/htdocs/next-stage-completo/next-stage/vendor/laravel/framework/src/Illuminate/Foundation/Http/Middleware/PreventRequestsDuringMaintenance.php(109): Illuminate/Pipeline/Pipeline->{closure:{closure:Illuminate/Pipeline/Pipeline::carry():194}:195}()
#37 C:/xampp/htdocs/next-stage-completo/next-stage/vendor/laravel/framework/src/Illuminate/Pipeline/Pipeline.php(219): Illuminate/Foundation/Http/Middleware/PreventRequestsDuringMaintenance->handle()
#38 C:/xampp/htdocs/next-stage-completo/next-stage/vendor/laravel/framework/src/Illuminate/Http/Middleware/HandleCors.php(74): Illuminate/Pipeline/Pipeline->{closure:{closure:Illuminate/Pipeline/Pipeline::carry():194}:195}()
#39 C:/xampp/htdocs/next-stage-completo/next-stage/vendor/laravel/framework/src/Illuminate/Pipeline/Pipeline.php(219): Illuminate/Http/Middleware/HandleCors->handle()
#40 C:/xampp/htdocs/next-stage-completo/next-stage/vendor/laravel/framework/src/Illuminate/Http/Middleware/TrustProxies.php(58): Illuminate/Pipeline/Pipeline->{closure:{closure:Illuminate/Pipeline/Pipeline::carry():194}:195}()
#41 C:/xampp/htdocs/next-stage-completo/next-stage/vendor/laravel/framework/src/Illuminate/Pipeline/Pipeline.php(219): Illuminate/Http/Middleware/TrustProxies->handle()
#42 C:/xampp/htdocs/next-stage-completo/next-stage/vendor/laravel/framework/src/Illuminate/Foundation/Http/Middleware/InvokeDeferredCallbacks.php(22): Illuminate/Pipeline/Pipeline->{closure:{closure:Illuminate/Pipeline/Pipeline::carry():194}:195}()
#43 C:/xampp/htdocs/next-stage-completo/next-stage/vendor/laravel/framework/src/Illuminate/Pipeline/Pipeline.php(219): Illuminate/Foundation/Http/Middleware/InvokeDeferredCallbacks->handle()
#44 C:/xampp/htdocs/next-stage-completo/next-stage/vendor/laravel/framework/src/Illuminate/Http/Middleware/ValidatePathEncoding.php(26): Illuminate/Pipeline/Pipeline->{closure:{closure:Illuminate/Pipeline/Pipeline::carry():194}:195}()
#45 C:/xampp/htdocs/next-stage-completo/next-stage/vendor/laravel/framework/src/Illuminate/Pipeline/Pipeline.php(219): Illuminate/Http/Middleware/ValidatePathEncoding->handle()
#46 C:/xampp/htdocs/next-stage-completo/next-stage/vendor/laravel/framework/src/Illuminate/Pipeline/Pipeline.php(137): Illuminate/Pipeline/Pipeline->{closure:{closure:Illuminate/Pipeline/Pipeline::carry():194}:195}()
#47 C:/xampp/htdocs/next-stage-completo/next-stage/vendor/laravel/framework/src/Illuminate/Foundation/Http/Kernel.php(175): Illuminate/Pipeline/Pipeline->then()
#48 C:/xampp/htdocs/next-stage-completo/next-stage/vendor/laravel/framework/src/Illuminate/Foundation/Http/Kernel.php(144): Illuminate/Foundation/Http/Kernel->sendRequestThroughRouter()
#49 C:/xampp/htdocs/next-stage-completo/next-stage/vendor/laravel/framework/src/Illuminate/Foundation/Application.php(1220): Illuminate/Foundation/Http/Kernel->handle()
#50 C:/xampp/htdocs/next-stage-completo/next-stage/public/index.php(17): Illuminate/Foundation/Application->handleRequest()
#51 C:/xampp/htdocs/next-stage-completo/next-stage/vendor/laravel/framework/src/Illuminate/Foundation/resources/server.php(23): require_once('...')
#52 {main}
"} 
[2026-04-09 22:03:09] local.ERROR: SQLSTATE[42S02]: Base table or view not found: 1146 Table 'proximo_estagio.prazo_aluno' doesn't exist (Connection: mysql, Host: 127.0.0.1, Port: 3306, Database: proximo_estagio, SQL: select `t`.`idtipo`, `t`.`nome` as `tipo`, `t`.`intervalo_dias`, `pa`.`dataLimite`, (
                    SELECT d2.dataEmissao
                    FROM documento d2
                    JOIN tipo t2 ON t2.idtipo = d2.tipo_idtipo
                    WHERE d2.aluno_idaluno = 1
                      AND t2.ordem = (t.ordem - 1)
                    ORDER BY d2.iddocumento DESC
                    LIMIT 1
                ) as dataEnvioAnterior from `tipo` as `t` left join `prazo_aluno` as `pa` on `pa`.`tipo_idtipo` = `t`.`idtipo` and `pa`.`aluno_idaluno` = 1 where `t`.`ativo` = 1 order by `t`.`ordem` asc) {"exception":"[object] (Illuminate\\Database\\QueryException(code: 42S02): SQLSTATE[42S02]: Base table or view not found: 1146 Table 'proximo_estagio.prazo_aluno' doesn't exist (Connection: mysql, Host: 127.0.0.1, Port: 3306, Database: proximo_estagio, SQL: select `t`.`idtipo`, `t`.`nome` as `tipo`, `t`.`intervalo_dias`, `pa`.`dataLimite`, (
                    SELECT d2.dataEmissao
                    FROM documento d2
                    JOIN tipo t2 ON t2.idtipo = d2.tipo_idtipo
                    WHERE d2.aluno_idaluno = 1
                      AND t2.ordem = (t.ordem - 1)
                    ORDER BY d2.iddocumento DESC
                    LIMIT 1
                ) as dataEnvioAnterior from `tipo` as `t` left join `prazo_aluno` as `pa` on `pa`.`tipo_idtipo` = `t`.`idtipo` and `pa`.`aluno_idaluno` = 1 where `t`.`ativo` = 1 order by `t`.`ordem` asc) at C:/xampp/htdocs/next-stage-completo/next-stage/vendor/laravel/framework/src/Illuminate/Database/Connection.php:838)
[stacktrace]
#0 C:/xampp/htdocs/next-stage-completo/next-stage/vendor/laravel/framework/src/Illuminate/Database/Connection.php(794): Illuminate/Database/Connection->runQueryCallback()
#1 C:/xampp/htdocs/next-stage-completo/next-stage/vendor/laravel/framework/src/Illuminate/Database/Connection.php(411): Illuminate/Database/Connection->run()
#2 C:/xampp/htdocs/next-stage-completo/next-stage/vendor/laravel/framework/src/Illuminate/Database/Query/Builder.php(3505): Illuminate/Database/Connection->select()
#3 C:/xampp/htdocs/next-stage-completo/next-stage/vendor/laravel/framework/src/Illuminate/Database/Query/Builder.php(3490): Illuminate/Database/Query/Builder->runSelect()
#4 C:/xampp/htdocs/next-stage-completo/next-stage/vendor/laravel/framework/src/Illuminate/Database/Query/Builder.php(4080): Illuminate/Database/Query/Builder->{closure:Illuminate/Database/Query/Builder::get():3489}()
#5 C:/xampp/htdocs/next-stage-completo/next-stage/vendor/laravel/framework/src/Illuminate/Database/Query/Builder.php(3489): Illuminate/Database/Query/Builder->onceWithColumns()
#6 C:/xampp/htdocs/next-stage-completo/next-stage/app/Features/Aluno/Services/AlunoService.php(88): Illuminate/Database/Query/Builder->get()
#7 C:/xampp/htdocs/next-stage-completo/next-stage/app/Features/Aluno/Services/AlunoService.php(54): App/Features/Aluno/Services/AlunoService->calcularPrazos()
#8 C:/xampp/htdocs/next-stage-completo/next-stage/app/Features/Aluno/Controllers/AlunoController.php(21): App/Features/Aluno/Services/AlunoService->listarDocumentos()
#9 C:/xampp/htdocs/next-stage-completo/next-stage/vendor/laravel/framework/src/Illuminate/Routing/Controller.php(54): App/Features/Aluno/Controllers/AlunoController->listarDocumentos()
#10 C:/xampp/htdocs/next-stage-completo/next-stage/vendor/laravel/framework/src/Illuminate/Routing/ControllerDispatcher.php(43): Illuminate/Routing/Controller->callAction()
#11 C:/xampp/htdocs/next-stage-completo/next-stage/vendor/laravel/framework/src/Illuminate/Routing/Route.php(265): Illuminate/Routing/ControllerDispatcher->dispatch()
#12 C:/xampp/htdocs/next-stage-completo/next-stage/vendor/laravel/framework/src/Illuminate/Routing/Route.php(211): Illuminate/Routing/Route->runController()
#13 C:/xampp/htdocs/next-stage-completo/next-stage/vendor/laravel/framework/src/Illuminate/Routing/Router.php(822): Illuminate/Routing/Route->run()
#14 C:/xampp/htdocs/next-stage-completo/next-stage/vendor/laravel/framework/src/Illuminate/Pipeline/Pipeline.php(180): Illuminate/Routing/Router->{closure:Illuminate/Routing/Router::runRouteWithinStack():821}()
#15 C:/xampp/htdocs/next-stage-completo/next-stage/app/Http/Middleware/VerificarToken.php(46): Illuminate/Pipeline/Pipeline->{closure:Illuminate/Pipeline/Pipeline::prepareDestination():178}()
#16 C:/xampp/htdocs/next-stage-completo/next-stage/vendor/laravel/framework/src/Illuminate/Pipeline/Pipeline.php(219): App/Http/Middleware/VerificarToken->handle()
#17 C:/xampp/htdocs/next-stage-completo/next-stage/vendor/laravel/framework/src/Illuminate/Routing/Middleware/SubstituteBindings.php(50): Illuminate/Pipeline/Pipeline->{closure:{closure:Illuminate/Pipeline/Pipeline::carry():194}:195}()
#18 C:/xampp/htdocs/next-stage-completo/next-stage/vendor/laravel/framework/src/Illuminate/Pipeline/Pipeline.php(219): Illuminate/Routing/Middleware/SubstituteBindings->handle()
#19 C:/xampp/htdocs/next-stage-completo/next-stage/vendor/laravel/framework/src/Illuminate/Pipeline/Pipeline.php(137): Illuminate/Pipeline/Pipeline->{closure:{closure:Illuminate/Pipeline/Pipeline::carry():194}:195}()
#20 C:/xampp/htdocs/next-stage-completo/next-stage/vendor/laravel/framework/src/Illuminate/Routing/Router.php(821): Illuminate/Pipeline/Pipeline->then()
#21 C:/xampp/htdocs/next-stage-completo/next-stage/vendor/laravel/framework/src/Illuminate/Routing/Router.php(800): Illuminate/Routing/Router->runRouteWithinStack()
#22 C:/xampp/htdocs/next-stage-completo/next-stage/vendor/laravel/framework/src/Illuminate/Routing/Router.php(764): Illuminate/Routing/Router->runRoute()
#23 C:/xampp/htdocs/next-stage-completo/next-stage/vendor/laravel/framework/src/Illuminate/Routing/Router.php(753): Illuminate/Routing/Router->dispatchToRoute()
#24 C:/xampp/htdocs/next-stage-completo/next-stage/vendor/laravel/framework/src/Illuminate/Foundation/Http/Kernel.php(200): Illuminate/Routing/Router->dispatch()
#25 C:/xampp/htdocs/next-stage-completo/next-stage/vendor/laravel/framework/src/Illuminate/Pipeline/Pipeline.php(180): Illuminate/Foundation/Http/Kernel->{closure:Illuminate/Foundation/Http/Kernel::dispatchToRouter():197}()
#26 C:/xampp/htdocs/next-stage-completo/next-stage/vendor/laravel/framework/src/Illuminate/Foundation/Http/Middleware/TransformsRequest.php(21): Illuminate/Pipeline/Pipeline->{closure:Illuminate/Pipeline/Pipeline::prepareDestination():178}()
#27 C:/xampp/htdocs/next-stage-completo/next-stage/vendor/laravel/framework/src/Illuminate/Foundation/Http/Middleware/ConvertEmptyStringsToNull.php(31): Illuminate/Foundation/Http/Middleware/TransformsRequest->handle()
#28 C:/xampp/htdocs/next-stage-completo/next-stage/vendor/laravel/framework/src/Illuminate/Pipeline/Pipeline.php(219): Illuminate/Foundation/Http/Middleware/ConvertEmptyStringsToNull->handle()
#29 C:/xampp/htdocs/next-stage-completo/next-stage/vendor/laravel/framework/src/Illuminate/Foundation/Http/Middleware/TransformsRequest.php(21): Illuminate/Pipeline/Pipeline->{closure:{closure:Illuminate/Pipeline/Pipeline::carry():194}:195}()
#30 C:/xampp/htdocs/next-stage-completo/next-stage/vendor/laravel/framework/src/Illuminate/Foundation/Http/Middleware/TrimStrings.php(51): Illuminate/Foundation/Http/Middleware/TransformsRequest->handle()
#31 C:/xampp/htdocs/next-stage-completo/next-stage/vendor/laravel/framework/src/Illuminate/Pipeline/Pipeline.php(219): Illuminate/Foundation/Http/Middleware/TrimStrings->handle()
#32 C:/xampp/htdocs/next-stage-completo/next-stage/vendor/laravel/framework/src/Illuminate/Http/Middleware/ValidatePostSize.php(27): Illuminate/Pipeline/Pipeline->{closure:{closure:Illuminate/Pipeline/Pipeline::carry():194}:195}()
#33 C:/xampp/htdocs/next-stage-completo/next-stage/vendor/laravel/framework/src/Illuminate/Pipeline/Pipeline.php(219): Illuminate/Http/Middleware/ValidatePostSize->handle()
#34 C:/xampp/htdocs/next-stage-completo/next-stage/vendor/laravel/framework/src/Illuminate/Foundation/Http/Middleware/PreventRequestsDuringMaintenance.php(109): Illuminate/Pipeline/Pipeline->{closure:{closure:Illuminate/Pipeline/Pipeline::carry():194}:195}()
#35 C:/xampp/htdocs/next-stage-completo/next-stage/vendor/laravel/framework/src/Illuminate/Pipeline/Pipeline.php(219): Illuminate/Foundation/Http/Middleware/PreventRequestsDuringMaintenance->handle()
#36 C:/xampp/htdocs/next-stage-completo/next-stage/vendor/laravel/framework/src/Illuminate/Http/Middleware/HandleCors.php(74): Illuminate/Pipeline/Pipeline->{closure:{closure:Illuminate/Pipeline/Pipeline::carry():194}:195}()
#37 C:/xampp/htdocs/next-stage-completo/next-stage/vendor/laravel/framework/src/Illuminate/Pipeline/Pipeline.php(219): Illuminate/Http/Middleware/HandleCors->handle()
#38 C:/xampp/htdocs/next-stage-completo/next-stage/vendor/laravel/framework/src/Illuminate/Http/Middleware/TrustProxies.php(58): Illuminate/Pipeline/Pipeline->{closure:{closure:Illuminate/Pipeline/Pipeline::carry():194}:195}()
#39 C:/xampp/htdocs/next-stage-completo/next-stage/vendor/laravel/framework/src/Illuminate/Pipeline/Pipeline.php(219): Illuminate/Http/Middleware/TrustProxies->handle()
#40 C:/xampp/htdocs/next-stage-completo/next-stage/vendor/laravel/framework/src/Illuminate/Foundation/Http/Middleware/InvokeDeferredCallbacks.php(22): Illuminate/Pipeline/Pipeline->{closure:{closure:Illuminate/Pipeline/Pipeline::carry():194}:195}()
#41 C:/xampp/htdocs/next-stage-completo/next-stage/vendor/laravel/framework/src/Illuminate/Pipeline/Pipeline.php(219): Illuminate/Foundation/Http/Middleware/InvokeDeferredCallbacks->handle()
#42 C:/xampp/htdocs/next-stage-completo/next-stage/vendor/laravel/framework/src/Illuminate/Http/Middleware/ValidatePathEncoding.php(26): Illuminate/Pipeline/Pipeline->{closure:{closure:Illuminate/Pipeline/Pipeline::carry():194}:195}()
#43 C:/xampp/htdocs/next-stage-completo/next-stage/vendor/laravel/framework/src/Illuminate/Pipeline/Pipeline.php(219): Illuminate/Http/Middleware/ValidatePathEncoding->handle()
#44 C:/xampp/htdocs/next-stage-completo/next-stage/vendor/laravel/framework/src/Illuminate/Pipeline/Pipeline.php(137): Illuminate/Pipeline/Pipeline->{closure:{closure:Illuminate/Pipeline/Pipeline::carry():194}:195}()
#45 C:/xampp/htdocs/next-stage-completo/next-stage/vendor/laravel/framework/src/Illuminate/Foundation/Http/Kernel.php(175): Illuminate/Pipeline/Pipeline->then()
#46 C:/xampp/htdocs/next-stage-completo/next-stage/vendor/laravel/framework/src/Illuminate/Foundation/Http/Kernel.php(144): Illuminate/Foundation/Http/Kernel->sendRequestThroughRouter()
#47 C:/xampp/htdocs/next-stage-completo/next-stage/vendor/laravel/framework/src/Illuminate/Foundation/Application.php(1220): Illuminate/Foundation/Http/Kernel->handle()
#48 C:/xampp/htdocs/next-stage-completo/next-stage/public/index.php(17): Illuminate/Foundation/Application->handleRequest()
#49 C:/xampp/htdocs/next-stage-completo/next-stage/vendor/laravel/framework/src/Illuminate/Foundation/resources/server.php(23): require_once('...')
#50 {main}

[previous exception] [object] (PDOException(code: 42S02): SQLSTATE[42S02]: Base table or view not found: 1146 Table 'proximo_estagio.prazo_aluno' doesn't exist at C:/xampp/htdocs/next-stage-completo/next-stage/vendor/laravel/framework/src/Illuminate/Database/Connection.php:420)
[stacktrace]
#0 C:/xampp/htdocs/next-stage-completo/next-stage/vendor/laravel/framework/src/Illuminate/Database/Connection.php(420): PDO->prepare()
#1 C:/xampp/htdocs/next-stage-completo/next-stage/vendor/laravel/framework/src/Illuminate/Database/Connection.php(827): Illuminate/Database/Connection->{closure:Illuminate/Database/Connection::select():411}()
#2 C:/xampp/htdocs/next-stage-completo/next-stage/vendor/laravel/framework/src/Illuminate/Database/Connection.php(794): Illuminate/Database/Connection->runQueryCallback()
#3 C:/xampp/htdocs/next-stage-completo/next-stage/vendor/laravel/framework/src/Illuminate/Database/Connection.php(411): Illuminate/Database/Connection->run()
#4 C:/xampp/htdocs/next-stage-completo/next-stage/vendor/laravel/framework/src/Illuminate/Database/Query/Builder.php(3505): Illuminate/Database/Connection->select()
#5 C:/xampp/htdocs/next-stage-completo/next-stage/vendor/laravel/framework/src/Illuminate/Database/Query/Builder.php(3490): Illuminate/Database/Query/Builder->runSelect()
#6 C:/xampp/htdocs/next-stage-completo/next-stage/vendor/laravel/framework/src/Illuminate/Database/Query/Builder.php(4080): Illuminate/Database/Query/Builder->{closure:Illuminate/Database/Query/Builder::get():3489}()
#7 C:/xampp/htdocs/next-stage-completo/next-stage/vendor/laravel/framework/src/Illuminate/Database/Query/Builder.php(3489): Illuminate/Database/Query/Builder->onceWithColumns()
#8 C:/xampp/htdocs/next-stage-completo/next-stage/app/Features/Aluno/Services/AlunoService.php(88): Illuminate/Database/Query/Builder->get()
#9 C:/xampp/htdocs/next-stage-completo/next-stage/app/Features/Aluno/Services/AlunoService.php(54): App/Features/Aluno/Services/AlunoService->calcularPrazos()
#10 C:/xampp/htdocs/next-stage-completo/next-stage/app/Features/Aluno/Controllers/AlunoController.php(21): App/Features/Aluno/Services/AlunoService->listarDocumentos()
#11 C:/xampp/htdocs/next-stage-completo/next-stage/vendor/laravel/framework/src/Illuminate/Routing/Controller.php(54): App/Features/Aluno/Controllers/AlunoController->listarDocumentos()
#12 C:/xampp/htdocs/next-stage-completo/next-stage/vendor/laravel/framework/src/Illuminate/Routing/ControllerDispatcher.php(43): Illuminate/Routing/Controller->callAction()
#13 C:/xampp/htdocs/next-stage-completo/next-stage/vendor/laravel/framework/src/Illuminate/Routing/Route.php(265): Illuminate/Routing/ControllerDispatcher->dispatch()
#14 C:/xampp/htdocs/next-stage-completo/next-stage/vendor/laravel/framework/src/Illuminate/Routing/Route.php(211): Illuminate/Routing/Route->runController()
#15 C:/xampp/htdocs/next-stage-completo/next-stage/vendor/laravel/framework/src/Illuminate/Routing/Router.php(822): Illuminate/Routing/Route->run()
#16 C:/xampp/htdocs/next-stage-completo/next-stage/vendor/laravel/framework/src/Illuminate/Pipeline/Pipeline.php(180): Illuminate/Routing/Router->{closure:Illuminate/Routing/Router::runRouteWithinStack():821}()
#17 C:/xampp/htdocs/next-stage-completo/next-stage/app/Http/Middleware/VerificarToken.php(46): Illuminate/Pipeline/Pipeline->{closure:Illuminate/Pipeline/Pipeline::prepareDestination():178}()
#18 C:/xampp/htdocs/next-stage-completo/next-stage/vendor/laravel/framework/src/Illuminate/Pipeline/Pipeline.php(219): App/Http/Middleware/VerificarToken->handle()
#19 C:/xampp/htdocs/next-stage-completo/next-stage/vendor/laravel/framework/src/Illuminate/Routing/Middleware/SubstituteBindings.php(50): Illuminate/Pipeline/Pipeline->{closure:{closure:Illuminate/Pipeline/Pipeline::carry():194}:195}()
#20 C:/xampp/htdocs/next-stage-completo/next-stage/vendor/laravel/framework/src/Illuminate/Pipeline/Pipeline.php(219): Illuminate/Routing/Middleware/SubstituteBindings->handle()
#21 C:/xampp/htdocs/next-stage-completo/next-stage/vendor/laravel/framework/src/Illuminate/Pipeline/Pipeline.php(137): Illuminate/Pipeline/Pipeline->{closure:{closure:Illuminate/Pipeline/Pipeline::carry():194}:195}()
#22 C:/xampp/htdocs/next-stage-completo/next-stage/vendor/laravel/framework/src/Illuminate/Routing/Router.php(821): Illuminate/Pipeline/Pipeline->then()
#23 C:/xampp/htdocs/next-stage-completo/next-stage/vendor/laravel/framework/src/Illuminate/Routing/Router.php(800): Illuminate/Routing/Router->runRouteWithinStack()
#24 C:/xampp/htdocs/next-stage-completo/next-stage/vendor/laravel/framework/src/Illuminate/Routing/Router.php(764): Illuminate/Routing/Router->runRoute()
#25 C:/xampp/htdocs/next-stage-completo/next-stage/vendor/laravel/framework/src/Illuminate/Routing/Router.php(753): Illuminate/Routing/Router->dispatchToRoute()
#26 C:/xampp/htdocs/next-stage-completo/next-stage/vendor/laravel/framework/src/Illuminate/Foundation/Http/Kernel.php(200): Illuminate/Routing/Router->dispatch()
#27 C:/xampp/htdocs/next-stage-completo/next-stage/vendor/laravel/framework/src/Illuminate/Pipeline/Pipeline.php(180): Illuminate/Foundation/Http/Kernel->{closure:Illuminate/Foundation/Http/Kernel::dispatchToRouter():197}()
#28 C:/xampp/htdocs/next-stage-completo/next-stage/vendor/laravel/framework/src/Illuminate/Foundation/Http/Middleware/TransformsRequest.php(21): Illuminate/Pipeline/Pipeline->{closure:Illuminate/Pipeline/Pipeline::prepareDestination():178}()
#29 C:/xampp/htdocs/next-stage-completo/next-stage/vendor/laravel/framework/src/Illuminate/Foundation/Http/Middleware/ConvertEmptyStringsToNull.php(31): Illuminate/Foundation/Http/Middleware/TransformsRequest->handle()
#30 C:/xampp/htdocs/next-stage-completo/next-stage/vendor/laravel/framework/src/Illuminate/Pipeline/Pipeline.php(219): Illuminate/Foundation/Http/Middleware/ConvertEmptyStringsToNull->handle()
#31 C:/xampp/htdocs/next-stage-completo/next-stage/vendor/laravel/framework/src/Illuminate/Foundation/Http/Middleware/TransformsRequest.php(21): Illuminate/Pipeline/Pipeline->{closure:{closure:Illuminate/Pipeline/Pipeline::carry():194}:195}()
#32 C:/xampp/htdocs/next-stage-completo/next-stage/vendor/laravel/framework/src/Illuminate/Foundation/Http/Middleware/TrimStrings.php(51): Illuminate/Foundation/Http/Middleware/TransformsRequest->handle()
#33 C:/xampp/htdocs/next-stage-completo/next-stage/vendor/laravel/framework/src/Illuminate/Pipeline/Pipeline.php(219): Illuminate/Foundation/Http/Middleware/TrimStrings->handle()
#34 C:/xampp/htdocs/next-stage-completo/next-stage/vendor/laravel/framework/src/Illuminate/Http/Middleware/ValidatePostSize.php(27): Illuminate/Pipeline/Pipeline->{closure:{closure:Illuminate/Pipeline/Pipeline::carry():194}:195}()
#35 C:/xampp/htdocs/next-stage-completo/next-stage/vendor/laravel/framework/src/Illuminate/Pipeline/Pipeline.php(219): Illuminate/Http/Middleware/ValidatePostSize->handle()
#36 C:/xampp/htdocs/next-stage-completo/next-stage/vendor/laravel/framework/src/Illuminate/Foundation/Http/Middleware/PreventRequestsDuringMaintenance.php(109): Illuminate/Pipeline/Pipeline->{closure:{closure:Illuminate/Pipeline/Pipeline::carry():194}:195}()
#37 C:/xampp/htdocs/next-stage-completo/next-stage/vendor/laravel/framework/src/Illuminate/Pipeline/Pipeline.php(219): Illuminate/Foundation/Http/Middleware/PreventRequestsDuringMaintenance->handle()
#38 C:/xampp/htdocs/next-stage-completo/next-stage/vendor/laravel/framework/src/Illuminate/Http/Middleware/HandleCors.php(74): Illuminate/Pipeline/Pipeline->{closure:{closure:Illuminate/Pipeline/Pipeline::carry():194}:195}()
#39 C:/xampp/htdocs/next-stage-completo/next-stage/vendor/laravel/framework/src/Illuminate/Pipeline/Pipeline.php(219): Illuminate/Http/Middleware/HandleCors->handle()
#40 C:/xampp/htdocs/next-stage-completo/next-stage/vendor/laravel/framework/src/Illuminate/Http/Middleware/TrustProxies.php(58): Illuminate/Pipeline/Pipeline->{closure:{closure:Illuminate/Pipeline/Pipeline::carry():194}:195}()
#41 C:/xampp/htdocs/next-stage-completo/next-stage/vendor/laravel/framework/src/Illuminate/Pipeline/Pipeline.php(219): Illuminate/Http/Middleware/TrustProxies->handle()
#42 C:/xampp/htdocs/next-stage-completo/next-stage/vendor/laravel/framework/src/Illuminate/Foundation/Http/Middleware/InvokeDeferredCallbacks.php(22): Illuminate/Pipeline/Pipeline->{closure:{closure:Illuminate/Pipeline/Pipeline::carry():194}:195}()
#43 C:/xampp/htdocs/next-stage-completo/next-stage/vendor/laravel/framework/src/Illuminate/Pipeline/Pipeline.php(219): Illuminate/Foundation/Http/Middleware/InvokeDeferredCallbacks->handle()
#44 C:/xampp/htdocs/next-stage-completo/next-stage/vendor/laravel/framework/src/Illuminate/Http/Middleware/ValidatePathEncoding.php(26): Illuminate/Pipeline/Pipeline->{closure:{closure:Illuminate/Pipeline/Pipeline::carry():194}:195}()
#45 C:/xampp/htdocs/next-stage-completo/next-stage/vendor/laravel/framework/src/Illuminate/Pipeline/Pipeline.php(219): Illuminate/Http/Middleware/ValidatePathEncoding->handle()
#46 C:/xampp/htdocs/next-stage-completo/next-stage/vendor/laravel/framework/src/Illuminate/Pipeline/Pipeline.php(137): Illuminate/Pipeline/Pipeline->{closure:{closure:Illuminate/Pipeline/Pipeline::carry():194}:195}()
#47 C:/xampp/htdocs/next-stage-completo/next-stage/vendor/laravel/framework/src/Illuminate/Foundation/Http/Kernel.php(175): Illuminate/Pipeline/Pipeline->then()
#48 C:/xampp/htdocs/next-stage-completo/next-stage/vendor/laravel/framework/src/Illuminate/Foundation/Http/Kernel.php(144): Illuminate/Foundation/Http/Kernel->sendRequestThroughRouter()
#49 C:/xampp/htdocs/next-stage-completo/next-stage/vendor/laravel/framework/src/Illuminate/Foundation/Application.php(1220): Illuminate/Foundation/Http/Kernel->handle()
#50 C:/xampp/htdocs/next-stage-completo/next-stage/public/index.php(17): Illuminate/Foundation/Application->handleRequest()
#51 C:/xampp/htdocs/next-stage-completo/next-stage/vendor/laravel/framework/src/Illuminate/Foundation/resources/server.php(23): require_once('...')
#52 {main}
"} 
[2026-04-09 22:03:13] local.ERROR: SQLSTATE[42S02]: Base table or view not found: 1146 Table 'proximo_estagio.prazo_aluno' doesn't exist (Connection: mysql, Host: 127.0.0.1, Port: 3306, Database: proximo_estagio, SQL: select `t`.`idtipo`, `t`.`nome` as `tipo`, `t`.`intervalo_dias`, `pa`.`dataLimite`, (
                    SELECT d2.dataEmissao
                    FROM documento d2
                    JOIN tipo t2 ON t2.idtipo = d2.tipo_idtipo
                    WHERE d2.aluno_idaluno = 1
                      AND t2.ordem = (t.ordem - 1)
                    ORDER BY d2.iddocumento DESC
                    LIMIT 1
                ) as dataEnvioAnterior from `tipo` as `t` left join `prazo_aluno` as `pa` on `pa`.`tipo_idtipo` = `t`.`idtipo` and `pa`.`aluno_idaluno` = 1 where `t`.`ativo` = 1 order by `t`.`ordem` asc) {"exception":"[object] (Illuminate\\Database\\QueryException(code: 42S02): SQLSTATE[42S02]: Base table or view not found: 1146 Table 'proximo_estagio.prazo_aluno' doesn't exist (Connection: mysql, Host: 127.0.0.1, Port: 3306, Database: proximo_estagio, SQL: select `t`.`idtipo`, `t`.`nome` as `tipo`, `t`.`intervalo_dias`, `pa`.`dataLimite`, (
                    SELECT d2.dataEmissao
                    FROM documento d2
                    JOIN tipo t2 ON t2.idtipo = d2.tipo_idtipo
                    WHERE d2.aluno_idaluno = 1
                      AND t2.ordem = (t.ordem - 1)
                    ORDER BY d2.iddocumento DESC
                    LIMIT 1
                ) as dataEnvioAnterior from `tipo` as `t` left join `prazo_aluno` as `pa` on `pa`.`tipo_idtipo` = `t`.`idtipo` and `pa`.`aluno_idaluno` = 1 where `t`.`ativo` = 1 order by `t`.`ordem` asc) at C:/xampp/htdocs/next-stage-completo/next-stage/vendor/laravel/framework/src/Illuminate/Database/Connection.php:838)
[stacktrace]
#0 C:/xampp/htdocs/next-stage-completo/next-stage/vendor/laravel/framework/src/Illuminate/Database/Connection.php(794): Illuminate/Database/Connection->runQueryCallback()
#1 C:/xampp/htdocs/next-stage-completo/next-stage/vendor/laravel/framework/src/Illuminate/Database/Connection.php(411): Illuminate/Database/Connection->run()
#2 C:/xampp/htdocs/next-stage-completo/next-stage/vendor/laravel/framework/src/Illuminate/Database/Query/Builder.php(3505): Illuminate/Database/Connection->select()
#3 C:/xampp/htdocs/next-stage-completo/next-stage/vendor/laravel/framework/src/Illuminate/Database/Query/Builder.php(3490): Illuminate/Database/Query/Builder->runSelect()
#4 C:/xampp/htdocs/next-stage-completo/next-stage/vendor/laravel/framework/src/Illuminate/Database/Query/Builder.php(4080): Illuminate/Database/Query/Builder->{closure:Illuminate/Database/Query/Builder::get():3489}()
#5 C:/xampp/htdocs/next-stage-completo/next-stage/vendor/laravel/framework/src/Illuminate/Database/Query/Builder.php(3489): Illuminate/Database/Query/Builder->onceWithColumns()
#6 C:/xampp/htdocs/next-stage-completo/next-stage/app/Features/Aluno/Services/AlunoService.php(88): Illuminate/Database/Query/Builder->get()
#7 C:/xampp/htdocs/next-stage-completo/next-stage/app/Features/Aluno/Services/AlunoService.php(54): App/Features/Aluno/Services/AlunoService->calcularPrazos()
#8 C:/xampp/htdocs/next-stage-completo/next-stage/app/Features/Aluno/Controllers/AlunoController.php(21): App/Features/Aluno/Services/AlunoService->listarDocumentos()
#9 C:/xampp/htdocs/next-stage-completo/next-stage/vendor/laravel/framework/src/Illuminate/Routing/Controller.php(54): App/Features/Aluno/Controllers/AlunoController->listarDocumentos()
#10 C:/xampp/htdocs/next-stage-completo/next-stage/vendor/laravel/framework/src/Illuminate/Routing/ControllerDispatcher.php(43): Illuminate/Routing/Controller->callAction()
#11 C:/xampp/htdocs/next-stage-completo/next-stage/vendor/laravel/framework/src/Illuminate/Routing/Route.php(265): Illuminate/Routing/ControllerDispatcher->dispatch()
#12 C:/xampp/htdocs/next-stage-completo/next-stage/vendor/laravel/framework/src/Illuminate/Routing/Route.php(211): Illuminate/Routing/Route->runController()
#13 C:/xampp/htdocs/next-stage-completo/next-stage/vendor/laravel/framework/src/Illuminate/Routing/Router.php(822): Illuminate/Routing/Route->run()
#14 C:/xampp/htdocs/next-stage-completo/next-stage/vendor/laravel/framework/src/Illuminate/Pipeline/Pipeline.php(180): Illuminate/Routing/Router->{closure:Illuminate/Routing/Router::runRouteWithinStack():821}()
#15 C:/xampp/htdocs/next-stage-completo/next-stage/app/Http/Middleware/VerificarToken.php(46): Illuminate/Pipeline/Pipeline->{closure:Illuminate/Pipeline/Pipeline::prepareDestination():178}()
#16 C:/xampp/htdocs/next-stage-completo/next-stage/vendor/laravel/framework/src/Illuminate/Pipeline/Pipeline.php(219): App/Http/Middleware/VerificarToken->handle()
#17 C:/xampp/htdocs/next-stage-completo/next-stage/vendor/laravel/framework/src/Illuminate/Routing/Middleware/SubstituteBindings.php(50): Illuminate/Pipeline/Pipeline->{closure:{closure:Illuminate/Pipeline/Pipeline::carry():194}:195}()
#18 C:/xampp/htdocs/next-stage-completo/next-stage/vendor/laravel/framework/src/Illuminate/Pipeline/Pipeline.php(219): Illuminate/Routing/Middleware/SubstituteBindings->handle()
#19 C:/xampp/htdocs/next-stage-completo/next-stage/vendor/laravel/framework/src/Illuminate/Pipeline/Pipeline.php(137): Illuminate/Pipeline/Pipeline->{closure:{closure:Illuminate/Pipeline/Pipeline::carry():194}:195}()
#20 C:/xampp/htdocs/next-stage-completo/next-stage/vendor/laravel/framework/src/Illuminate/Routing/Router.php(821): Illuminate/Pipeline/Pipeline->then()
#21 C:/xampp/htdocs/next-stage-completo/next-stage/vendor/laravel/framework/src/Illuminate/Routing/Router.php(800): Illuminate/Routing/Router->runRouteWithinStack()
#22 C:/xampp/htdocs/next-stage-completo/next-stage/vendor/laravel/framework/src/Illuminate/Routing/Router.php(764): Illuminate/Routing/Router->runRoute()
#23 C:/xampp/htdocs/next-stage-completo/next-stage/vendor/laravel/framework/src/Illuminate/Routing/Router.php(753): Illuminate/Routing/Router->dispatchToRoute()
#24 C:/xampp/htdocs/next-stage-completo/next-stage/vendor/laravel/framework/src/Illuminate/Foundation/Http/Kernel.php(200): Illuminate/Routing/Router->dispatch()
#25 C:/xampp/htdocs/next-stage-completo/next-stage/vendor/laravel/framework/src/Illuminate/Pipeline/Pipeline.php(180): Illuminate/Foundation/Http/Kernel->{closure:Illuminate/Foundation/Http/Kernel::dispatchToRouter():197}()
#26 C:/xampp/htdocs/next-stage-completo/next-stage/vendor/laravel/framework/src/Illuminate/Foundation/Http/Middleware/TransformsRequest.php(21): Illuminate/Pipeline/Pipeline->{closure:Illuminate/Pipeline/Pipeline::prepareDestination():178}()
#27 C:/xampp/htdocs/next-stage-completo/next-stage/vendor/laravel/framework/src/Illuminate/Foundation/Http/Middleware/ConvertEmptyStringsToNull.php(31): Illuminate/Foundation/Http/Middleware/TransformsRequest->handle()
#28 C:/xampp/htdocs/next-stage-completo/next-stage/vendor/laravel/framework/src/Illuminate/Pipeline/Pipeline.php(219): Illuminate/Foundation/Http/Middleware/ConvertEmptyStringsToNull->handle()
#29 C:/xampp/htdocs/next-stage-completo/next-stage/vendor/laravel/framework/src/Illuminate/Foundation/Http/Middleware/TransformsRequest.php(21): Illuminate/Pipeline/Pipeline->{closure:{closure:Illuminate/Pipeline/Pipeline::carry():194}:195}()
#30 C:/xampp/htdocs/next-stage-completo/next-stage/vendor/laravel/framework/src/Illuminate/Foundation/Http/Middleware/TrimStrings.php(51): Illuminate/Foundation/Http/Middleware/TransformsRequest->handle()
#31 C:/xampp/htdocs/next-stage-completo/next-stage/vendor/laravel/framework/src/Illuminate/Pipeline/Pipeline.php(219): Illuminate/Foundation/Http/Middleware/TrimStrings->handle()
#32 C:/xampp/htdocs/next-stage-completo/next-stage/vendor/laravel/framework/src/Illuminate/Http/Middleware/ValidatePostSize.php(27): Illuminate/Pipeline/Pipeline->{closure:{closure:Illuminate/Pipeline/Pipeline::carry():194}:195}()
#33 C:/xampp/htdocs/next-stage-completo/next-stage/vendor/laravel/framework/src/Illuminate/Pipeline/Pipeline.php(219): Illuminate/Http/Middleware/ValidatePostSize->handle()
#34 C:/xampp/htdocs/next-stage-completo/next-stage/vendor/laravel/framework/src/Illuminate/Foundation/Http/Middleware/PreventRequestsDuringMaintenance.php(109): Illuminate/Pipeline/Pipeline->{closure:{closure:Illuminate/Pipeline/Pipeline::carry():194}:195}()
#35 C:/xampp/htdocs/next-stage-completo/next-stage/vendor/laravel/framework/src/Illuminate/Pipeline/Pipeline.php(219): Illuminate/Foundation/Http/Middleware/PreventRequestsDuringMaintenance->handle()
#36 C:/xampp/htdocs/next-stage-completo/next-stage/vendor/laravel/framework/src/Illuminate/Http/Middleware/HandleCors.php(74): Illuminate/Pipeline/Pipeline->{closure:{closure:Illuminate/Pipeline/Pipeline::carry():194}:195}()
#37 C:/xampp/htdocs/next-stage-completo/next-stage/vendor/laravel/framework/src/Illuminate/Pipeline/Pipeline.php(219): Illuminate/Http/Middleware/HandleCors->handle()
#38 C:/xampp/htdocs/next-stage-completo/next-stage/vendor/laravel/framework/src/Illuminate/Http/Middleware/TrustProxies.php(58): Illuminate/Pipeline/Pipeline->{closure:{closure:Illuminate/Pipeline/Pipeline::carry():194}:195}()
#39 C:/xampp/htdocs/next-stage-completo/next-stage/vendor/laravel/framework/src/Illuminate/Pipeline/Pipeline.php(219): Illuminate/Http/Middleware/TrustProxies->handle()
#40 C:/xampp/htdocs/next-stage-completo/next-stage/vendor/laravel/framework/src/Illuminate/Foundation/Http/Middleware/InvokeDeferredCallbacks.php(22): Illuminate/Pipeline/Pipeline->{closure:{closure:Illuminate/Pipeline/Pipeline::carry():194}:195}()
#41 C:/xampp/htdocs/next-stage-completo/next-stage/vendor/laravel/framework/src/Illuminate/Pipeline/Pipeline.php(219): Illuminate/Foundation/Http/Middleware/InvokeDeferredCallbacks->handle()
#42 C:/xampp/htdocs/next-stage-completo/next-stage/vendor/laravel/framework/src/Illuminate/Http/Middleware/ValidatePathEncoding.php(26): Illuminate/Pipeline/Pipeline->{closure:{closure:Illuminate/Pipeline/Pipeline::carry():194}:195}()
#43 C:/xampp/htdocs/next-stage-completo/next-stage/vendor/laravel/framework/src/Illuminate/Pipeline/Pipeline.php(219): Illuminate/Http/Middleware/ValidatePathEncoding->handle()
#44 C:/xampp/htdocs/next-stage-completo/next-stage/vendor/laravel/framework/src/Illuminate/Pipeline/Pipeline.php(137): Illuminate/Pipeline/Pipeline->{closure:{closure:Illuminate/Pipeline/Pipeline::carry():194}:195}()
#45 C:/xampp/htdocs/next-stage-completo/next-stage/vendor/laravel/framework/src/Illuminate/Foundation/Http/Kernel.php(175): Illuminate/Pipeline/Pipeline->then()
#46 C:/xampp/htdocs/next-stage-completo/next-stage/vendor/laravel/framework/src/Illuminate/Foundation/Http/Kernel.php(144): Illuminate/Foundation/Http/Kernel->sendRequestThroughRouter()
#47 C:/xampp/htdocs/next-stage-completo/next-stage/vendor/laravel/framework/src/Illuminate/Foundation/Application.php(1220): Illuminate/Foundation/Http/Kernel->handle()
#48 C:/xampp/htdocs/next-stage-completo/next-stage/public/index.php(17): Illuminate/Foundation/Application->handleRequest()
#49 C:/xampp/htdocs/next-stage-completo/next-stage/vendor/laravel/framework/src/Illuminate/Foundation/resources/server.php(23): require_once('...')
#50 {main}

[previous exception] [object] (PDOException(code: 42S02): SQLSTATE[42S02]: Base table or view not found: 1146 Table 'proximo_estagio.prazo_aluno' doesn't exist at C:/xampp/htdocs/next-stage-completo/next-stage/vendor/laravel/framework/src/Illuminate/Database/Connection.php:420)
[stacktrace]
#0 C:/xampp/htdocs/next-stage-completo/next-stage/vendor/laravel/framework/src/Illuminate/Database/Connection.php(420): PDO->prepare()
#1 C:/xampp/htdocs/next-stage-completo/next-stage/vendor/laravel/framework/src/Illuminate/Database/Connection.php(827): Illuminate/Database/Connection->{closure:Illuminate/Database/Connection::select():411}()
#2 C:/xampp/htdocs/next-stage-completo/next-stage/vendor/laravel/framework/src/Illuminate/Database/Connection.php(794): Illuminate/Database/Connection->runQueryCallback()
#3 C:/xampp/htdocs/next-stage-completo/next-stage/vendor/laravel/framework/src/Illuminate/Database/Connection.php(411): Illuminate/Database/Connection->run()
#4 C:/xampp/htdocs/next-stage-completo/next-stage/vendor/laravel/framework/src/Illuminate/Database/Query/Builder.php(3505): Illuminate/Database/Connection->select()
#5 C:/xampp/htdocs/next-stage-completo/next-stage/vendor/laravel/framework/src/Illuminate/Database/Query/Builder.php(3490): Illuminate/Database/Query/Builder->runSelect()
#6 C:/xampp/htdocs/next-stage-completo/next-stage/vendor/laravel/framework/src/Illuminate/Database/Query/Builder.php(4080): Illuminate/Database/Query/Builder->{closure:Illuminate/Database/Query/Builder::get():3489}()
#7 C:/xampp/htdocs/next-stage-completo/next-stage/vendor/laravel/framework/src/Illuminate/Database/Query/Builder.php(3489): Illuminate/Database/Query/Builder->onceWithColumns()
#8 C:/xampp/htdocs/next-stage-completo/next-stage/app/Features/Aluno/Services/AlunoService.php(88): Illuminate/Database/Query/Builder->get()
#9 C:/xampp/htdocs/next-stage-completo/next-stage/app/Features/Aluno/Services/AlunoService.php(54): App/Features/Aluno/Services/AlunoService->calcularPrazos()
#10 C:/xampp/htdocs/next-stage-completo/next-stage/app/Features/Aluno/Controllers/AlunoController.php(21): App/Features/Aluno/Services/AlunoService->listarDocumentos()
#11 C:/xampp/htdocs/next-stage-completo/next-stage/vendor/laravel/framework/src/Illuminate/Routing/Controller.php(54): App/Features/Aluno/Controllers/AlunoController->listarDocumentos()
#12 C:/xampp/htdocs/next-stage-completo/next-stage/vendor/laravel/framework/src/Illuminate/Routing/ControllerDispatcher.php(43): Illuminate/Routing/Controller->callAction()
#13 C:/xampp/htdocs/next-stage-completo/next-stage/vendor/laravel/framework/src/Illuminate/Routing/Route.php(265): Illuminate/Routing/ControllerDispatcher->dispatch()
#14 C:/xampp/htdocs/next-stage-completo/next-stage/vendor/laravel/framework/src/Illuminate/Routing/Route.php(211): Illuminate/Routing/Route->runController()
#15 C:/xampp/htdocs/next-stage-completo/next-stage/vendor/laravel/framework/src/Illuminate/Routing/Router.php(822): Illuminate/Routing/Route->run()
#16 C:/xampp/htdocs/next-stage-completo/next-stage/vendor/laravel/framework/src/Illuminate/Pipeline/Pipeline.php(180): Illuminate/Routing/Router->{closure:Illuminate/Routing/Router::runRouteWithinStack():821}()
#17 C:/xampp/htdocs/next-stage-completo/next-stage/app/Http/Middleware/VerificarToken.php(46): Illuminate/Pipeline/Pipeline->{closure:Illuminate/Pipeline/Pipeline::prepareDestination():178}()
#18 C:/xampp/htdocs/next-stage-completo/next-stage/vendor/laravel/framework/src/Illuminate/Pipeline/Pipeline.php(219): App/Http/Middleware/VerificarToken->handle()
#19 C:/xampp/htdocs/next-stage-completo/next-stage/vendor/laravel/framework/src/Illuminate/Routing/Middleware/SubstituteBindings.php(50): Illuminate/Pipeline/Pipeline->{closure:{closure:Illuminate/Pipeline/Pipeline::carry():194}:195}()
#20 C:/xampp/htdocs/next-stage-completo/next-stage/vendor/laravel/framework/src/Illuminate/Pipeline/Pipeline.php(219): Illuminate/Routing/Middleware/SubstituteBindings->handle()
#21 C:/xampp/htdocs/next-stage-completo/next-stage/vendor/laravel/framework/src/Illuminate/Pipeline/Pipeline.php(137): Illuminate/Pipeline/Pipeline->{closure:{closure:Illuminate/Pipeline/Pipeline::carry():194}:195}()
#22 C:/xampp/htdocs/next-stage-completo/next-stage/vendor/laravel/framework/src/Illuminate/Routing/Router.php(821): Illuminate/Pipeline/Pipeline->then()
#23 C:/xampp/htdocs/next-stage-completo/next-stage/vendor/laravel/framework/src/Illuminate/Routing/Router.php(800): Illuminate/Routing/Router->runRouteWithinStack()
#24 C:/xampp/htdocs/next-stage-completo/next-stage/vendor/laravel/framework/src/Illuminate/Routing/Router.php(764): Illuminate/Routing/Router->runRoute()
#25 C:/xampp/htdocs/next-stage-completo/next-stage/vendor/laravel/framework/src/Illuminate/Routing/Router.php(753): Illuminate/Routing/Router->dispatchToRoute()
#26 C:/xampp/htdocs/next-stage-completo/next-stage/vendor/laravel/framework/src/Illuminate/Foundation/Http/Kernel.php(200): Illuminate/Routing/Router->dispatch()
#27 C:/xampp/htdocs/next-stage-completo/next-stage/vendor/laravel/framework/src/Illuminate/Pipeline/Pipeline.php(180): Illuminate/Foundation/Http/Kernel->{closure:Illuminate/Foundation/Http/Kernel::dispatchToRouter():197}()
#28 C:/xampp/htdocs/next-stage-completo/next-stage/vendor/laravel/framework/src/Illuminate/Foundation/Http/Middleware/TransformsRequest.php(21): Illuminate/Pipeline/Pipeline->{closure:Illuminate/Pipeline/Pipeline::prepareDestination():178}()
#29 C:/xampp/htdocs/next-stage-completo/next-stage/vendor/laravel/framework/src/Illuminate/Foundation/Http/Middleware/ConvertEmptyStringsToNull.php(31): Illuminate/Foundation/Http/Middleware/TransformsRequest->handle()
#30 C:/xampp/htdocs/next-stage-completo/next-stage/vendor/laravel/framework/src/Illuminate/Pipeline/Pipeline.php(219): Illuminate/Foundation/Http/Middleware/ConvertEmptyStringsToNull->handle()
#31 C:/xampp/htdocs/next-stage-completo/next-stage/vendor/laravel/framework/src/Illuminate/Foundation/Http/Middleware/TransformsRequest.php(21): Illuminate/Pipeline/Pipeline->{closure:{closure:Illuminate/Pipeline/Pipeline::carry():194}:195}()
#32 C:/xampp/htdocs/next-stage-completo/next-stage/vendor/laravel/framework/src/Illuminate/Foundation/Http/Middleware/TrimStrings.php(51): Illuminate/Foundation/Http/Middleware/TransformsRequest->handle()
#33 C:/xampp/htdocs/next-stage-completo/next-stage/vendor/laravel/framework/src/Illuminate/Pipeline/Pipeline.php(219): Illuminate/Foundation/Http/Middleware/TrimStrings->handle()
#34 C:/xampp/htdocs/next-stage-completo/next-stage/vendor/laravel/framework/src/Illuminate/Http/Middleware/ValidatePostSize.php(27): Illuminate/Pipeline/Pipeline->{closure:{closure:Illuminate/Pipeline/Pipeline::carry():194}:195}()
#35 C:/xampp/htdocs/next-stage-completo/next-stage/vendor/laravel/framework/src/Illuminate/Pipeline/Pipeline.php(219): Illuminate/Http/Middleware/ValidatePostSize->handle()
#36 C:/xampp/htdocs/next-stage-completo/next-stage/vendor/laravel/framework/src/Illuminate/Foundation/Http/Middleware/PreventRequestsDuringMaintenance.php(109): Illuminate/Pipeline/Pipeline->{closure:{closure:Illuminate/Pipeline/Pipeline::carry():194}:195}()
#37 C:/xampp/htdocs/next-stage-completo/next-stage/vendor/laravel/framework/src/Illuminate/Pipeline/Pipeline.php(219): Illuminate/Foundation/Http/Middleware/PreventRequestsDuringMaintenance->handle()
#38 C:/xampp/htdocs/next-stage-completo/next-stage/vendor/laravel/framework/src/Illuminate/Http/Middleware/HandleCors.php(74): Illuminate/Pipeline/Pipeline->{closure:{closure:Illuminate/Pipeline/Pipeline::carry():194}:195}()
#39 C:/xampp/htdocs/next-stage-completo/next-stage/vendor/laravel/framework/src/Illuminate/Pipeline/Pipeline.php(219): Illuminate/Http/Middleware/HandleCors->handle()
#40 C:/xampp/htdocs/next-stage-completo/next-stage/vendor/laravel/framework/src/Illuminate/Http/Middleware/TrustProxies.php(58): Illuminate/Pipeline/Pipeline->{closure:{closure:Illuminate/Pipeline/Pipeline::carry():194}:195}()
#41 C:/xampp/htdocs/next-stage-completo/next-stage/vendor/laravel/framework/src/Illuminate/Pipeline/Pipeline.php(219): Illuminate/Http/Middleware/TrustProxies->handle()
#42 C:/xampp/htdocs/next-stage-completo/next-stage/vendor/laravel/framework/src/Illuminate/Foundation/Http/Middleware/InvokeDeferredCallbacks.php(22): Illuminate/Pipeline/Pipeline->{closure:{closure:Illuminate/Pipeline/Pipeline::carry():194}:195}()
#43 C:/xampp/htdocs/next-stage-completo/next-stage/vendor/laravel/framework/src/Illuminate/Pipeline/Pipeline.php(219): Illuminate/Foundation/Http/Middleware/InvokeDeferredCallbacks->handle()
#44 C:/xampp/htdocs/next-stage-completo/next-stage/vendor/laravel/framework/src/Illuminate/Http/Middleware/ValidatePathEncoding.php(26): Illuminate/Pipeline/Pipeline->{closure:{closure:Illuminate/Pipeline/Pipeline::carry():194}:195}()
#45 C:/xampp/htdocs/next-stage-completo/next-stage/vendor/laravel/framework/src/Illuminate/Pipeline/Pipeline.php(219): Illuminate/Http/Middleware/ValidatePathEncoding->handle()
#46 C:/xampp/htdocs/next-stage-completo/next-stage/vendor/laravel/framework/src/Illuminate/Pipeline/Pipeline.php(137): Illuminate/Pipeline/Pipeline->{closure:{closure:Illuminate/Pipeline/Pipeline::carry():194}:195}()
#47 C:/xampp/htdocs/next-stage-completo/next-stage/vendor/laravel/framework/src/Illuminate/Foundation/Http/Kernel.php(175): Illuminate/Pipeline/Pipeline->then()
#48 C:/xampp/htdocs/next-stage-completo/next-stage/vendor/laravel/framework/src/Illuminate/Foundation/Http/Kernel.php(144): Illuminate/Foundation/Http/Kernel->sendRequestThroughRouter()
#49 C:/xampp/htdocs/next-stage-completo/next-stage/vendor/laravel/framework/src/Illuminate/Foundation/Application.php(1220): Illuminate/Foundation/Http/Kernel->handle()
#50 C:/xampp/htdocs/next-stage-completo/next-stage/public/index.php(17): Illuminate/Foundation/Application->handleRequest()
#51 C:/xampp/htdocs/next-stage-completo/next-stage/vendor/laravel/framework/src/Illuminate/Foundation/resources/server.php(23): require_once('...')
#52 {main}
"} 
[2026-04-09 22:03:29] local.ERROR: SQLSTATE[42S02]: Base table or view not found: 1146 Table 'proximo_estagio.prazo_aluno' doesn't exist (Connection: mysql, Host: 127.0.0.1, Port: 3306, Database: proximo_estagio, SQL: select `t`.`idtipo`, `t`.`nome` as `tipo`, `t`.`intervalo_dias`, `pa`.`dataLimite`, (
                    SELECT d2.dataEmissao
                    FROM documento d2
                    JOIN tipo t2 ON t2.idtipo = d2.tipo_idtipo
                    WHERE d2.aluno_idaluno = 1
                      AND t2.ordem = (t.ordem - 1)
                    ORDER BY d2.iddocumento DESC
                    LIMIT 1
                ) as dataEnvioAnterior from `tipo` as `t` left join `prazo_aluno` as `pa` on `pa`.`tipo_idtipo` = `t`.`idtipo` and `pa`.`aluno_idaluno` = 1 where `t`.`ativo` = 1 order by `t`.`ordem` asc) {"exception":"[object] (Illuminate\\Database\\QueryException(code: 42S02): SQLSTATE[42S02]: Base table or view not found: 1146 Table 'proximo_estagio.prazo_aluno' doesn't exist (Connection: mysql, Host: 127.0.0.1, Port: 3306, Database: proximo_estagio, SQL: select `t`.`idtipo`, `t`.`nome` as `tipo`, `t`.`intervalo_dias`, `pa`.`dataLimite`, (
                    SELECT d2.dataEmissao
                    FROM documento d2
                    JOIN tipo t2 ON t2.idtipo = d2.tipo_idtipo
                    WHERE d2.aluno_idaluno = 1
                      AND t2.ordem = (t.ordem - 1)
                    ORDER BY d2.iddocumento DESC
                    LIMIT 1
                ) as dataEnvioAnterior from `tipo` as `t` left join `prazo_aluno` as `pa` on `pa`.`tipo_idtipo` = `t`.`idtipo` and `pa`.`aluno_idaluno` = 1 where `t`.`ativo` = 1 order by `t`.`ordem` asc) at C:/xampp/htdocs/next-stage-completo/next-stage/vendor/laravel/framework/src/Illuminate/Database/Connection.php:838)
[stacktrace]
#0 C:/xampp/htdocs/next-stage-completo/next-stage/vendor/laravel/framework/src/Illuminate/Database/Connection.php(794): Illuminate/Database/Connection->runQueryCallback()
#1 C:/xampp/htdocs/next-stage-completo/next-stage/vendor/laravel/framework/src/Illuminate/Database/Connection.php(411): Illuminate/Database/Connection->run()
#2 C:/xampp/htdocs/next-stage-completo/next-stage/vendor/laravel/framework/src/Illuminate/Database/Query/Builder.php(3505): Illuminate/Database/Connection->select()
#3 C:/xampp/htdocs/next-stage-completo/next-stage/vendor/laravel/framework/src/Illuminate/Database/Query/Builder.php(3490): Illuminate/Database/Query/Builder->runSelect()
#4 C:/xampp/htdocs/next-stage-completo/next-stage/vendor/laravel/framework/src/Illuminate/Database/Query/Builder.php(4080): Illuminate/Database/Query/Builder->{closure:Illuminate/Database/Query/Builder::get():3489}()
#5 C:/xampp/htdocs/next-stage-completo/next-stage/vendor/laravel/framework/src/Illuminate/Database/Query/Builder.php(3489): Illuminate/Database/Query/Builder->onceWithColumns()
#6 C:/xampp/htdocs/next-stage-completo/next-stage/app/Features/Aluno/Services/AlunoService.php(88): Illuminate/Database/Query/Builder->get()
#7 C:/xampp/htdocs/next-stage-completo/next-stage/app/Features/Aluno/Services/AlunoService.php(54): App/Features/Aluno/Services/AlunoService->calcularPrazos()
#8 C:/xampp/htdocs/next-stage-completo/next-stage/app/Features/Aluno/Controllers/AlunoController.php(21): App/Features/Aluno/Services/AlunoService->listarDocumentos()
#9 C:/xampp/htdocs/next-stage-completo/next-stage/vendor/laravel/framework/src/Illuminate/Routing/Controller.php(54): App/Features/Aluno/Controllers/AlunoController->listarDocumentos()
#10 C:/xampp/htdocs/next-stage-completo/next-stage/vendor/laravel/framework/src/Illuminate/Routing/ControllerDispatcher.php(43): Illuminate/Routing/Controller->callAction()
#11 C:/xampp/htdocs/next-stage-completo/next-stage/vendor/laravel/framework/src/Illuminate/Routing/Route.php(265): Illuminate/Routing/ControllerDispatcher->dispatch()
#12 C:/xampp/htdocs/next-stage-completo/next-stage/vendor/laravel/framework/src/Illuminate/Routing/Route.php(211): Illuminate/Routing/Route->runController()
#13 C:/xampp/htdocs/next-stage-completo/next-stage/vendor/laravel/framework/src/Illuminate/Routing/Router.php(822): Illuminate/Routing/Route->run()
#14 C:/xampp/htdocs/next-stage-completo/next-stage/vendor/laravel/framework/src/Illuminate/Pipeline/Pipeline.php(180): Illuminate/Routing/Router->{closure:Illuminate/Routing/Router::runRouteWithinStack():821}()
#15 C:/xampp/htdocs/next-stage-completo/next-stage/app/Http/Middleware/VerificarToken.php(46): Illuminate/Pipeline/Pipeline->{closure:Illuminate/Pipeline/Pipeline::prepareDestination():178}()
#16 C:/xampp/htdocs/next-stage-completo/next-stage/vendor/laravel/framework/src/Illuminate/Pipeline/Pipeline.php(219): App/Http/Middleware/VerificarToken->handle()
#17 C:/xampp/htdocs/next-stage-completo/next-stage/vendor/laravel/framework/src/Illuminate/Routing/Middleware/SubstituteBindings.php(50): Illuminate/Pipeline/Pipeline->{closure:{closure:Illuminate/Pipeline/Pipeline::carry():194}:195}()
#18 C:/xampp/htdocs/next-stage-completo/next-stage/vendor/laravel/framework/src/Illuminate/Pipeline/Pipeline.php(219): Illuminate/Routing/Middleware/SubstituteBindings->handle()
#19 C:/xampp/htdocs/next-stage-completo/next-stage/vendor/laravel/framework/src/Illuminate/Pipeline/Pipeline.php(137): Illuminate/Pipeline/Pipeline->{closure:{closure:Illuminate/Pipeline/Pipeline::carry():194}:195}()
#20 C:/xampp/htdocs/next-stage-completo/next-stage/vendor/laravel/framework/src/Illuminate/Routing/Router.php(821): Illuminate/Pipeline/Pipeline->then()
#21 C:/xampp/htdocs/next-stage-completo/next-stage/vendor/laravel/framework/src/Illuminate/Routing/Router.php(800): Illuminate/Routing/Router->runRouteWithinStack()
#22 C:/xampp/htdocs/next-stage-completo/next-stage/vendor/laravel/framework/src/Illuminate/Routing/Router.php(764): Illuminate/Routing/Router->runRoute()
#23 C:/xampp/htdocs/next-stage-completo/next-stage/vendor/laravel/framework/src/Illuminate/Routing/Router.php(753): Illuminate/Routing/Router->dispatchToRoute()
#24 C:/xampp/htdocs/next-stage-completo/next-stage/vendor/laravel/framework/src/Illuminate/Foundation/Http/Kernel.php(200): Illuminate/Routing/Router->dispatch()
#25 C:/xampp/htdocs/next-stage-completo/next-stage/vendor/laravel/framework/src/Illuminate/Pipeline/Pipeline.php(180): Illuminate/Foundation/Http/Kernel->{closure:Illuminate/Foundation/Http/Kernel::dispatchToRouter():197}()
#26 C:/xampp/htdocs/next-stage-completo/next-stage/vendor/laravel/framework/src/Illuminate/Foundation/Http/Middleware/TransformsRequest.php(21): Illuminate/Pipeline/Pipeline->{closure:Illuminate/Pipeline/Pipeline::prepareDestination():178}()
#27 C:/xampp/htdocs/next-stage-completo/next-stage/vendor/laravel/framework/src/Illuminate/Foundation/Http/Middleware/ConvertEmptyStringsToNull.php(31): Illuminate/Foundation/Http/Middleware/TransformsRequest->handle()
#28 C:/xampp/htdocs/next-stage-completo/next-stage/vendor/laravel/framework/src/Illuminate/Pipeline/Pipeline.php(219): Illuminate/Foundation/Http/Middleware/ConvertEmptyStringsToNull->handle()
#29 C:/xampp/htdocs/next-stage-completo/next-stage/vendor/laravel/framework/src/Illuminate/Foundation/Http/Middleware/TransformsRequest.php(21): Illuminate/Pipeline/Pipeline->{closure:{closure:Illuminate/Pipeline/Pipeline::carry():194}:195}()
#30 C:/xampp/htdocs/next-stage-completo/next-stage/vendor/laravel/framework/src/Illuminate/Foundation/Http/Middleware/TrimStrings.php(51): Illuminate/Foundation/Http/Middleware/TransformsRequest->handle()
#31 C:/xampp/htdocs/next-stage-completo/next-stage/vendor/laravel/framework/src/Illuminate/Pipeline/Pipeline.php(219): Illuminate/Foundation/Http/Middleware/TrimStrings->handle()
#32 C:/xampp/htdocs/next-stage-completo/next-stage/vendor/laravel/framework/src/Illuminate/Http/Middleware/ValidatePostSize.php(27): Illuminate/Pipeline/Pipeline->{closure:{closure:Illuminate/Pipeline/Pipeline::carry():194}:195}()
#33 C:/xampp/htdocs/next-stage-completo/next-stage/vendor/laravel/framework/src/Illuminate/Pipeline/Pipeline.php(219): Illuminate/Http/Middleware/ValidatePostSize->handle()
#34 C:/xampp/htdocs/next-stage-completo/next-stage/vendor/laravel/framework/src/Illuminate/Foundation/Http/Middleware/PreventRequestsDuringMaintenance.php(109): Illuminate/Pipeline/Pipeline->{closure:{closure:Illuminate/Pipeline/Pipeline::carry():194}:195}()
#35 C:/xampp/htdocs/next-stage-completo/next-stage/vendor/laravel/framework/src/Illuminate/Pipeline/Pipeline.php(219): Illuminate/Foundation/Http/Middleware/PreventRequestsDuringMaintenance->handle()
#36 C:/xampp/htdocs/next-stage-completo/next-stage/vendor/laravel/framework/src/Illuminate/Http/Middleware/HandleCors.php(74): Illuminate/Pipeline/Pipeline->{closure:{closure:Illuminate/Pipeline/Pipeline::carry():194}:195}()
#37 C:/xampp/htdocs/next-stage-completo/next-stage/vendor/laravel/framework/src/Illuminate/Pipeline/Pipeline.php(219): Illuminate/Http/Middleware/HandleCors->handle()
#38 C:/xampp/htdocs/next-stage-completo/next-stage/vendor/laravel/framework/src/Illuminate/Http/Middleware/TrustProxies.php(58): Illuminate/Pipeline/Pipeline->{closure:{closure:Illuminate/Pipeline/Pipeline::carry():194}:195}()
#39 C:/xampp/htdocs/next-stage-completo/next-stage/vendor/laravel/framework/src/Illuminate/Pipeline/Pipeline.php(219): Illuminate/Http/Middleware/TrustProxies->handle()
#40 C:/xampp/htdocs/next-stage-completo/next-stage/vendor/laravel/framework/src/Illuminate/Foundation/Http/Middleware/InvokeDeferredCallbacks.php(22): Illuminate/Pipeline/Pipeline->{closure:{closure:Illuminate/Pipeline/Pipeline::carry():194}:195}()
#41 C:/xampp/htdocs/next-stage-completo/next-stage/vendor/laravel/framework/src/Illuminate/Pipeline/Pipeline.php(219): Illuminate/Foundation/Http/Middleware/InvokeDeferredCallbacks->handle()
#42 C:/xampp/htdocs/next-stage-completo/next-stage/vendor/laravel/framework/src/Illuminate/Http/Middleware/ValidatePathEncoding.php(26): Illuminate/Pipeline/Pipeline->{closure:{closure:Illuminate/Pipeline/Pipeline::carry():194}:195}()
#43 C:/xampp/htdocs/next-stage-completo/next-stage/vendor/laravel/framework/src/Illuminate/Pipeline/Pipeline.php(219): Illuminate/Http/Middleware/ValidatePathEncoding->handle()
#44 C:/xampp/htdocs/next-stage-completo/next-stage/vendor/laravel/framework/src/Illuminate/Pipeline/Pipeline.php(137): Illuminate/Pipeline/Pipeline->{closure:{closure:Illuminate/Pipeline/Pipeline::carry():194}:195}()
#45 C:/xampp/htdocs/next-stage-completo/next-stage/vendor/laravel/framework/src/Illuminate/Foundation/Http/Kernel.php(175): Illuminate/Pipeline/Pipeline->then()
#46 C:/xampp/htdocs/next-stage-completo/next-stage/vendor/laravel/framework/src/Illuminate/Foundation/Http/Kernel.php(144): Illuminate/Foundation/Http/Kernel->sendRequestThroughRouter()
#47 C:/xampp/htdocs/next-stage-completo/next-stage/vendor/laravel/framework/src/Illuminate/Foundation/Application.php(1220): Illuminate/Foundation/Http/Kernel->handle()
#48 C:/xampp/htdocs/next-stage-completo/next-stage/public/index.php(17): Illuminate/Foundation/Application->handleRequest()
#49 C:/xampp/htdocs/next-stage-completo/next-stage/vendor/laravel/framework/src/Illuminate/Foundation/resources/server.php(23): require_once('...')
#50 {main}

[previous exception] [object] (PDOException(code: 42S02): SQLSTATE[42S02]: Base table or view not found: 1146 Table 'proximo_estagio.prazo_aluno' doesn't exist at C:/xampp/htdocs/next-stage-completo/next-stage/vendor/laravel/framework/src/Illuminate/Database/Connection.php:420)
[stacktrace]
#0 C:/xampp/htdocs/next-stage-completo/next-stage/vendor/laravel/framework/src/Illuminate/Database/Connection.php(420): PDO->prepare()
#1 C:/xampp/htdocs/next-stage-completo/next-stage/vendor/laravel/framework/src/Illuminate/Database/Connection.php(827): Illuminate/Database/Connection->{closure:Illuminate/Database/Connection::select():411}()
#2 C:/xampp/htdocs/next-stage-completo/next-stage/vendor/laravel/framework/src/Illuminate/Database/Connection.php(794): Illuminate/Database/Connection->runQueryCallback()
#3 C:/xampp/htdocs/next-stage-completo/next-stage/vendor/laravel/framework/src/Illuminate/Database/Connection.php(411): Illuminate/Database/Connection->run()
#4 C:/xampp/htdocs/next-stage-completo/next-stage/vendor/laravel/framework/src/Illuminate/Database/Query/Builder.php(3505): Illuminate/Database/Connection->select()
#5 C:/xampp/htdocs/next-stage-completo/next-stage/vendor/laravel/framework/src/Illuminate/Database/Query/Builder.php(3490): Illuminate/Database/Query/Builder->runSelect()
#6 C:/xampp/htdocs/next-stage-completo/next-stage/vendor/laravel/framework/src/Illuminate/Database/Query/Builder.php(4080): Illuminate/Database/Query/Builder->{closure:Illuminate/Database/Query/Builder::get():3489}()
#7 C:/xampp/htdocs/next-stage-completo/next-stage/vendor/laravel/framework/src/Illuminate/Database/Query/Builder.php(3489): Illuminate/Database/Query/Builder->onceWithColumns()
#8 C:/xampp/htdocs/next-stage-completo/next-stage/app/Features/Aluno/Services/AlunoService.php(88): Illuminate/Database/Query/Builder->get()
#9 C:/xampp/htdocs/next-stage-completo/next-stage/app/Features/Aluno/Services/AlunoService.php(54): App/Features/Aluno/Services/AlunoService->calcularPrazos()
#10 C:/xampp/htdocs/next-stage-completo/next-stage/app/Features/Aluno/Controllers/AlunoController.php(21): App/Features/Aluno/Services/AlunoService->listarDocumentos()
#11 C:/xampp/htdocs/next-stage-completo/next-stage/vendor/laravel/framework/src/Illuminate/Routing/Controller.php(54): App/Features/Aluno/Controllers/AlunoController->listarDocumentos()
#12 C:/xampp/htdocs/next-stage-completo/next-stage/vendor/laravel/framework/src/Illuminate/Routing/ControllerDispatcher.php(43): Illuminate/Routing/Controller->callAction()
#13 C:/xampp/htdocs/next-stage-completo/next-stage/vendor/laravel/framework/src/Illuminate/Routing/Route.php(265): Illuminate/Routing/ControllerDispatcher->dispatch()
#14 C:/xampp/htdocs/next-stage-completo/next-stage/vendor/laravel/framework/src/Illuminate/Routing/Route.php(211): Illuminate/Routing/Route->runController()
#15 C:/xampp/htdocs/next-stage-completo/next-stage/vendor/laravel/framework/src/Illuminate/Routing/Router.php(822): Illuminate/Routing/Route->run()
#16 C:/xampp/htdocs/next-stage-completo/next-stage/vendor/laravel/framework/src/Illuminate/Pipeline/Pipeline.php(180): Illuminate/Routing/Router->{closure:Illuminate/Routing/Router::runRouteWithinStack():821}()
#17 C:/xampp/htdocs/next-stage-completo/next-stage/app/Http/Middleware/VerificarToken.php(46): Illuminate/Pipeline/Pipeline->{closure:Illuminate/Pipeline/Pipeline::prepareDestination():178}()
#18 C:/xampp/htdocs/next-stage-completo/next-stage/vendor/laravel/framework/src/Illuminate/Pipeline/Pipeline.php(219): App/Http/Middleware/VerificarToken->handle()
#19 C:/xampp/htdocs/next-stage-completo/next-stage/vendor/laravel/framework/src/Illuminate/Routing/Middleware/SubstituteBindings.php(50): Illuminate/Pipeline/Pipeline->{closure:{closure:Illuminate/Pipeline/Pipeline::carry():194}:195}()
#20 C:/xampp/htdocs/next-stage-completo/next-stage/vendor/laravel/framework/src/Illuminate/Pipeline/Pipeline.php(219): Illuminate/Routing/Middleware/SubstituteBindings->handle()
#21 C:/xampp/htdocs/next-stage-completo/next-stage/vendor/laravel/framework/src/Illuminate/Pipeline/Pipeline.php(137): Illuminate/Pipeline/Pipeline->{closure:{closure:Illuminate/Pipeline/Pipeline::carry():194}:195}()
#22 C:/xampp/htdocs/next-stage-completo/next-stage/vendor/laravel/framework/src/Illuminate/Routing/Router.php(821): Illuminate/Pipeline/Pipeline->then()
#23 C:/xampp/htdocs/next-stage-completo/next-stage/vendor/laravel/framework/src/Illuminate/Routing/Router.php(800): Illuminate/Routing/Router->runRouteWithinStack()
#24 C:/xampp/htdocs/next-stage-completo/next-stage/vendor/laravel/framework/src/Illuminate/Routing/Router.php(764): Illuminate/Routing/Router->runRoute()
#25 C:/xampp/htdocs/next-stage-completo/next-stage/vendor/laravel/framework/src/Illuminate/Routing/Router.php(753): Illuminate/Routing/Router->dispatchToRoute()
#26 C:/xampp/htdocs/next-stage-completo/next-stage/vendor/laravel/framework/src/Illuminate/Foundation/Http/Kernel.php(200): Illuminate/Routing/Router->dispatch()
#27 C:/xampp/htdocs/next-stage-completo/next-stage/vendor/laravel/framework/src/Illuminate/Pipeline/Pipeline.php(180): Illuminate/Foundation/Http/Kernel->{closure:Illuminate/Foundation/Http/Kernel::dispatchToRouter():197}()
#28 C:/xampp/htdocs/next-stage-completo/next-stage/vendor/laravel/framework/src/Illuminate/Foundation/Http/Middleware/TransformsRequest.php(21): Illuminate/Pipeline/Pipeline->{closure:Illuminate/Pipeline/Pipeline::prepareDestination():178}()
#29 C:/xampp/htdocs/next-stage-completo/next-stage/vendor/laravel/framework/src/Illuminate/Foundation/Http/Middleware/ConvertEmptyStringsToNull.php(31): Illuminate/Foundation/Http/Middleware/TransformsRequest->handle()
#30 C:/xampp/htdocs/next-stage-completo/next-stage/vendor/laravel/framework/src/Illuminate/Pipeline/Pipeline.php(219): Illuminate/Foundation/Http/Middleware/ConvertEmptyStringsToNull->handle()
#31 C:/xampp/htdocs/next-stage-completo/next-stage/vendor/laravel/framework/src/Illuminate/Foundation/Http/Middleware/TransformsRequest.php(21): Illuminate/Pipeline/Pipeline->{closure:{closure:Illuminate/Pipeline/Pipeline::carry():194}:195}()
#32 C:/xampp/htdocs/next-stage-completo/next-stage/vendor/laravel/framework/src/Illuminate/Foundation/Http/Middleware/TrimStrings.php(51): Illuminate/Foundation/Http/Middleware/TransformsRequest->handle()
#33 C:/xampp/htdocs/next-stage-completo/next-stage/vendor/laravel/framework/src/Illuminate/Pipeline/Pipeline.php(219): Illuminate/Foundation/Http/Middleware/TrimStrings->handle()
#34 C:/xampp/htdocs/next-stage-completo/next-stage/vendor/laravel/framework/src/Illuminate/Http/Middleware/ValidatePostSize.php(27): Illuminate/Pipeline/Pipeline->{closure:{closure:Illuminate/Pipeline/Pipeline::carry():194}:195}()
#35 C:/xampp/htdocs/next-stage-completo/next-stage/vendor/laravel/framework/src/Illuminate/Pipeline/Pipeline.php(219): Illuminate/Http/Middleware/ValidatePostSize->handle()
#36 C:/xampp/htdocs/next-stage-completo/next-stage/vendor/laravel/framework/src/Illuminate/Foundation/Http/Middleware/PreventRequestsDuringMaintenance.php(109): Illuminate/Pipeline/Pipeline->{closure:{closure:Illuminate/Pipeline/Pipeline::carry():194}:195}()
#37 C:/xampp/htdocs/next-stage-completo/next-stage/vendor/laravel/framework/src/Illuminate/Pipeline/Pipeline.php(219): Illuminate/Foundation/Http/Middleware/PreventRequestsDuringMaintenance->handle()
#38 C:/xampp/htdocs/next-stage-completo/next-stage/vendor/laravel/framework/src/Illuminate/Http/Middleware/HandleCors.php(74): Illuminate/Pipeline/Pipeline->{closure:{closure:Illuminate/Pipeline/Pipeline::carry():194}:195}()
#39 C:/xampp/htdocs/next-stage-completo/next-stage/vendor/laravel/framework/src/Illuminate/Pipeline/Pipeline.php(219): Illuminate/Http/Middleware/HandleCors->handle()
#40 C:/xampp/htdocs/next-stage-completo/next-stage/vendor/laravel/framework/src/Illuminate/Http/Middleware/TrustProxies.php(58): Illuminate/Pipeline/Pipeline->{closure:{closure:Illuminate/Pipeline/Pipeline::carry():194}:195}()
#41 C:/xampp/htdocs/next-stage-completo/next-stage/vendor/laravel/framework/src/Illuminate/Pipeline/Pipeline.php(219): Illuminate/Http/Middleware/TrustProxies->handle()
#42 C:/xampp/htdocs/next-stage-completo/next-stage/vendor/laravel/framework/src/Illuminate/Foundation/Http/Middleware/InvokeDeferredCallbacks.php(22): Illuminate/Pipeline/Pipeline->{closure:{closure:Illuminate/Pipeline/Pipeline::carry():194}:195}()
#43 C:/xampp/htdocs/next-stage-completo/next-stage/vendor/laravel/framework/src/Illuminate/Pipeline/Pipeline.php(219): Illuminate/Foundation/Http/Middleware/InvokeDeferredCallbacks->handle()
#44 C:/xampp/htdocs/next-stage-completo/next-stage/vendor/laravel/framework/src/Illuminate/Http/Middleware/ValidatePathEncoding.php(26): Illuminate/Pipeline/Pipeline->{closure:{closure:Illuminate/Pipeline/Pipeline::carry():194}:195}()
#45 C:/xampp/htdocs/next-stage-completo/next-stage/vendor/laravel/framework/src/Illuminate/Pipeline/Pipeline.php(219): Illuminate/Http/Middleware/ValidatePathEncoding->handle()
#46 C:/xampp/htdocs/next-stage-completo/next-stage/vendor/laravel/framework/src/Illuminate/Pipeline/Pipeline.php(137): Illuminate/Pipeline/Pipeline->{closure:{closure:Illuminate/Pipeline/Pipeline::carry():194}:195}()
#47 C:/xampp/htdocs/next-stage-completo/next-stage/vendor/laravel/framework/src/Illuminate/Foundation/Http/Kernel.php(175): Illuminate/Pipeline/Pipeline->then()
#48 C:/xampp/htdocs/next-stage-completo/next-stage/vendor/laravel/framework/src/Illuminate/Foundation/Http/Kernel.php(144): Illuminate/Foundation/Http/Kernel->sendRequestThroughRouter()
#49 C:/xampp/htdocs/next-stage-completo/next-stage/vendor/laravel/framework/src/Illuminate/Foundation/Application.php(1220): Illuminate/Foundation/Http/Kernel->handle()
#50 C:/xampp/htdocs/next-stage-completo/next-stage/public/index.php(17): Illuminate/Foundation/Application->handleRequest()
#51 C:/xampp/htdocs/next-stage-completo/next-stage/vendor/laravel/framework/src/Illuminate/Foundation/resources/server.php(23): require_once('...')
#52 {main}
"} 
[2026-04-09 22:03:42] local.ERROR: SQLSTATE[42S02]: Base table or view not found: 1146 Table 'proximo_estagio.prazo_aluno' doesn't exist (Connection: mysql, Host: 127.0.0.1, Port: 3306, Database: proximo_estagio, SQL: select `t`.`idtipo`, `t`.`nome` as `tipo`, `t`.`intervalo_dias`, `pa`.`dataLimite`, (
                    SELECT d2.dataEmissao
                    FROM documento d2
                    JOIN tipo t2 ON t2.idtipo = d2.tipo_idtipo
                    WHERE d2.aluno_idaluno = 1
                      AND t2.ordem = (t.ordem - 1)
                    ORDER BY d2.iddocumento DESC
                    LIMIT 1
                ) as dataEnvioAnterior from `tipo` as `t` left join `prazo_aluno` as `pa` on `pa`.`tipo_idtipo` = `t`.`idtipo` and `pa`.`aluno_idaluno` = 1 where `t`.`ativo` = 1 order by `t`.`ordem` asc) {"exception":"[object] (Illuminate\\Database\\QueryException(code: 42S02): SQLSTATE[42S02]: Base table or view not found: 1146 Table 'proximo_estagio.prazo_aluno' doesn't exist (Connection: mysql, Host: 127.0.0.1, Port: 3306, Database: proximo_estagio, SQL: select `t`.`idtipo`, `t`.`nome` as `tipo`, `t`.`intervalo_dias`, `pa`.`dataLimite`, (
                    SELECT d2.dataEmissao
                    FROM documento d2
                    JOIN tipo t2 ON t2.idtipo = d2.tipo_idtipo
                    WHERE d2.aluno_idaluno = 1
                      AND t2.ordem = (t.ordem - 1)
                    ORDER BY d2.iddocumento DESC
                    LIMIT 1
                ) as dataEnvioAnterior from `tipo` as `t` left join `prazo_aluno` as `pa` on `pa`.`tipo_idtipo` = `t`.`idtipo` and `pa`.`aluno_idaluno` = 1 where `t`.`ativo` = 1 order by `t`.`ordem` asc) at C:/xampp/htdocs/next-stage-completo/next-stage/vendor/laravel/framework/src/Illuminate/Database/Connection.php:838)
[stacktrace]
#0 C:/xampp/htdocs/next-stage-completo/next-stage/vendor/laravel/framework/src/Illuminate/Database/Connection.php(794): Illuminate/Database/Connection->runQueryCallback()
#1 C:/xampp/htdocs/next-stage-completo/next-stage/vendor/laravel/framework/src/Illuminate/Database/Connection.php(411): Illuminate/Database/Connection->run()
#2 C:/xampp/htdocs/next-stage-completo/next-stage/vendor/laravel/framework/src/Illuminate/Database/Query/Builder.php(3505): Illuminate/Database/Connection->select()
#3 C:/xampp/htdocs/next-stage-completo/next-stage/vendor/laravel/framework/src/Illuminate/Database/Query/Builder.php(3490): Illuminate/Database/Query/Builder->runSelect()
#4 C:/xampp/htdocs/next-stage-completo/next-stage/vendor/laravel/framework/src/Illuminate/Database/Query/Builder.php(4080): Illuminate/Database/Query/Builder->{closure:Illuminate/Database/Query/Builder::get():3489}()
#5 C:/xampp/htdocs/next-stage-completo/next-stage/vendor/laravel/framework/src/Illuminate/Database/Query/Builder.php(3489): Illuminate/Database/Query/Builder->onceWithColumns()
#6 C:/xampp/htdocs/next-stage-completo/next-stage/app/Features/Aluno/Services/AlunoService.php(88): Illuminate/Database/Query/Builder->get()
#7 C:/xampp/htdocs/next-stage-completo/next-stage/app/Features/Aluno/Services/AlunoService.php(54): App/Features/Aluno/Services/AlunoService->calcularPrazos()
#8 C:/xampp/htdocs/next-stage-completo/next-stage/app/Features/Aluno/Controllers/AlunoController.php(21): App/Features/Aluno/Services/AlunoService->listarDocumentos()
#9 C:/xampp/htdocs/next-stage-completo/next-stage/vendor/laravel/framework/src/Illuminate/Routing/Controller.php(54): App/Features/Aluno/Controllers/AlunoController->listarDocumentos()
#10 C:/xampp/htdocs/next-stage-completo/next-stage/vendor/laravel/framework/src/Illuminate/Routing/ControllerDispatcher.php(43): Illuminate/Routing/Controller->callAction()
#11 C:/xampp/htdocs/next-stage-completo/next-stage/vendor/laravel/framework/src/Illuminate/Routing/Route.php(265): Illuminate/Routing/ControllerDispatcher->dispatch()
#12 C:/xampp/htdocs/next-stage-completo/next-stage/vendor/laravel/framework/src/Illuminate/Routing/Route.php(211): Illuminate/Routing/Route->runController()
#13 C:/xampp/htdocs/next-stage-completo/next-stage/vendor/laravel/framework/src/Illuminate/Routing/Router.php(822): Illuminate/Routing/Route->run()
#14 C:/xampp/htdocs/next-stage-completo/next-stage/vendor/laravel/framework/src/Illuminate/Pipeline/Pipeline.php(180): Illuminate/Routing/Router->{closure:Illuminate/Routing/Router::runRouteWithinStack():821}()
#15 C:/xampp/htdocs/next-stage-completo/next-stage/app/Http/Middleware/VerificarToken.php(46): Illuminate/Pipeline/Pipeline->{closure:Illuminate/Pipeline/Pipeline::prepareDestination():178}()
#16 C:/xampp/htdocs/next-stage-completo/next-stage/vendor/laravel/framework/src/Illuminate/Pipeline/Pipeline.php(219): App/Http/Middleware/VerificarToken->handle()
#17 C:/xampp/htdocs/next-stage-completo/next-stage/vendor/laravel/framework/src/Illuminate/Routing/Middleware/SubstituteBindings.php(50): Illuminate/Pipeline/Pipeline->{closure:{closure:Illuminate/Pipeline/Pipeline::carry():194}:195}()
#18 C:/xampp/htdocs/next-stage-completo/next-stage/vendor/laravel/framework/src/Illuminate/Pipeline/Pipeline.php(219): Illuminate/Routing/Middleware/SubstituteBindings->handle()
#19 C:/xampp/htdocs/next-stage-completo/next-stage/vendor/laravel/framework/src/Illuminate/Pipeline/Pipeline.php(137): Illuminate/Pipeline/Pipeline->{closure:{closure:Illuminate/Pipeline/Pipeline::carry():194}:195}()
#20 C:/xampp/htdocs/next-stage-completo/next-stage/vendor/laravel/framework/src/Illuminate/Routing/Router.php(821): Illuminate/Pipeline/Pipeline->then()
#21 C:/xampp/htdocs/next-stage-completo/next-stage/vendor/laravel/framework/src/Illuminate/Routing/Router.php(800): Illuminate/Routing/Router->runRouteWithinStack()
#22 C:/xampp/htdocs/next-stage-completo/next-stage/vendor/laravel/framework/src/Illuminate/Routing/Router.php(764): Illuminate/Routing/Router->runRoute()
#23 C:/xampp/htdocs/next-stage-completo/next-stage/vendor/laravel/framework/src/Illuminate/Routing/Router.php(753): Illuminate/Routing/Router->dispatchToRoute()
#24 C:/xampp/htdocs/next-stage-completo/next-stage/vendor/laravel/framework/src/Illuminate/Foundation/Http/Kernel.php(200): Illuminate/Routing/Router->dispatch()
#25 C:/xampp/htdocs/next-stage-completo/next-stage/vendor/laravel/framework/src/Illuminate/Pipeline/Pipeline.php(180): Illuminate/Foundation/Http/Kernel->{closure:Illuminate/Foundation/Http/Kernel::dispatchToRouter():197}()
#26 C:/xampp/htdocs/next-stage-completo/next-stage/vendor/laravel/framework/src/Illuminate/Foundation/Http/Middleware/TransformsRequest.php(21): Illuminate/Pipeline/Pipeline->{closure:Illuminate/Pipeline/Pipeline::prepareDestination():178}()
#27 C:/xampp/htdocs/next-stage-completo/next-stage/vendor/laravel/framework/src/Illuminate/Foundation/Http/Middleware/ConvertEmptyStringsToNull.php(31): Illuminate/Foundation/Http/Middleware/TransformsRequest->handle()
#28 C:/xampp/htdocs/next-stage-completo/next-stage/vendor/laravel/framework/src/Illuminate/Pipeline/Pipeline.php(219): Illuminate/Foundation/Http/Middleware/ConvertEmptyStringsToNull->handle()
#29 C:/xampp/htdocs/next-stage-completo/next-stage/vendor/laravel/framework/src/Illuminate/Foundation/Http/Middleware/TransformsRequest.php(21): Illuminate/Pipeline/Pipeline->{closure:{closure:Illuminate/Pipeline/Pipeline::carry():194}:195}()
#30 C:/xampp/htdocs/next-stage-completo/next-stage/vendor/laravel/framework/src/Illuminate/Foundation/Http/Middleware/TrimStrings.php(51): Illuminate/Foundation/Http/Middleware/TransformsRequest->handle()
#31 C:/xampp/htdocs/next-stage-completo/next-stage/vendor/laravel/framework/src/Illuminate/Pipeline/Pipeline.php(219): Illuminate/Foundation/Http/Middleware/TrimStrings->handle()
#32 C:/xampp/htdocs/next-stage-completo/next-stage/vendor/laravel/framework/src/Illuminate/Http/Middleware/ValidatePostSize.php(27): Illuminate/Pipeline/Pipeline->{closure:{closure:Illuminate/Pipeline/Pipeline::carry():194}:195}()
#33 C:/xampp/htdocs/next-stage-completo/next-stage/vendor/laravel/framework/src/Illuminate/Pipeline/Pipeline.php(219): Illuminate/Http/Middleware/ValidatePostSize->handle()
#34 C:/xampp/htdocs/next-stage-completo/next-stage/vendor/laravel/framework/src/Illuminate/Foundation/Http/Middleware/PreventRequestsDuringMaintenance.php(109): Illuminate/Pipeline/Pipeline->{closure:{closure:Illuminate/Pipeline/Pipeline::carry():194}:195}()
#35 C:/xampp/htdocs/next-stage-completo/next-stage/vendor/laravel/framework/src/Illuminate/Pipeline/Pipeline.php(219): Illuminate/Foundation/Http/Middleware/PreventRequestsDuringMaintenance->handle()
#36 C:/xampp/htdocs/next-stage-completo/next-stage/vendor/laravel/framework/src/Illuminate/Http/Middleware/HandleCors.php(74): Illuminate/Pipeline/Pipeline->{closure:{closure:Illuminate/Pipeline/Pipeline::carry():194}:195}()
#37 C:/xampp/htdocs/next-stage-completo/next-stage/vendor/laravel/framework/src/Illuminate/Pipeline/Pipeline.php(219): Illuminate/Http/Middleware/HandleCors->handle()
#38 C:/xampp/htdocs/next-stage-completo/next-stage/vendor/laravel/framework/src/Illuminate/Http/Middleware/TrustProxies.php(58): Illuminate/Pipeline/Pipeline->{closure:{closure:Illuminate/Pipeline/Pipeline::carry():194}:195}()
#39 C:/xampp/htdocs/next-stage-completo/next-stage/vendor/laravel/framework/src/Illuminate/Pipeline/Pipeline.php(219): Illuminate/Http/Middleware/TrustProxies->handle()
#40 C:/xampp/htdocs/next-stage-completo/next-stage/vendor/laravel/framework/src/Illuminate/Foundation/Http/Middleware/InvokeDeferredCallbacks.php(22): Illuminate/Pipeline/Pipeline->{closure:{closure:Illuminate/Pipeline/Pipeline::carry():194}:195}()
#41 C:/xampp/htdocs/next-stage-completo/next-stage/vendor/laravel/framework/src/Illuminate/Pipeline/Pipeline.php(219): Illuminate/Foundation/Http/Middleware/InvokeDeferredCallbacks->handle()
#42 C:/xampp/htdocs/next-stage-completo/next-stage/vendor/laravel/framework/src/Illuminate/Http/Middleware/ValidatePathEncoding.php(26): Illuminate/Pipeline/Pipeline->{closure:{closure:Illuminate/Pipeline/Pipeline::carry():194}:195}()
#43 C:/xampp/htdocs/next-stage-completo/next-stage/vendor/laravel/framework/src/Illuminate/Pipeline/Pipeline.php(219): Illuminate/Http/Middleware/ValidatePathEncoding->handle()
#44 C:/xampp/htdocs/next-stage-completo/next-stage/vendor/laravel/framework/src/Illuminate/Pipeline/Pipeline.php(137): Illuminate/Pipeline/Pipeline->{closure:{closure:Illuminate/Pipeline/Pipeline::carry():194}:195}()
#45 C:/xampp/htdocs/next-stage-completo/next-stage/vendor/laravel/framework/src/Illuminate/Foundation/Http/Kernel.php(175): Illuminate/Pipeline/Pipeline->then()
#46 C:/xampp/htdocs/next-stage-completo/next-stage/vendor/laravel/framework/src/Illuminate/Foundation/Http/Kernel.php(144): Illuminate/Foundation/Http/Kernel->sendRequestThroughRouter()
#47 C:/xampp/htdocs/next-stage-completo/next-stage/vendor/laravel/framework/src/Illuminate/Foundation/Application.php(1220): Illuminate/Foundation/Http/Kernel->handle()
#48 C:/xampp/htdocs/next-stage-completo/next-stage/public/index.php(17): Illuminate/Foundation/Application->handleRequest()
#49 C:/xampp/htdocs/next-stage-completo/next-stage/vendor/laravel/framework/src/Illuminate/Foundation/resources/server.php(23): require_once('...')
#50 {main}

[previous exception] [object] (PDOException(code: 42S02): SQLSTATE[42S02]: Base table or view not found: 1146 Table 'proximo_estagio.prazo_aluno' doesn't exist at C:/xampp/htdocs/next-stage-completo/next-stage/vendor/laravel/framework/src/Illuminate/Database/Connection.php:420)
[stacktrace]
#0 C:/xampp/htdocs/next-stage-completo/next-stage/vendor/laravel/framework/src/Illuminate/Database/Connection.php(420): PDO->prepare()
#1 C:/xampp/htdocs/next-stage-completo/next-stage/vendor/laravel/framework/src/Illuminate/Database/Connection.php(827): Illuminate/Database/Connection->{closure:Illuminate/Database/Connection::select():411}()
#2 C:/xampp/htdocs/next-stage-completo/next-stage/vendor/laravel/framework/src/Illuminate/Database/Connection.php(794): Illuminate/Database/Connection->runQueryCallback()
#3 C:/xampp/htdocs/next-stage-completo/next-stage/vendor/laravel/framework/src/Illuminate/Database/Connection.php(411): Illuminate/Database/Connection->run()
#4 C:/xampp/htdocs/next-stage-completo/next-stage/vendor/laravel/framework/src/Illuminate/Database/Query/Builder.php(3505): Illuminate/Database/Connection->select()
#5 C:/xampp/htdocs/next-stage-completo/next-stage/vendor/laravel/framework/src/Illuminate/Database/Query/Builder.php(3490): Illuminate/Database/Query/Builder->runSelect()
#6 C:/xampp/htdocs/next-stage-completo/next-stage/vendor/laravel/framework/src/Illuminate/Database/Query/Builder.php(4080): Illuminate/Database/Query/Builder->{closure:Illuminate/Database/Query/Builder::get():3489}()
#7 C:/xampp/htdocs/next-stage-completo/next-stage/vendor/laravel/framework/src/Illuminate/Database/Query/Builder.php(3489): Illuminate/Database/Query/Builder->onceWithColumns()
#8 C:/xampp/htdocs/next-stage-completo/next-stage/app/Features/Aluno/Services/AlunoService.php(88): Illuminate/Database/Query/Builder->get()
#9 C:/xampp/htdocs/next-stage-completo/next-stage/app/Features/Aluno/Services/AlunoService.php(54): App/Features/Aluno/Services/AlunoService->calcularPrazos()
#10 C:/xampp/htdocs/next-stage-completo/next-stage/app/Features/Aluno/Controllers/AlunoController.php(21): App/Features/Aluno/Services/AlunoService->listarDocumentos()
#11 C:/xampp/htdocs/next-stage-completo/next-stage/vendor/laravel/framework/src/Illuminate/Routing/Controller.php(54): App/Features/Aluno/Controllers/AlunoController->listarDocumentos()
#12 C:/xampp/htdocs/next-stage-completo/next-stage/vendor/laravel/framework/src/Illuminate/Routing/ControllerDispatcher.php(43): Illuminate/Routing/Controller->callAction()
#13 C:/xampp/htdocs/next-stage-completo/next-stage/vendor/laravel/framework/src/Illuminate/Routing/Route.php(265): Illuminate/Routing/ControllerDispatcher->dispatch()
#14 C:/xampp/htdocs/next-stage-completo/next-stage/vendor/laravel/framework/src/Illuminate/Routing/Route.php(211): Illuminate/Routing/Route->runController()
#15 C:/xampp/htdocs/next-stage-completo/next-stage/vendor/laravel/framework/src/Illuminate/Routing/Router.php(822): Illuminate/Routing/Route->run()
#16 C:/xampp/htdocs/next-stage-completo/next-stage/vendor/laravel/framework/src/Illuminate/Pipeline/Pipeline.php(180): Illuminate/Routing/Router->{closure:Illuminate/Routing/Router::runRouteWithinStack():821}()
#17 C:/xampp/htdocs/next-stage-completo/next-stage/app/Http/Middleware/VerificarToken.php(46): Illuminate/Pipeline/Pipeline->{closure:Illuminate/Pipeline/Pipeline::prepareDestination():178}()
#18 C:/xampp/htdocs/next-stage-completo/next-stage/vendor/laravel/framework/src/Illuminate/Pipeline/Pipeline.php(219): App/Http/Middleware/VerificarToken->handle()
#19 C:/xampp/htdocs/next-stage-completo/next-stage/vendor/laravel/framework/src/Illuminate/Routing/Middleware/SubstituteBindings.php(50): Illuminate/Pipeline/Pipeline->{closure:{closure:Illuminate/Pipeline/Pipeline::carry():194}:195}()
#20 C:/xampp/htdocs/next-stage-completo/next-stage/vendor/laravel/framework/src/Illuminate/Pipeline/Pipeline.php(219): Illuminate/Routing/Middleware/SubstituteBindings->handle()
#21 C:/xampp/htdocs/next-stage-completo/next-stage/vendor/laravel/framework/src/Illuminate/Pipeline/Pipeline.php(137): Illuminate/Pipeline/Pipeline->{closure:{closure:Illuminate/Pipeline/Pipeline::carry():194}:195}()
#22 C:/xampp/htdocs/next-stage-completo/next-stage/vendor/laravel/framework/src/Illuminate/Routing/Router.php(821): Illuminate/Pipeline/Pipeline->then()
#23 C:/xampp/htdocs/next-stage-completo/next-stage/vendor/laravel/framework/src/Illuminate/Routing/Router.php(800): Illuminate/Routing/Router->runRouteWithinStack()
#24 C:/xampp/htdocs/next-stage-completo/next-stage/vendor/laravel/framework/src/Illuminate/Routing/Router.php(764): Illuminate/Routing/Router->runRoute()
#25 C:/xampp/htdocs/next-stage-completo/next-stage/vendor/laravel/framework/src/Illuminate/Routing/Router.php(753): Illuminate/Routing/Router->dispatchToRoute()
#26 C:/xampp/htdocs/next-stage-completo/next-stage/vendor/laravel/framework/src/Illuminate/Foundation/Http/Kernel.php(200): Illuminate/Routing/Router->dispatch()
#27 C:/xampp/htdocs/next-stage-completo/next-stage/vendor/laravel/framework/src/Illuminate/Pipeline/Pipeline.php(180): Illuminate/Foundation/Http/Kernel->{closure:Illuminate/Foundation/Http/Kernel::dispatchToRouter():197}()
#28 C:/xampp/htdocs/next-stage-completo/next-stage/vendor/laravel/framework/src/Illuminate/Foundation/Http/Middleware/TransformsRequest.php(21): Illuminate/Pipeline/Pipeline->{closure:Illuminate/Pipeline/Pipeline::prepareDestination():178}()
#29 C:/xampp/htdocs/next-stage-completo/next-stage/vendor/laravel/framework/src/Illuminate/Foundation/Http/Middleware/ConvertEmptyStringsToNull.php(31): Illuminate/Foundation/Http/Middleware/TransformsRequest->handle()
#30 C:/xampp/htdocs/next-stage-completo/next-stage/vendor/laravel/framework/src/Illuminate/Pipeline/Pipeline.php(219): Illuminate/Foundation/Http/Middleware/ConvertEmptyStringsToNull->handle()
#31 C:/xampp/htdocs/next-stage-completo/next-stage/vendor/laravel/framework/src/Illuminate/Foundation/Http/Middleware/TransformsRequest.php(21): Illuminate/Pipeline/Pipeline->{closure:{closure:Illuminate/Pipeline/Pipeline::carry():194}:195}()
#32 C:/xampp/htdocs/next-stage-completo/next-stage/vendor/laravel/framework/src/Illuminate/Foundation/Http/Middleware/TrimStrings.php(51): Illuminate/Foundation/Http/Middleware/TransformsRequest->handle()
#33 C:/xampp/htdocs/next-stage-completo/next-stage/vendor/laravel/framework/src/Illuminate/Pipeline/Pipeline.php(219): Illuminate/Foundation/Http/Middleware/TrimStrings->handle()
#34 C:/xampp/htdocs/next-stage-completo/next-stage/vendor/laravel/framework/src/Illuminate/Http/Middleware/ValidatePostSize.php(27): Illuminate/Pipeline/Pipeline->{closure:{closure:Illuminate/Pipeline/Pipeline::carry():194}:195}()
#35 C:/xampp/htdocs/next-stage-completo/next-stage/vendor/laravel/framework/src/Illuminate/Pipeline/Pipeline.php(219): Illuminate/Http/Middleware/ValidatePostSize->handle()
#36 C:/xampp/htdocs/next-stage-completo/next-stage/vendor/laravel/framework/src/Illuminate/Foundation/Http/Middleware/PreventRequestsDuringMaintenance.php(109): Illuminate/Pipeline/Pipeline->{closure:{closure:Illuminate/Pipeline/Pipeline::carry():194}:195}()
#37 C:/xampp/htdocs/next-stage-completo/next-stage/vendor/laravel/framework/src/Illuminate/Pipeline/Pipeline.php(219): Illuminate/Foundation/Http/Middleware/PreventRequestsDuringMaintenance->handle()
#38 C:/xampp/htdocs/next-stage-completo/next-stage/vendor/laravel/framework/src/Illuminate/Http/Middleware/HandleCors.php(74): Illuminate/Pipeline/Pipeline->{closure:{closure:Illuminate/Pipeline/Pipeline::carry():194}:195}()
#39 C:/xampp/htdocs/next-stage-completo/next-stage/vendor/laravel/framework/src/Illuminate/Pipeline/Pipeline.php(219): Illuminate/Http/Middleware/HandleCors->handle()
#40 C:/xampp/htdocs/next-stage-completo/next-stage/vendor/laravel/framework/src/Illuminate/Http/Middleware/TrustProxies.php(58): Illuminate/Pipeline/Pipeline->{closure:{closure:Illuminate/Pipeline/Pipeline::carry():194}:195}()
#41 C:/xampp/htdocs/next-stage-completo/next-stage/vendor/laravel/framework/src/Illuminate/Pipeline/Pipeline.php(219): Illuminate/Http/Middleware/TrustProxies->handle()
#42 C:/xampp/htdocs/next-stage-completo/next-stage/vendor/laravel/framework/src/Illuminate/Foundation/Http/Middleware/InvokeDeferredCallbacks.php(22): Illuminate/Pipeline/Pipeline->{closure:{closure:Illuminate/Pipeline/Pipeline::carry():194}:195}()
#43 C:/xampp/htdocs/next-stage-completo/next-stage/vendor/laravel/framework/src/Illuminate/Pipeline/Pipeline.php(219): Illuminate/Foundation/Http/Middleware/InvokeDeferredCallbacks->handle()
#44 C:/xampp/htdocs/next-stage-completo/next-stage/vendor/laravel/framework/src/Illuminate/Http/Middleware/ValidatePathEncoding.php(26): Illuminate/Pipeline/Pipeline->{closure:{closure:Illuminate/Pipeline/Pipeline::carry():194}:195}()
#45 C:/xampp/htdocs/next-stage-completo/next-stage/vendor/laravel/framework/src/Illuminate/Pipeline/Pipeline.php(219): Illuminate/Http/Middleware/ValidatePathEncoding->handle()
#46 C:/xampp/htdocs/next-stage-completo/next-stage/vendor/laravel/framework/src/Illuminate/Pipeline/Pipeline.php(137): Illuminate/Pipeline/Pipeline->{closure:{closure:Illuminate/Pipeline/Pipeline::carry():194}:195}()
#47 C:/xampp/htdocs/next-stage-completo/next-stage/vendor/laravel/framework/src/Illuminate/Foundation/Http/Kernel.php(175): Illuminate/Pipeline/Pipeline->then()
#48 C:/xampp/htdocs/next-stage-completo/next-stage/vendor/laravel/framework/src/Illuminate/Foundation/Http/Kernel.php(144): Illuminate/Foundation/Http/Kernel->sendRequestThroughRouter()
#49 C:/xampp/htdocs/next-stage-completo/next-stage/vendor/laravel/framework/src/Illuminate/Foundation/Application.php(1220): Illuminate/Foundation/Http/Kernel->handle()
#50 C:/xampp/htdocs/next-stage-completo/next-stage/public/index.php(17): Illuminate/Foundation/Application->handleRequest()
#51 C:/xampp/htdocs/next-stage-completo/next-stage/vendor/laravel/framework/src/Illuminate/Foundation/resources/server.php(23): require_once('...')
#52 {main}
"} 
[2026-04-09 22:04:31] local.ERROR: SQLSTATE[42S02]: Base table or view not found: 1146 Table 'proximo_estagio.prazo_aluno' doesn't exist (Connection: mysql, Host: 127.0.0.1, Port: 3306, Database: proximo_estagio, SQL: select `t`.`idtipo`, `t`.`nome` as `tipo`, `t`.`intervalo_dias`, `pa`.`dataLimite`, (
                    SELECT d2.dataEmissao
                    FROM documento d2
                    JOIN tipo t2 ON t2.idtipo = d2.tipo_idtipo
                    WHERE d2.aluno_idaluno = 1
                      AND t2.ordem = (t.ordem - 1)
                    ORDER BY d2.iddocumento DESC
                    LIMIT 1
                ) as dataEnvioAnterior from `tipo` as `t` left join `prazo_aluno` as `pa` on `pa`.`tipo_idtipo` = `t`.`idtipo` and `pa`.`aluno_idaluno` = 1 where `t`.`ativo` = 1 order by `t`.`ordem` asc) {"exception":"[object] (Illuminate\\Database\\QueryException(code: 42S02): SQLSTATE[42S02]: Base table or view not found: 1146 Table 'proximo_estagio.prazo_aluno' doesn't exist (Connection: mysql, Host: 127.0.0.1, Port: 3306, Database: proximo_estagio, SQL: select `t`.`idtipo`, `t`.`nome` as `tipo`, `t`.`intervalo_dias`, `pa`.`dataLimite`, (
                    SELECT d2.dataEmissao
                    FROM documento d2
                    JOIN tipo t2 ON t2.idtipo = d2.tipo_idtipo
                    WHERE d2.aluno_idaluno = 1
                      AND t2.ordem = (t.ordem - 1)
                    ORDER BY d2.iddocumento DESC
                    LIMIT 1
                ) as dataEnvioAnterior from `tipo` as `t` left join `prazo_aluno` as `pa` on `pa`.`tipo_idtipo` = `t`.`idtipo` and `pa`.`aluno_idaluno` = 1 where `t`.`ativo` = 1 order by `t`.`ordem` asc) at C:/xampp/htdocs/next-stage-completo/next-stage/vendor/laravel/framework/src/Illuminate/Database/Connection.php:838)
[stacktrace]
#0 C:/xampp/htdocs/next-stage-completo/next-stage/vendor/laravel/framework/src/Illuminate/Database/Connection.php(794): Illuminate/Database/Connection->runQueryCallback()
#1 C:/xampp/htdocs/next-stage-completo/next-stage/vendor/laravel/framework/src/Illuminate/Database/Connection.php(411): Illuminate/Database/Connection->run()
#2 C:/xampp/htdocs/next-stage-completo/next-stage/vendor/laravel/framework/src/Illuminate/Database/Query/Builder.php(3505): Illuminate/Database/Connection->select()
#3 C:/xampp/htdocs/next-stage-completo/next-stage/vendor/laravel/framework/src/Illuminate/Database/Query/Builder.php(3490): Illuminate/Database/Query/Builder->runSelect()
#4 C:/xampp/htdocs/next-stage-completo/next-stage/vendor/laravel/framework/src/Illuminate/Database/Query/Builder.php(4080): Illuminate/Database/Query/Builder->{closure:Illuminate/Database/Query/Builder::get():3489}()
#5 C:/xampp/htdocs/next-stage-completo/next-stage/vendor/laravel/framework/src/Illuminate/Database/Query/Builder.php(3489): Illuminate/Database/Query/Builder->onceWithColumns()
#6 C:/xampp/htdocs/next-stage-completo/next-stage/app/Features/Aluno/Services/AlunoService.php(88): Illuminate/Database/Query/Builder->get()
#7 C:/xampp/htdocs/next-stage-completo/next-stage/app/Features/Aluno/Services/AlunoService.php(54): App/Features/Aluno/Services/AlunoService->calcularPrazos()
#8 C:/xampp/htdocs/next-stage-completo/next-stage/app/Features/Aluno/Controllers/AlunoController.php(21): App/Features/Aluno/Services/AlunoService->listarDocumentos()
#9 C:/xampp/htdocs/next-stage-completo/next-stage/vendor/laravel/framework/src/Illuminate/Routing/Controller.php(54): App/Features/Aluno/Controllers/AlunoController->listarDocumentos()
#10 C:/xampp/htdocs/next-stage-completo/next-stage/vendor/laravel/framework/src/Illuminate/Routing/ControllerDispatcher.php(43): Illuminate/Routing/Controller->callAction()
#11 C:/xampp/htdocs/next-stage-completo/next-stage/vendor/laravel/framework/src/Illuminate/Routing/Route.php(265): Illuminate/Routing/ControllerDispatcher->dispatch()
#12 C:/xampp/htdocs/next-stage-completo/next-stage/vendor/laravel/framework/src/Illuminate/Routing/Route.php(211): Illuminate/Routing/Route->runController()
#13 C:/xampp/htdocs/next-stage-completo/next-stage/vendor/laravel/framework/src/Illuminate/Routing/Router.php(822): Illuminate/Routing/Route->run()
#14 C:/xampp/htdocs/next-stage-completo/next-stage/vendor/laravel/framework/src/Illuminate/Pipeline/Pipeline.php(180): Illuminate/Routing/Router->{closure:Illuminate/Routing/Router::runRouteWithinStack():821}()
#15 C:/xampp/htdocs/next-stage-completo/next-stage/app/Http/Middleware/VerificarToken.php(46): Illuminate/Pipeline/Pipeline->{closure:Illuminate/Pipeline/Pipeline::prepareDestination():178}()
#16 C:/xampp/htdocs/next-stage-completo/next-stage/vendor/laravel/framework/src/Illuminate/Pipeline/Pipeline.php(219): App/Http/Middleware/VerificarToken->handle()
#17 C:/xampp/htdocs/next-stage-completo/next-stage/vendor/laravel/framework/src/Illuminate/Routing/Middleware/SubstituteBindings.php(50): Illuminate/Pipeline/Pipeline->{closure:{closure:Illuminate/Pipeline/Pipeline::carry():194}:195}()
#18 C:/xampp/htdocs/next-stage-completo/next-stage/vendor/laravel/framework/src/Illuminate/Pipeline/Pipeline.php(219): Illuminate/Routing/Middleware/SubstituteBindings->handle()
#19 C:/xampp/htdocs/next-stage-completo/next-stage/vendor/laravel/framework/src/Illuminate/Pipeline/Pipeline.php(137): Illuminate/Pipeline/Pipeline->{closure:{closure:Illuminate/Pipeline/Pipeline::carry():194}:195}()
#20 C:/xampp/htdocs/next-stage-completo/next-stage/vendor/laravel/framework/src/Illuminate/Routing/Router.php(821): Illuminate/Pipeline/Pipeline->then()
#21 C:/xampp/htdocs/next-stage-completo/next-stage/vendor/laravel/framework/src/Illuminate/Routing/Router.php(800): Illuminate/Routing/Router->runRouteWithinStack()
#22 C:/xampp/htdocs/next-stage-completo/next-stage/vendor/laravel/framework/src/Illuminate/Routing/Router.php(764): Illuminate/Routing/Router->runRoute()
#23 C:/xampp/htdocs/next-stage-completo/next-stage/vendor/laravel/framework/src/Illuminate/Routing/Router.php(753): Illuminate/Routing/Router->dispatchToRoute()
#24 C:/xampp/htdocs/next-stage-completo/next-stage/vendor/laravel/framework/src/Illuminate/Foundation/Http/Kernel.php(200): Illuminate/Routing/Router->dispatch()
#25 C:/xampp/htdocs/next-stage-completo/next-stage/vendor/laravel/framework/src/Illuminate/Pipeline/Pipeline.php(180): Illuminate/Foundation/Http/Kernel->{closure:Illuminate/Foundation/Http/Kernel::dispatchToRouter():197}()
#26 C:/xampp/htdocs/next-stage-completo/next-stage/vendor/laravel/framework/src/Illuminate/Foundation/Http/Middleware/TransformsRequest.php(21): Illuminate/Pipeline/Pipeline->{closure:Illuminate/Pipeline/Pipeline::prepareDestination():178}()
#27 C:/xampp/htdocs/next-stage-completo/next-stage/vendor/laravel/framework/src/Illuminate/Foundation/Http/Middleware/ConvertEmptyStringsToNull.php(31): Illuminate/Foundation/Http/Middleware/TransformsRequest->handle()
#28 C:/xampp/htdocs/next-stage-completo/next-stage/vendor/laravel/framework/src/Illuminate/Pipeline/Pipeline.php(219): Illuminate/Foundation/Http/Middleware/ConvertEmptyStringsToNull->handle()
#29 C:/xampp/htdocs/next-stage-completo/next-stage/vendor/laravel/framework/src/Illuminate/Foundation/Http/Middleware/TransformsRequest.php(21): Illuminate/Pipeline/Pipeline->{closure:{closure:Illuminate/Pipeline/Pipeline::carry():194}:195}()
#30 C:/xampp/htdocs/next-stage-completo/next-stage/vendor/laravel/framework/src/Illuminate/Foundation/Http/Middleware/TrimStrings.php(51): Illuminate/Foundation/Http/Middleware/TransformsRequest->handle()
#31 C:/xampp/htdocs/next-stage-completo/next-stage/vendor/laravel/framework/src/Illuminate/Pipeline/Pipeline.php(219): Illuminate/Foundation/Http/Middleware/TrimStrings->handle()
#32 C:/xampp/htdocs/next-stage-completo/next-stage/vendor/laravel/framework/src/Illuminate/Http/Middleware/ValidatePostSize.php(27): Illuminate/Pipeline/Pipeline->{closure:{closure:Illuminate/Pipeline/Pipeline::carry():194}:195}()
#33 C:/xampp/htdocs/next-stage-completo/next-stage/vendor/laravel/framework/src/Illuminate/Pipeline/Pipeline.php(219): Illuminate/Http/Middleware/ValidatePostSize->handle()
#34 C:/xampp/htdocs/next-stage-completo/next-stage/vendor/laravel/framework/src/Illuminate/Foundation/Http/Middleware/PreventRequestsDuringMaintenance.php(109): Illuminate/Pipeline/Pipeline->{closure:{closure:Illuminate/Pipeline/Pipeline::carry():194}:195}()
#35 C:/xampp/htdocs/next-stage-completo/next-stage/vendor/laravel/framework/src/Illuminate/Pipeline/Pipeline.php(219): Illuminate/Foundation/Http/Middleware/PreventRequestsDuringMaintenance->handle()
#36 C:/xampp/htdocs/next-stage-completo/next-stage/vendor/laravel/framework/src/Illuminate/Http/Middleware/HandleCors.php(74): Illuminate/Pipeline/Pipeline->{closure:{closure:Illuminate/Pipeline/Pipeline::carry():194}:195}()
#37 C:/xampp/htdocs/next-stage-completo/next-stage/vendor/laravel/framework/src/Illuminate/Pipeline/Pipeline.php(219): Illuminate/Http/Middleware/HandleCors->handle()
#38 C:/xampp/htdocs/next-stage-completo/next-stage/vendor/laravel/framework/src/Illuminate/Http/Middleware/TrustProxies.php(58): Illuminate/Pipeline/Pipeline->{closure:{closure:Illuminate/Pipeline/Pipeline::carry():194}:195}()
#39 C:/xampp/htdocs/next-stage-completo/next-stage/vendor/laravel/framework/src/Illuminate/Pipeline/Pipeline.php(219): Illuminate/Http/Middleware/TrustProxies->handle()
#40 C:/xampp/htdocs/next-stage-completo/next-stage/vendor/laravel/framework/src/Illuminate/Foundation/Http/Middleware/InvokeDeferredCallbacks.php(22): Illuminate/Pipeline/Pipeline->{closure:{closure:Illuminate/Pipeline/Pipeline::carry():194}:195}()
#41 C:/xampp/htdocs/next-stage-completo/next-stage/vendor/laravel/framework/src/Illuminate/Pipeline/Pipeline.php(219): Illuminate/Foundation/Http/Middleware/InvokeDeferredCallbacks->handle()
#42 C:/xampp/htdocs/next-stage-completo/next-stage/vendor/laravel/framework/src/Illuminate/Http/Middleware/ValidatePathEncoding.php(26): Illuminate/Pipeline/Pipeline->{closure:{closure:Illuminate/Pipeline/Pipeline::carry():194}:195}()
#43 C:/xampp/htdocs/next-stage-completo/next-stage/vendor/laravel/framework/src/Illuminate/Pipeline/Pipeline.php(219): Illuminate/Http/Middleware/ValidatePathEncoding->handle()
#44 C:/xampp/htdocs/next-stage-completo/next-stage/vendor/laravel/framework/src/Illuminate/Pipeline/Pipeline.php(137): Illuminate/Pipeline/Pipeline->{closure:{closure:Illuminate/Pipeline/Pipeline::carry():194}:195}()
#45 C:/xampp/htdocs/next-stage-completo/next-stage/vendor/laravel/framework/src/Illuminate/Foundation/Http/Kernel.php(175): Illuminate/Pipeline/Pipeline->then()
#46 C:/xampp/htdocs/next-stage-completo/next-stage/vendor/laravel/framework/src/Illuminate/Foundation/Http/Kernel.php(144): Illuminate/Foundation/Http/Kernel->sendRequestThroughRouter()
#47 C:/xampp/htdocs/next-stage-completo/next-stage/vendor/laravel/framework/src/Illuminate/Foundation/Application.php(1220): Illuminate/Foundation/Http/Kernel->handle()
#48 C:/xampp/htdocs/next-stage-completo/next-stage/public/index.php(17): Illuminate/Foundation/Application->handleRequest()
#49 C:/xampp/htdocs/next-stage-completo/next-stage/vendor/laravel/framework/src/Illuminate/Foundation/resources/server.php(23): require_once('...')
#50 {main}

[previous exception] [object] (PDOException(code: 42S02): SQLSTATE[42S02]: Base table or view not found: 1146 Table 'proximo_estagio.prazo_aluno' doesn't exist at C:/xampp/htdocs/next-stage-completo/next-stage/vendor/laravel/framework/src/Illuminate/Database/Connection.php:420)
[stacktrace]
#0 C:/xampp/htdocs/next-stage-completo/next-stage/vendor/laravel/framework/src/Illuminate/Database/Connection.php(420): PDO->prepare()
#1 C:/xampp/htdocs/next-stage-completo/next-stage/vendor/laravel/framework/src/Illuminate/Database/Connection.php(827): Illuminate/Database/Connection->{closure:Illuminate/Database/Connection::select():411}()
#2 C:/xampp/htdocs/next-stage-completo/next-stage/vendor/laravel/framework/src/Illuminate/Database/Connection.php(794): Illuminate/Database/Connection->runQueryCallback()
#3 C:/xampp/htdocs/next-stage-completo/next-stage/vendor/laravel/framework/src/Illuminate/Database/Connection.php(411): Illuminate/Database/Connection->run()
#4 C:/xampp/htdocs/next-stage-completo/next-stage/vendor/laravel/framework/src/Illuminate/Database/Query/Builder.php(3505): Illuminate/Database/Connection->select()
#5 C:/xampp/htdocs/next-stage-completo/next-stage/vendor/laravel/framework/src/Illuminate/Database/Query/Builder.php(3490): Illuminate/Database/Query/Builder->runSelect()
#6 C:/xampp/htdocs/next-stage-completo/next-stage/vendor/laravel/framework/src/Illuminate/Database/Query/Builder.php(4080): Illuminate/Database/Query/Builder->{closure:Illuminate/Database/Query/Builder::get():3489}()
#7 C:/xampp/htdocs/next-stage-completo/next-stage/vendor/laravel/framework/src/Illuminate/Database/Query/Builder.php(3489): Illuminate/Database/Query/Builder->onceWithColumns()
#8 C:/xampp/htdocs/next-stage-completo/next-stage/app/Features/Aluno/Services/AlunoService.php(88): Illuminate/Database/Query/Builder->get()
#9 C:/xampp/htdocs/next-stage-completo/next-stage/app/Features/Aluno/Services/AlunoService.php(54): App/Features/Aluno/Services/AlunoService->calcularPrazos()
#10 C:/xampp/htdocs/next-stage-completo/next-stage/app/Features/Aluno/Controllers/AlunoController.php(21): App/Features/Aluno/Services/AlunoService->listarDocumentos()
#11 C:/xampp/htdocs/next-stage-completo/next-stage/vendor/laravel/framework/src/Illuminate/Routing/Controller.php(54): App/Features/Aluno/Controllers/AlunoController->listarDocumentos()
#12 C:/xampp/htdocs/next-stage-completo/next-stage/vendor/laravel/framework/src/Illuminate/Routing/ControllerDispatcher.php(43): Illuminate/Routing/Controller->callAction()
#13 C:/xampp/htdocs/next-stage-completo/next-stage/vendor/laravel/framework/src/Illuminate/Routing/Route.php(265): Illuminate/Routing/ControllerDispatcher->dispatch()
#14 C:/xampp/htdocs/next-stage-completo/next-stage/vendor/laravel/framework/src/Illuminate/Routing/Route.php(211): Illuminate/Routing/Route->runController()
#15 C:/xampp/htdocs/next-stage-completo/next-stage/vendor/laravel/framework/src/Illuminate/Routing/Router.php(822): Illuminate/Routing/Route->run()
#16 C:/xampp/htdocs/next-stage-completo/next-stage/vendor/laravel/framework/src/Illuminate/Pipeline/Pipeline.php(180): Illuminate/Routing/Router->{closure:Illuminate/Routing/Router::runRouteWithinStack():821}()
#17 C:/xampp/htdocs/next-stage-completo/next-stage/app/Http/Middleware/VerificarToken.php(46): Illuminate/Pipeline/Pipeline->{closure:Illuminate/Pipeline/Pipeline::prepareDestination():178}()
#18 C:/xampp/htdocs/next-stage-completo/next-stage/vendor/laravel/framework/src/Illuminate/Pipeline/Pipeline.php(219): App/Http/Middleware/VerificarToken->handle()
#19 C:/xampp/htdocs/next-stage-completo/next-stage/vendor/laravel/framework/src/Illuminate/Routing/Middleware/SubstituteBindings.php(50): Illuminate/Pipeline/Pipeline->{closure:{closure:Illuminate/Pipeline/Pipeline::carry():194}:195}()
#20 C:/xampp/htdocs/next-stage-completo/next-stage/vendor/laravel/framework/src/Illuminate/Pipeline/Pipeline.php(219): Illuminate/Routing/Middleware/SubstituteBindings->handle()
#21 C:/xampp/htdocs/next-stage-completo/next-stage/vendor/laravel/framework/src/Illuminate/Pipeline/Pipeline.php(137): Illuminate/Pipeline/Pipeline->{closure:{closure:Illuminate/Pipeline/Pipeline::carry():194}:195}()
#22 C:/xampp/htdocs/next-stage-completo/next-stage/vendor/laravel/framework/src/Illuminate/Routing/Router.php(821): Illuminate/Pipeline/Pipeline->then()
#23 C:/xampp/htdocs/next-stage-completo/next-stage/vendor/laravel/framework/src/Illuminate/Routing/Router.php(800): Illuminate/Routing/Router->runRouteWithinStack()
#24 C:/xampp/htdocs/next-stage-completo/next-stage/vendor/laravel/framework/src/Illuminate/Routing/Router.php(764): Illuminate/Routing/Router->runRoute()
#25 C:/xampp/htdocs/next-stage-completo/next-stage/vendor/laravel/framework/src/Illuminate/Routing/Router.php(753): Illuminate/Routing/Router->dispatchToRoute()
#26 C:/xampp/htdocs/next-stage-completo/next-stage/vendor/laravel/framework/src/Illuminate/Foundation/Http/Kernel.php(200): Illuminate/Routing/Router->dispatch()
#27 C:/xampp/htdocs/next-stage-completo/next-stage/vendor/laravel/framework/src/Illuminate/Pipeline/Pipeline.php(180): Illuminate/Foundation/Http/Kernel->{closure:Illuminate/Foundation/Http/Kernel::dispatchToRouter():197}()
#28 C:/xampp/htdocs/next-stage-completo/next-stage/vendor/laravel/framework/src/Illuminate/Foundation/Http/Middleware/TransformsRequest.php(21): Illuminate/Pipeline/Pipeline->{closure:Illuminate/Pipeline/Pipeline::prepareDestination():178}()
#29 C:/xampp/htdocs/next-stage-completo/next-stage/vendor/laravel/framework/src/Illuminate/Foundation/Http/Middleware/ConvertEmptyStringsToNull.php(31): Illuminate/Foundation/Http/Middleware/TransformsRequest->handle()
#30 C:/xampp/htdocs/next-stage-completo/next-stage/vendor/laravel/framework/src/Illuminate/Pipeline/Pipeline.php(219): Illuminate/Foundation/Http/Middleware/ConvertEmptyStringsToNull->handle()
#31 C:/xampp/htdocs/next-stage-completo/next-stage/vendor/laravel/framework/src/Illuminate/Foundation/Http/Middleware/TransformsRequest.php(21): Illuminate/Pipeline/Pipeline->{closure:{closure:Illuminate/Pipeline/Pipeline::carry():194}:195}()
#32 C:/xampp/htdocs/next-stage-completo/next-stage/vendor/laravel/framework/src/Illuminate/Foundation/Http/Middleware/TrimStrings.php(51): Illuminate/Foundation/Http/Middleware/TransformsRequest->handle()
#33 C:/xampp/htdocs/next-stage-completo/next-stage/vendor/laravel/framework/src/Illuminate/Pipeline/Pipeline.php(219): Illuminate/Foundation/Http/Middleware/TrimStrings->handle()
#34 C:/xampp/htdocs/next-stage-completo/next-stage/vendor/laravel/framework/src/Illuminate/Http/Middleware/ValidatePostSize.php(27): Illuminate/Pipeline/Pipeline->{closure:{closure:Illuminate/Pipeline/Pipeline::carry():194}:195}()
#35 C:/xampp/htdocs/next-stage-completo/next-stage/vendor/laravel/framework/src/Illuminate/Pipeline/Pipeline.php(219): Illuminate/Http/Middleware/ValidatePostSize->handle()
#36 C:/xampp/htdocs/next-stage-completo/next-stage/vendor/laravel/framework/src/Illuminate/Foundation/Http/Middleware/PreventRequestsDuringMaintenance.php(109): Illuminate/Pipeline/Pipeline->{closure:{closure:Illuminate/Pipeline/Pipeline::carry():194}:195}()
#37 C:/xampp/htdocs/next-stage-completo/next-stage/vendor/laravel/framework/src/Illuminate/Pipeline/Pipeline.php(219): Illuminate/Foundation/Http/Middleware/PreventRequestsDuringMaintenance->handle()
#38 C:/xampp/htdocs/next-stage-completo/next-stage/vendor/laravel/framework/src/Illuminate/Http/Middleware/HandleCors.php(74): Illuminate/Pipeline/Pipeline->{closure:{closure:Illuminate/Pipeline/Pipeline::carry():194}:195}()
#39 C:/xampp/htdocs/next-stage-completo/next-stage/vendor/laravel/framework/src/Illuminate/Pipeline/Pipeline.php(219): Illuminate/Http/Middleware/HandleCors->handle()
#40 C:/xampp/htdocs/next-stage-completo/next-stage/vendor/laravel/framework/src/Illuminate/Http/Middleware/TrustProxies.php(58): Illuminate/Pipeline/Pipeline->{closure:{closure:Illuminate/Pipeline/Pipeline::carry():194}:195}()
#41 C:/xampp/htdocs/next-stage-completo/next-stage/vendor/laravel/framework/src/Illuminate/Pipeline/Pipeline.php(219): Illuminate/Http/Middleware/TrustProxies->handle()
#42 C:/xampp/htdocs/next-stage-completo/next-stage/vendor/laravel/framework/src/Illuminate/Foundation/Http/Middleware/InvokeDeferredCallbacks.php(22): Illuminate/Pipeline/Pipeline->{closure:{closure:Illuminate/Pipeline/Pipeline::carry():194}:195}()
#43 C:/xampp/htdocs/next-stage-completo/next-stage/vendor/laravel/framework/src/Illuminate/Pipeline/Pipeline.php(219): Illuminate/Foundation/Http/Middleware/InvokeDeferredCallbacks->handle()
#44 C:/xampp/htdocs/next-stage-completo/next-stage/vendor/laravel/framework/src/Illuminate/Http/Middleware/ValidatePathEncoding.php(26): Illuminate/Pipeline/Pipeline->{closure:{closure:Illuminate/Pipeline/Pipeline::carry():194}:195}()
#45 C:/xampp/htdocs/next-stage-completo/next-stage/vendor/laravel/framework/src/Illuminate/Pipeline/Pipeline.php(219): Illuminate/Http/Middleware/ValidatePathEncoding->handle()
#46 C:/xampp/htdocs/next-stage-completo/next-stage/vendor/laravel/framework/src/Illuminate/Pipeline/Pipeline.php(137): Illuminate/Pipeline/Pipeline->{closure:{closure:Illuminate/Pipeline/Pipeline::carry():194}:195}()
#47 C:/xampp/htdocs/next-stage-completo/next-stage/vendor/laravel/framework/src/Illuminate/Foundation/Http/Kernel.php(175): Illuminate/Pipeline/Pipeline->then()
#48 C:/xampp/htdocs/next-stage-completo/next-stage/vendor/laravel/framework/src/Illuminate/Foundation/Http/Kernel.php(144): Illuminate/Foundation/Http/Kernel->sendRequestThroughRouter()
#49 C:/xampp/htdocs/next-stage-completo/next-stage/vendor/laravel/framework/src/Illuminate/Foundation/Application.php(1220): Illuminate/Foundation/Http/Kernel->handle()
#50 C:/xampp/htdocs/next-stage-completo/next-stage/public/index.php(17): Illuminate/Foundation/Application->handleRequest()
#51 C:/xampp/htdocs/next-stage-completo/next-stage/vendor/laravel/framework/src/Illuminate/Foundation/resources/server.php(23): require_once('...')
#52 {main}
"} 
[2026-04-09 22:04:57] local.ERROR: SQLSTATE[42S02]: Base table or view not found: 1146 Table 'proximo_estagio.prazo_aluno' doesn't exist (Connection: mysql, Host: 127.0.0.1, Port: 3306, Database: proximo_estagio, SQL: select `t`.`idtipo`, `t`.`nome` as `tipo`, `t`.`intervalo_dias`, `pa`.`dataLimite`, (
                    SELECT d2.dataEmissao
                    FROM documento d2
                    JOIN tipo t2 ON t2.idtipo = d2.tipo_idtipo
                    WHERE d2.aluno_idaluno = 1
                      AND t2.ordem = (t.ordem - 1)
                    ORDER BY d2.iddocumento DESC
                    LIMIT 1
                ) as dataEnvioAnterior from `tipo` as `t` left join `prazo_aluno` as `pa` on `pa`.`tipo_idtipo` = `t`.`idtipo` and `pa`.`aluno_idaluno` = 1 where `t`.`ativo` = 1 order by `t`.`ordem` asc) {"exception":"[object] (Illuminate\\Database\\QueryException(code: 42S02): SQLSTATE[42S02]: Base table or view not found: 1146 Table 'proximo_estagio.prazo_aluno' doesn't exist (Connection: mysql, Host: 127.0.0.1, Port: 3306, Database: proximo_estagio, SQL: select `t`.`idtipo`, `t`.`nome` as `tipo`, `t`.`intervalo_dias`, `pa`.`dataLimite`, (
                    SELECT d2.dataEmissao
                    FROM documento d2
                    JOIN tipo t2 ON t2.idtipo = d2.tipo_idtipo
                    WHERE d2.aluno_idaluno = 1
                      AND t2.ordem = (t.ordem - 1)
                    ORDER BY d2.iddocumento DESC
                    LIMIT 1
                ) as dataEnvioAnterior from `tipo` as `t` left join `prazo_aluno` as `pa` on `pa`.`tipo_idtipo` = `t`.`idtipo` and `pa`.`aluno_idaluno` = 1 where `t`.`ativo` = 1 order by `t`.`ordem` asc) at C:/xampp/htdocs/next-stage-completo/next-stage/vendor/laravel/framework/src/Illuminate/Database/Connection.php:838)
[stacktrace]
#0 C:/xampp/htdocs/next-stage-completo/next-stage/vendor/laravel/framework/src/Illuminate/Database/Connection.php(794): Illuminate/Database/Connection->runQueryCallback()
#1 C:/xampp/htdocs/next-stage-completo/next-stage/vendor/laravel/framework/src/Illuminate/Database/Connection.php(411): Illuminate/Database/Connection->run()
#2 C:/xampp/htdocs/next-stage-completo/next-stage/vendor/laravel/framework/src/Illuminate/Database/Query/Builder.php(3505): Illuminate/Database/Connection->select()
#3 C:/xampp/htdocs/next-stage-completo/next-stage/vendor/laravel/framework/src/Illuminate/Database/Query/Builder.php(3490): Illuminate/Database/Query/Builder->runSelect()
#4 C:/xampp/htdocs/next-stage-completo/next-stage/vendor/laravel/framework/src/Illuminate/Database/Query/Builder.php(4080): Illuminate/Database/Query/Builder->{closure:Illuminate/Database/Query/Builder::get():3489}()
#5 C:/xampp/htdocs/next-stage-completo/next-stage/vendor/laravel/framework/src/Illuminate/Database/Query/Builder.php(3489): Illuminate/Database/Query/Builder->onceWithColumns()
#6 C:/xampp/htdocs/next-stage-completo/next-stage/app/Features/Aluno/Services/AlunoService.php(88): Illuminate/Database/Query/Builder->get()
#7 C:/xampp/htdocs/next-stage-completo/next-stage/app/Features/Aluno/Services/AlunoService.php(54): App/Features/Aluno/Services/AlunoService->calcularPrazos()
#8 C:/xampp/htdocs/next-stage-completo/next-stage/app/Features/Aluno/Controllers/AlunoController.php(21): App/Features/Aluno/Services/AlunoService->listarDocumentos()
#9 C:/xampp/htdocs/next-stage-completo/next-stage/vendor/laravel/framework/src/Illuminate/Routing/Controller.php(54): App/Features/Aluno/Controllers/AlunoController->listarDocumentos()
#10 C:/xampp/htdocs/next-stage-completo/next-stage/vendor/laravel/framework/src/Illuminate/Routing/ControllerDispatcher.php(43): Illuminate/Routing/Controller->callAction()
#11 C:/xampp/htdocs/next-stage-completo/next-stage/vendor/laravel/framework/src/Illuminate/Routing/Route.php(265): Illuminate/Routing/ControllerDispatcher->dispatch()
#12 C:/xampp/htdocs/next-stage-completo/next-stage/vendor/laravel/framework/src/Illuminate/Routing/Route.php(211): Illuminate/Routing/Route->runController()
#13 C:/xampp/htdocs/next-stage-completo/next-stage/vendor/laravel/framework/src/Illuminate/Routing/Router.php(822): Illuminate/Routing/Route->run()
#14 C:/xampp/htdocs/next-stage-completo/next-stage/vendor/laravel/framework/src/Illuminate/Pipeline/Pipeline.php(180): Illuminate/Routing/Router->{closure:Illuminate/Routing/Router::runRouteWithinStack():821}()
#15 C:/xampp/htdocs/next-stage-completo/next-stage/app/Http/Middleware/VerificarToken.php(46): Illuminate/Pipeline/Pipeline->{closure:Illuminate/Pipeline/Pipeline::prepareDestination():178}()
#16 C:/xampp/htdocs/next-stage-completo/next-stage/vendor/laravel/framework/src/Illuminate/Pipeline/Pipeline.php(219): App/Http/Middleware/VerificarToken->handle()
#17 C:/xampp/htdocs/next-stage-completo/next-stage/vendor/laravel/framework/src/Illuminate/Routing/Middleware/SubstituteBindings.php(50): Illuminate/Pipeline/Pipeline->{closure:{closure:Illuminate/Pipeline/Pipeline::carry():194}:195}()
#18 C:/xampp/htdocs/next-stage-completo/next-stage/vendor/laravel/framework/src/Illuminate/Pipeline/Pipeline.php(219): Illuminate/Routing/Middleware/SubstituteBindings->handle()
#19 C:/xampp/htdocs/next-stage-completo/next-stage/vendor/laravel/framework/src/Illuminate/Pipeline/Pipeline.php(137): Illuminate/Pipeline/Pipeline->{closure:{closure:Illuminate/Pipeline/Pipeline::carry():194}:195}()
#20 C:/xampp/htdocs/next-stage-completo/next-stage/vendor/laravel/framework/src/Illuminate/Routing/Router.php(821): Illuminate/Pipeline/Pipeline->then()
#21 C:/xampp/htdocs/next-stage-completo/next-stage/vendor/laravel/framework/src/Illuminate/Routing/Router.php(800): Illuminate/Routing/Router->runRouteWithinStack()
#22 C:/xampp/htdocs/next-stage-completo/next-stage/vendor/laravel/framework/src/Illuminate/Routing/Router.php(764): Illuminate/Routing/Router->runRoute()
#23 C:/xampp/htdocs/next-stage-completo/next-stage/vendor/laravel/framework/src/Illuminate/Routing/Router.php(753): Illuminate/Routing/Router->dispatchToRoute()
#24 C:/xampp/htdocs/next-stage-completo/next-stage/vendor/laravel/framework/src/Illuminate/Foundation/Http/Kernel.php(200): Illuminate/Routing/Router->dispatch()
#25 C:/xampp/htdocs/next-stage-completo/next-stage/vendor/laravel/framework/src/Illuminate/Pipeline/Pipeline.php(180): Illuminate/Foundation/Http/Kernel->{closure:Illuminate/Foundation/Http/Kernel::dispatchToRouter():197}()
#26 C:/xampp/htdocs/next-stage-completo/next-stage/vendor/laravel/framework/src/Illuminate/Foundation/Http/Middleware/TransformsRequest.php(21): Illuminate/Pipeline/Pipeline->{closure:Illuminate/Pipeline/Pipeline::prepareDestination():178}()
#27 C:/xampp/htdocs/next-stage-completo/next-stage/vendor/laravel/framework/src/Illuminate/Foundation/Http/Middleware/ConvertEmptyStringsToNull.php(31): Illuminate/Foundation/Http/Middleware/TransformsRequest->handle()
#28 C:/xampp/htdocs/next-stage-completo/next-stage/vendor/laravel/framework/src/Illuminate/Pipeline/Pipeline.php(219): Illuminate/Foundation/Http/Middleware/ConvertEmptyStringsToNull->handle()
#29 C:/xampp/htdocs/next-stage-completo/next-stage/vendor/laravel/framework/src/Illuminate/Foundation/Http/Middleware/TransformsRequest.php(21): Illuminate/Pipeline/Pipeline->{closure:{closure:Illuminate/Pipeline/Pipeline::carry():194}:195}()
#30 C:/xampp/htdocs/next-stage-completo/next-stage/vendor/laravel/framework/src/Illuminate/Foundation/Http/Middleware/TrimStrings.php(51): Illuminate/Foundation/Http/Middleware/TransformsRequest->handle()
#31 C:/xampp/htdocs/next-stage-completo/next-stage/vendor/laravel/framework/src/Illuminate/Pipeline/Pipeline.php(219): Illuminate/Foundation/Http/Middleware/TrimStrings->handle()
#32 C:/xampp/htdocs/next-stage-completo/next-stage/vendor/laravel/framework/src/Illuminate/Http/Middleware/ValidatePostSize.php(27): Illuminate/Pipeline/Pipeline->{closure:{closure:Illuminate/Pipeline/Pipeline::carry():194}:195}()
#33 C:/xampp/htdocs/next-stage-completo/next-stage/vendor/laravel/framework/src/Illuminate/Pipeline/Pipeline.php(219): Illuminate/Http/Middleware/ValidatePostSize->handle()
#34 C:/xampp/htdocs/next-stage-completo/next-stage/vendor/laravel/framework/src/Illuminate/Foundation/Http/Middleware/PreventRequestsDuringMaintenance.php(109): Illuminate/Pipeline/Pipeline->{closure:{closure:Illuminate/Pipeline/Pipeline::carry():194}:195}()
#35 C:/xampp/htdocs/next-stage-completo/next-stage/vendor/laravel/framework/src/Illuminate/Pipeline/Pipeline.php(219): Illuminate/Foundation/Http/Middleware/PreventRequestsDuringMaintenance->handle()
#36 C:/xampp/htdocs/next-stage-completo/next-stage/vendor/laravel/framework/src/Illuminate/Http/Middleware/HandleCors.php(74): Illuminate/Pipeline/Pipeline->{closure:{closure:Illuminate/Pipeline/Pipeline::carry():194}:195}()
#37 C:/xampp/htdocs/next-stage-completo/next-stage/vendor/laravel/framework/src/Illuminate/Pipeline/Pipeline.php(219): Illuminate/Http/Middleware/HandleCors->handle()
#38 C:/xampp/htdocs/next-stage-completo/next-stage/vendor/laravel/framework/src/Illuminate/Http/Middleware/TrustProxies.php(58): Illuminate/Pipeline/Pipeline->{closure:{closure:Illuminate/Pipeline/Pipeline::carry():194}:195}()
#39 C:/xampp/htdocs/next-stage-completo/next-stage/vendor/laravel/framework/src/Illuminate/Pipeline/Pipeline.php(219): Illuminate/Http/Middleware/TrustProxies->handle()
#40 C:/xampp/htdocs/next-stage-completo/next-stage/vendor/laravel/framework/src/Illuminate/Foundation/Http/Middleware/InvokeDeferredCallbacks.php(22): Illuminate/Pipeline/Pipeline->{closure:{closure:Illuminate/Pipeline/Pipeline::carry():194}:195}()
#41 C:/xampp/htdocs/next-stage-completo/next-stage/vendor/laravel/framework/src/Illuminate/Pipeline/Pipeline.php(219): Illuminate/Foundation/Http/Middleware/InvokeDeferredCallbacks->handle()
#42 C:/xampp/htdocs/next-stage-completo/next-stage/vendor/laravel/framework/src/Illuminate/Http/Middleware/ValidatePathEncoding.php(26): Illuminate/Pipeline/Pipeline->{closure:{closure:Illuminate/Pipeline/Pipeline::carry():194}:195}()
#43 C:/xampp/htdocs/next-stage-completo/next-stage/vendor/laravel/framework/src/Illuminate/Pipeline/Pipeline.php(219): Illuminate/Http/Middleware/ValidatePathEncoding->handle()
#44 C:/xampp/htdocs/next-stage-completo/next-stage/vendor/laravel/framework/src/Illuminate/Pipeline/Pipeline.php(137): Illuminate/Pipeline/Pipeline->{closure:{closure:Illuminate/Pipeline/Pipeline::carry():194}:195}()
#45 C:/xampp/htdocs/next-stage-completo/next-stage/vendor/laravel/framework/src/Illuminate/Foundation/Http/Kernel.php(175): Illuminate/Pipeline/Pipeline->then()
#46 C:/xampp/htdocs/next-stage-completo/next-stage/vendor/laravel/framework/src/Illuminate/Foundation/Http/Kernel.php(144): Illuminate/Foundation/Http/Kernel->sendRequestThroughRouter()
#47 C:/xampp/htdocs/next-stage-completo/next-stage/vendor/laravel/framework/src/Illuminate/Foundation/Application.php(1220): Illuminate/Foundation/Http/Kernel->handle()
#48 C:/xampp/htdocs/next-stage-completo/next-stage/public/index.php(17): Illuminate/Foundation/Application->handleRequest()
#49 C:/xampp/htdocs/next-stage-completo/next-stage/vendor/laravel/framework/src/Illuminate/Foundation/resources/server.php(23): require_once('...')
#50 {main}

[previous exception] [object] (PDOException(code: 42S02): SQLSTATE[42S02]: Base table or view not found: 1146 Table 'proximo_estagio.prazo_aluno' doesn't exist at C:/xampp/htdocs/next-stage-completo/next-stage/vendor/laravel/framework/src/Illuminate/Database/Connection.php:420)
[stacktrace]
#0 C:/xampp/htdocs/next-stage-completo/next-stage/vendor/laravel/framework/src/Illuminate/Database/Connection.php(420): PDO->prepare()
#1 C:/xampp/htdocs/next-stage-completo/next-stage/vendor/laravel/framework/src/Illuminate/Database/Connection.php(827): Illuminate/Database/Connection->{closure:Illuminate/Database/Connection::select():411}()
#2 C:/xampp/htdocs/next-stage-completo/next-stage/vendor/laravel/framework/src/Illuminate/Database/Connection.php(794): Illuminate/Database/Connection->runQueryCallback()
#3 C:/xampp/htdocs/next-stage-completo/next-stage/vendor/laravel/framework/src/Illuminate/Database/Connection.php(411): Illuminate/Database/Connection->run()
#4 C:/xampp/htdocs/next-stage-completo/next-stage/vendor/laravel/framework/src/Illuminate/Database/Query/Builder.php(3505): Illuminate/Database/Connection->select()
#5 C:/xampp/htdocs/next-stage-completo/next-stage/vendor/laravel/framework/src/Illuminate/Database/Query/Builder.php(3490): Illuminate/Database/Query/Builder->runSelect()
#6 C:/xampp/htdocs/next-stage-completo/next-stage/vendor/laravel/framework/src/Illuminate/Database/Query/Builder.php(4080): Illuminate/Database/Query/Builder->{closure:Illuminate/Database/Query/Builder::get():3489}()
#7 C:/xampp/htdocs/next-stage-completo/next-stage/vendor/laravel/framework/src/Illuminate/Database/Query/Builder.php(3489): Illuminate/Database/Query/Builder->onceWithColumns()
#8 C:/xampp/htdocs/next-stage-completo/next-stage/app/Features/Aluno/Services/AlunoService.php(88): Illuminate/Database/Query/Builder->get()
#9 C:/xampp/htdocs/next-stage-completo/next-stage/app/Features/Aluno/Services/AlunoService.php(54): App/Features/Aluno/Services/AlunoService->calcularPrazos()
#10 C:/xampp/htdocs/next-stage-completo/next-stage/app/Features/Aluno/Controllers/AlunoController.php(21): App/Features/Aluno/Services/AlunoService->listarDocumentos()
#11 C:/xampp/htdocs/next-stage-completo/next-stage/vendor/laravel/framework/src/Illuminate/Routing/Controller.php(54): App/Features/Aluno/Controllers/AlunoController->listarDocumentos()
#12 C:/xampp/htdocs/next-stage-completo/next-stage/vendor/laravel/framework/src/Illuminate/Routing/ControllerDispatcher.php(43): Illuminate/Routing/Controller->callAction()
#13 C:/xampp/htdocs/next-stage-completo/next-stage/vendor/laravel/framework/src/Illuminate/Routing/Route.php(265): Illuminate/Routing/ControllerDispatcher->dispatch()
#14 C:/xampp/htdocs/next-stage-completo/next-stage/vendor/laravel/framework/src/Illuminate/Routing/Route.php(211): Illuminate/Routing/Route->runController()
#15 C:/xampp/htdocs/next-stage-completo/next-stage/vendor/laravel/framework/src/Illuminate/Routing/Router.php(822): Illuminate/Routing/Route->run()
#16 C:/xampp/htdocs/next-stage-completo/next-stage/vendor/laravel/framework/src/Illuminate/Pipeline/Pipeline.php(180): Illuminate/Routing/Router->{closure:Illuminate/Routing/Router::runRouteWithinStack():821}()
#17 C:/xampp/htdocs/next-stage-completo/next-stage/app/Http/Middleware/VerificarToken.php(46): Illuminate/Pipeline/Pipeline->{closure:Illuminate/Pipeline/Pipeline::prepareDestination():178}()
#18 C:/xampp/htdocs/next-stage-completo/next-stage/vendor/laravel/framework/src/Illuminate/Pipeline/Pipeline.php(219): App/Http/Middleware/VerificarToken->handle()
#19 C:/xampp/htdocs/next-stage-completo/next-stage/vendor/laravel/framework/src/Illuminate/Routing/Middleware/SubstituteBindings.php(50): Illuminate/Pipeline/Pipeline->{closure:{closure:Illuminate/Pipeline/Pipeline::carry():194}:195}()
#20 C:/xampp/htdocs/next-stage-completo/next-stage/vendor/laravel/framework/src/Illuminate/Pipeline/Pipeline.php(219): Illuminate/Routing/Middleware/SubstituteBindings->handle()
#21 C:/xampp/htdocs/next-stage-completo/next-stage/vendor/laravel/framework/src/Illuminate/Pipeline/Pipeline.php(137): Illuminate/Pipeline/Pipeline->{closure:{closure:Illuminate/Pipeline/Pipeline::carry():194}:195}()
#22 C:/xampp/htdocs/next-stage-completo/next-stage/vendor/laravel/framework/src/Illuminate/Routing/Router.php(821): Illuminate/Pipeline/Pipeline->then()
#23 C:/xampp/htdocs/next-stage-completo/next-stage/vendor/laravel/framework/src/Illuminate/Routing/Router.php(800): Illuminate/Routing/Router->runRouteWithinStack()
#24 C:/xampp/htdocs/next-stage-completo/next-stage/vendor/laravel/framework/src/Illuminate/Routing/Router.php(764): Illuminate/Routing/Router->runRoute()
#25 C:/xampp/htdocs/next-stage-completo/next-stage/vendor/laravel/framework/src/Illuminate/Routing/Router.php(753): Illuminate/Routing/Router->dispatchToRoute()
#26 C:/xampp/htdocs/next-stage-completo/next-stage/vendor/laravel/framework/src/Illuminate/Foundation/Http/Kernel.php(200): Illuminate/Routing/Router->dispatch()
#27 C:/xampp/htdocs/next-stage-completo/next-stage/vendor/laravel/framework/src/Illuminate/Pipeline/Pipeline.php(180): Illuminate/Foundation/Http/Kernel->{closure:Illuminate/Foundation/Http/Kernel::dispatchToRouter():197}()
#28 C:/xampp/htdocs/next-stage-completo/next-stage/vendor/laravel/framework/src/Illuminate/Foundation/Http/Middleware/TransformsRequest.php(21): Illuminate/Pipeline/Pipeline->{closure:Illuminate/Pipeline/Pipeline::prepareDestination():178}()
#29 C:/xampp/htdocs/next-stage-completo/next-stage/vendor/laravel/framework/src/Illuminate/Foundation/Http/Middleware/ConvertEmptyStringsToNull.php(31): Illuminate/Foundation/Http/Middleware/TransformsRequest->handle()
#30 C:/xampp/htdocs/next-stage-completo/next-stage/vendor/laravel/framework/src/Illuminate/Pipeline/Pipeline.php(219): Illuminate/Foundation/Http/Middleware/ConvertEmptyStringsToNull->handle()
#31 C:/xampp/htdocs/next-stage-completo/next-stage/vendor/laravel/framework/src/Illuminate/Foundation/Http/Middleware/TransformsRequest.php(21): Illuminate/Pipeline/Pipeline->{closure:{closure:Illuminate/Pipeline/Pipeline::carry():194}:195}()
#32 C:/xampp/htdocs/next-stage-completo/next-stage/vendor/laravel/framework/src/Illuminate/Foundation/Http/Middleware/TrimStrings.php(51): Illuminate/Foundation/Http/Middleware/TransformsRequest->handle()
#33 C:/xampp/htdocs/next-stage-completo/next-stage/vendor/laravel/framework/src/Illuminate/Pipeline/Pipeline.php(219): Illuminate/Foundation/Http/Middleware/TrimStrings->handle()
#34 C:/xampp/htdocs/next-stage-completo/next-stage/vendor/laravel/framework/src/Illuminate/Http/Middleware/ValidatePostSize.php(27): Illuminate/Pipeline/Pipeline->{closure:{closure:Illuminate/Pipeline/Pipeline::carry():194}:195}()
#35 C:/xampp/htdocs/next-stage-completo/next-stage/vendor/laravel/framework/src/Illuminate/Pipeline/Pipeline.php(219): Illuminate/Http/Middleware/ValidatePostSize->handle()
#36 C:/xampp/htdocs/next-stage-completo/next-stage/vendor/laravel/framework/src/Illuminate/Foundation/Http/Middleware/PreventRequestsDuringMaintenance.php(109): Illuminate/Pipeline/Pipeline->{closure:{closure:Illuminate/Pipeline/Pipeline::carry():194}:195}()
#37 C:/xampp/htdocs/next-stage-completo/next-stage/vendor/laravel/framework/src/Illuminate/Pipeline/Pipeline.php(219): Illuminate/Foundation/Http/Middleware/PreventRequestsDuringMaintenance->handle()
#38 C:/xampp/htdocs/next-stage-completo/next-stage/vendor/laravel/framework/src/Illuminate/Http/Middleware/HandleCors.php(74): Illuminate/Pipeline/Pipeline->{closure:{closure:Illuminate/Pipeline/Pipeline::carry():194}:195}()
#39 C:/xampp/htdocs/next-stage-completo/next-stage/vendor/laravel/framework/src/Illuminate/Pipeline/Pipeline.php(219): Illuminate/Http/Middleware/HandleCors->handle()
#40 C:/xampp/htdocs/next-stage-completo/next-stage/vendor/laravel/framework/src/Illuminate/Http/Middleware/TrustProxies.php(58): Illuminate/Pipeline/Pipeline->{closure:{closure:Illuminate/Pipeline/Pipeline::carry():194}:195}()
#41 C:/xampp/htdocs/next-stage-completo/next-stage/vendor/laravel/framework/src/Illuminate/Pipeline/Pipeline.php(219): Illuminate/Http/Middleware/TrustProxies->handle()
#42 C:/xampp/htdocs/next-stage-completo/next-stage/vendor/laravel/framework/src/Illuminate/Foundation/Http/Middleware/InvokeDeferredCallbacks.php(22): Illuminate/Pipeline/Pipeline->{closure:{closure:Illuminate/Pipeline/Pipeline::carry():194}:195}()
#43 C:/xampp/htdocs/next-stage-completo/next-stage/vendor/laravel/framework/src/Illuminate/Pipeline/Pipeline.php(219): Illuminate/Foundation/Http/Middleware/InvokeDeferredCallbacks->handle()
#44 C:/xampp/htdocs/next-stage-completo/next-stage/vendor/laravel/framework/src/Illuminate/Http/Middleware/ValidatePathEncoding.php(26): Illuminate/Pipeline/Pipeline->{closure:{closure:Illuminate/Pipeline/Pipeline::carry():194}:195}()
#45 C:/xampp/htdocs/next-stage-completo/next-stage/vendor/laravel/framework/src/Illuminate/Pipeline/Pipeline.php(219): Illuminate/Http/Middleware/ValidatePathEncoding->handle()
#46 C:/xampp/htdocs/next-stage-completo/next-stage/vendor/laravel/framework/src/Illuminate/Pipeline/Pipeline.php(137): Illuminate/Pipeline/Pipeline->{closure:{closure:Illuminate/Pipeline/Pipeline::carry():194}:195}()
#47 C:/xampp/htdocs/next-stage-completo/next-stage/vendor/laravel/framework/src/Illuminate/Foundation/Http/Kernel.php(175): Illuminate/Pipeline/Pipeline->then()
#48 C:/xampp/htdocs/next-stage-completo/next-stage/vendor/laravel/framework/src/Illuminate/Foundation/Http/Kernel.php(144): Illuminate/Foundation/Http/Kernel->sendRequestThroughRouter()
#49 C:/xampp/htdocs/next-stage-completo/next-stage/vendor/laravel/framework/src/Illuminate/Foundation/Application.php(1220): Illuminate/Foundation/Http/Kernel->handle()
#50 C:/xampp/htdocs/next-stage-completo/next-stage/public/index.php(17): Illuminate/Foundation/Application->handleRequest()
#51 C:/xampp/htdocs/next-stage-completo/next-stage/vendor/laravel/framework/src/Illuminate/Foundation/resources/server.php(23): require_once('...')
#52 {main}
"} 
[2026-04-09 22:05:37] local.ERROR: SQLSTATE[42S02]: Base table or view not found: 1146 Table 'proximo_estagio.prazo_aluno' doesn't exist (Connection: mysql, Host: 127.0.0.1, Port: 3306, Database: proximo_estagio, SQL: select `t`.`idtipo`, `t`.`nome` as `tipo`, `t`.`intervalo_dias`, `pa`.`dataLimite`, (
                    SELECT d2.dataEmissao
                    FROM documento d2
                    JOIN tipo t2 ON t2.idtipo = d2.tipo_idtipo
                    WHERE d2.aluno_idaluno = 1
                      AND t2.ordem = (t.ordem - 1)
                    ORDER BY d2.iddocumento DESC
                    LIMIT 1
                ) as dataEnvioAnterior from `tipo` as `t` left join `prazo_aluno` as `pa` on `pa`.`tipo_idtipo` = `t`.`idtipo` and `pa`.`aluno_idaluno` = 1 where `t`.`ativo` = 1 order by `t`.`ordem` asc) {"exception":"[object] (Illuminate\\Database\\QueryException(code: 42S02): SQLSTATE[42S02]: Base table or view not found: 1146 Table 'proximo_estagio.prazo_aluno' doesn't exist (Connection: mysql, Host: 127.0.0.1, Port: 3306, Database: proximo_estagio, SQL: select `t`.`idtipo`, `t`.`nome` as `tipo`, `t`.`intervalo_dias`, `pa`.`dataLimite`, (
                    SELECT d2.dataEmissao
                    FROM documento d2
                    JOIN tipo t2 ON t2.idtipo = d2.tipo_idtipo
                    WHERE d2.aluno_idaluno = 1
                      AND t2.ordem = (t.ordem - 1)
                    ORDER BY d2.iddocumento DESC
                    LIMIT 1
                ) as dataEnvioAnterior from `tipo` as `t` left join `prazo_aluno` as `pa` on `pa`.`tipo_idtipo` = `t`.`idtipo` and `pa`.`aluno_idaluno` = 1 where `t`.`ativo` = 1 order by `t`.`ordem` asc) at C:/xampp/htdocs/next-stage-completo/next-stage/vendor/laravel/framework/src/Illuminate/Database/Connection.php:838)
[stacktrace]
#0 C:/xampp/htdocs/next-stage-completo/next-stage/vendor/laravel/framework/src/Illuminate/Database/Connection.php(794): Illuminate/Database/Connection->runQueryCallback()
#1 C:/xampp/htdocs/next-stage-completo/next-stage/vendor/laravel/framework/src/Illuminate/Database/Connection.php(411): Illuminate/Database/Connection->run()
#2 C:/xampp/htdocs/next-stage-completo/next-stage/vendor/laravel/framework/src/Illuminate/Database/Query/Builder.php(3505): Illuminate/Database/Connection->select()
#3 C:/xampp/htdocs/next-stage-completo/next-stage/vendor/laravel/framework/src/Illuminate/Database/Query/Builder.php(3490): Illuminate/Database/Query/Builder->runSelect()
#4 C:/xampp/htdocs/next-stage-completo/next-stage/vendor/laravel/framework/src/Illuminate/Database/Query/Builder.php(4080): Illuminate/Database/Query/Builder->{closure:Illuminate/Database/Query/Builder::get():3489}()
#5 C:/xampp/htdocs/next-stage-completo/next-stage/vendor/laravel/framework/src/Illuminate/Database/Query/Builder.php(3489): Illuminate/Database/Query/Builder->onceWithColumns()
#6 C:/xampp/htdocs/next-stage-completo/next-stage/app/Features/Aluno/Services/AlunoService.php(88): Illuminate/Database/Query/Builder->get()
#7 C:/xampp/htdocs/next-stage-completo/next-stage/app/Features/Aluno/Services/AlunoService.php(54): App/Features/Aluno/Services/AlunoService->calcularPrazos()
#8 C:/xampp/htdocs/next-stage-completo/next-stage/app/Features/Aluno/Controllers/AlunoController.php(21): App/Features/Aluno/Services/AlunoService->listarDocumentos()
#9 C:/xampp/htdocs/next-stage-completo/next-stage/vendor/laravel/framework/src/Illuminate/Routing/Controller.php(54): App/Features/Aluno/Controllers/AlunoController->listarDocumentos()
#10 C:/xampp/htdocs/next-stage-completo/next-stage/vendor/laravel/framework/src/Illuminate/Routing/ControllerDispatcher.php(43): Illuminate/Routing/Controller->callAction()
#11 C:/xampp/htdocs/next-stage-completo/next-stage/vendor/laravel/framework/src/Illuminate/Routing/Route.php(265): Illuminate/Routing/ControllerDispatcher->dispatch()
#12 C:/xampp/htdocs/next-stage-completo/next-stage/vendor/laravel/framework/src/Illuminate/Routing/Route.php(211): Illuminate/Routing/Route->runController()
#13 C:/xampp/htdocs/next-stage-completo/next-stage/vendor/laravel/framework/src/Illuminate/Routing/Router.php(822): Illuminate/Routing/Route->run()
#14 C:/xampp/htdocs/next-stage-completo/next-stage/vendor/laravel/framework/src/Illuminate/Pipeline/Pipeline.php(180): Illuminate/Routing/Router->{closure:Illuminate/Routing/Router::runRouteWithinStack():821}()
#15 C:/xampp/htdocs/next-stage-completo/next-stage/app/Http/Middleware/VerificarToken.php(46): Illuminate/Pipeline/Pipeline->{closure:Illuminate/Pipeline/Pipeline::prepareDestination():178}()
#16 C:/xampp/htdocs/next-stage-completo/next-stage/vendor/laravel/framework/src/Illuminate/Pipeline/Pipeline.php(219): App/Http/Middleware/VerificarToken->handle()
#17 C:/xampp/htdocs/next-stage-completo/next-stage/vendor/laravel/framework/src/Illuminate/Routing/Middleware/SubstituteBindings.php(50): Illuminate/Pipeline/Pipeline->{closure:{closure:Illuminate/Pipeline/Pipeline::carry():194}:195}()
#18 C:/xampp/htdocs/next-stage-completo/next-stage/vendor/laravel/framework/src/Illuminate/Pipeline/Pipeline.php(219): Illuminate/Routing/Middleware/SubstituteBindings->handle()
#19 C:/xampp/htdocs/next-stage-completo/next-stage/vendor/laravel/framework/src/Illuminate/Pipeline/Pipeline.php(137): Illuminate/Pipeline/Pipeline->{closure:{closure:Illuminate/Pipeline/Pipeline::carry():194}:195}()
#20 C:/xampp/htdocs/next-stage-completo/next-stage/vendor/laravel/framework/src/Illuminate/Routing/Router.php(821): Illuminate/Pipeline/Pipeline->then()
#21 C:/xampp/htdocs/next-stage-completo/next-stage/vendor/laravel/framework/src/Illuminate/Routing/Router.php(800): Illuminate/Routing/Router->runRouteWithinStack()
#22 C:/xampp/htdocs/next-stage-completo/next-stage/vendor/laravel/framework/src/Illuminate/Routing/Router.php(764): Illuminate/Routing/Router->runRoute()
#23 C:/xampp/htdocs/next-stage-completo/next-stage/vendor/laravel/framework/src/Illuminate/Routing/Router.php(753): Illuminate/Routing/Router->dispatchToRoute()
#24 C:/xampp/htdocs/next-stage-completo/next-stage/vendor/laravel/framework/src/Illuminate/Foundation/Http/Kernel.php(200): Illuminate/Routing/Router->dispatch()
#25 C:/xampp/htdocs/next-stage-completo/next-stage/vendor/laravel/framework/src/Illuminate/Pipeline/Pipeline.php(180): Illuminate/Foundation/Http/Kernel->{closure:Illuminate/Foundation/Http/Kernel::dispatchToRouter():197}()
#26 C:/xampp/htdocs/next-stage-completo/next-stage/vendor/laravel/framework/src/Illuminate/Foundation/Http/Middleware/TransformsRequest.php(21): Illuminate/Pipeline/Pipeline->{closure:Illuminate/Pipeline/Pipeline::prepareDestination():178}()
#27 C:/xampp/htdocs/next-stage-completo/next-stage/vendor/laravel/framework/src/Illuminate/Foundation/Http/Middleware/ConvertEmptyStringsToNull.php(31): Illuminate/Foundation/Http/Middleware/TransformsRequest->handle()
#28 C:/xampp/htdocs/next-stage-completo/next-stage/vendor/laravel/framework/src/Illuminate/Pipeline/Pipeline.php(219): Illuminate/Foundation/Http/Middleware/ConvertEmptyStringsToNull->handle()
#29 C:/xampp/htdocs/next-stage-completo/next-stage/vendor/laravel/framework/src/Illuminate/Foundation/Http/Middleware/TransformsRequest.php(21): Illuminate/Pipeline/Pipeline->{closure:{closure:Illuminate/Pipeline/Pipeline::carry():194}:195}()
#30 C:/xampp/htdocs/next-stage-completo/next-stage/vendor/laravel/framework/src/Illuminate/Foundation/Http/Middleware/TrimStrings.php(51): Illuminate/Foundation/Http/Middleware/TransformsRequest->handle()
#31 C:/xampp/htdocs/next-stage-completo/next-stage/vendor/laravel/framework/src/Illuminate/Pipeline/Pipeline.php(219): Illuminate/Foundation/Http/Middleware/TrimStrings->handle()
#32 C:/xampp/htdocs/next-stage-completo/next-stage/vendor/laravel/framework/src/Illuminate/Http/Middleware/ValidatePostSize.php(27): Illuminate/Pipeline/Pipeline->{closure:{closure:Illuminate/Pipeline/Pipeline::carry():194}:195}()
#33 C:/xampp/htdocs/next-stage-completo/next-stage/vendor/laravel/framework/src/Illuminate/Pipeline/Pipeline.php(219): Illuminate/Http/Middleware/ValidatePostSize->handle()
#34 C:/xampp/htdocs/next-stage-completo/next-stage/vendor/laravel/framework/src/Illuminate/Foundation/Http/Middleware/PreventRequestsDuringMaintenance.php(109): Illuminate/Pipeline/Pipeline->{closure:{closure:Illuminate/Pipeline/Pipeline::carry():194}:195}()
#35 C:/xampp/htdocs/next-stage-completo/next-stage/vendor/laravel/framework/src/Illuminate/Pipeline/Pipeline.php(219): Illuminate/Foundation/Http/Middleware/PreventRequestsDuringMaintenance->handle()
#36 C:/xampp/htdocs/next-stage-completo/next-stage/vendor/laravel/framework/src/Illuminate/Http/Middleware/HandleCors.php(74): Illuminate/Pipeline/Pipeline->{closure:{closure:Illuminate/Pipeline/Pipeline::carry():194}:195}()
#37 C:/xampp/htdocs/next-stage-completo/next-stage/vendor/laravel/framework/src/Illuminate/Pipeline/Pipeline.php(219): Illuminate/Http/Middleware/HandleCors->handle()
#38 C:/xampp/htdocs/next-stage-completo/next-stage/vendor/laravel/framework/src/Illuminate/Http/Middleware/TrustProxies.php(58): Illuminate/Pipeline/Pipeline->{closure:{closure:Illuminate/Pipeline/Pipeline::carry():194}:195}()
#39 C:/xampp/htdocs/next-stage-completo/next-stage/vendor/laravel/framework/src/Illuminate/Pipeline/Pipeline.php(219): Illuminate/Http/Middleware/TrustProxies->handle()
#40 C:/xampp/htdocs/next-stage-completo/next-stage/vendor/laravel/framework/src/Illuminate/Foundation/Http/Middleware/InvokeDeferredCallbacks.php(22): Illuminate/Pipeline/Pipeline->{closure:{closure:Illuminate/Pipeline/Pipeline::carry():194}:195}()
#41 C:/xampp/htdocs/next-stage-completo/next-stage/vendor/laravel/framework/src/Illuminate/Pipeline/Pipeline.php(219): Illuminate/Foundation/Http/Middleware/InvokeDeferredCallbacks->handle()
#42 C:/xampp/htdocs/next-stage-completo/next-stage/vendor/laravel/framework/src/Illuminate/Http/Middleware/ValidatePathEncoding.php(26): Illuminate/Pipeline/Pipeline->{closure:{closure:Illuminate/Pipeline/Pipeline::carry():194}:195}()
#43 C:/xampp/htdocs/next-stage-completo/next-stage/vendor/laravel/framework/src/Illuminate/Pipeline/Pipeline.php(219): Illuminate/Http/Middleware/ValidatePathEncoding->handle()
#44 C:/xampp/htdocs/next-stage-completo/next-stage/vendor/laravel/framework/src/Illuminate/Pipeline/Pipeline.php(137): Illuminate/Pipeline/Pipeline->{closure:{closure:Illuminate/Pipeline/Pipeline::carry():194}:195}()
#45 C:/xampp/htdocs/next-stage-completo/next-stage/vendor/laravel/framework/src/Illuminate/Foundation/Http/Kernel.php(175): Illuminate/Pipeline/Pipeline->then()
#46 C:/xampp/htdocs/next-stage-completo/next-stage/vendor/laravel/framework/src/Illuminate/Foundation/Http/Kernel.php(144): Illuminate/Foundation/Http/Kernel->sendRequestThroughRouter()
#47 C:/xampp/htdocs/next-stage-completo/next-stage/vendor/laravel/framework/src/Illuminate/Foundation/Application.php(1220): Illuminate/Foundation/Http/Kernel->handle()
#48 C:/xampp/htdocs/next-stage-completo/next-stage/public/index.php(17): Illuminate/Foundation/Application->handleRequest()
#49 C:/xampp/htdocs/next-stage-completo/next-stage/vendor/laravel/framework/src/Illuminate/Foundation/resources/server.php(23): require_once('...')
#50 {main}

[previous exception] [object] (PDOException(code: 42S02): SQLSTATE[42S02]: Base table or view not found: 1146 Table 'proximo_estagio.prazo_aluno' doesn't exist at C:/xampp/htdocs/next-stage-completo/next-stage/vendor/laravel/framework/src/Illuminate/Database/Connection.php:420)
[stacktrace]
#0 C:/xampp/htdocs/next-stage-completo/next-stage/vendor/laravel/framework/src/Illuminate/Database/Connection.php(420): PDO->prepare()
#1 C:/xampp/htdocs/next-stage-completo/next-stage/vendor/laravel/framework/src/Illuminate/Database/Connection.php(827): Illuminate/Database/Connection->{closure:Illuminate/Database/Connection::select():411}()
#2 C:/xampp/htdocs/next-stage-completo/next-stage/vendor/laravel/framework/src/Illuminate/Database/Connection.php(794): Illuminate/Database/Connection->runQueryCallback()
#3 C:/xampp/htdocs/next-stage-completo/next-stage/vendor/laravel/framework/src/Illuminate/Database/Connection.php(411): Illuminate/Database/Connection->run()
#4 C:/xampp/htdocs/next-stage-completo/next-stage/vendor/laravel/framework/src/Illuminate/Database/Query/Builder.php(3505): Illuminate/Database/Connection->select()
#5 C:/xampp/htdocs/next-stage-completo/next-stage/vendor/laravel/framework/src/Illuminate/Database/Query/Builder.php(3490): Illuminate/Database/Query/Builder->runSelect()
#6 C:/xampp/htdocs/next-stage-completo/next-stage/vendor/laravel/framework/src/Illuminate/Database/Query/Builder.php(4080): Illuminate/Database/Query/Builder->{closure:Illuminate/Database/Query/Builder::get():3489}()
#7 C:/xampp/htdocs/next-stage-completo/next-stage/vendor/laravel/framework/src/Illuminate/Database/Query/Builder.php(3489): Illuminate/Database/Query/Builder->onceWithColumns()
#8 C:/xampp/htdocs/next-stage-completo/next-stage/app/Features/Aluno/Services/AlunoService.php(88): Illuminate/Database/Query/Builder->get()
#9 C:/xampp/htdocs/next-stage-completo/next-stage/app/Features/Aluno/Services/AlunoService.php(54): App/Features/Aluno/Services/AlunoService->calcularPrazos()
#10 C:/xampp/htdocs/next-stage-completo/next-stage/app/Features/Aluno/Controllers/AlunoController.php(21): App/Features/Aluno/Services/AlunoService->listarDocumentos()
#11 C:/xampp/htdocs/next-stage-completo/next-stage/vendor/laravel/framework/src/Illuminate/Routing/Controller.php(54): App/Features/Aluno/Controllers/AlunoController->listarDocumentos()
#12 C:/xampp/htdocs/next-stage-completo/next-stage/vendor/laravel/framework/src/Illuminate/Routing/ControllerDispatcher.php(43): Illuminate/Routing/Controller->callAction()
#13 C:/xampp/htdocs/next-stage-completo/next-stage/vendor/laravel/framework/src/Illuminate/Routing/Route.php(265): Illuminate/Routing/ControllerDispatcher->dispatch()
#14 C:/xampp/htdocs/next-stage-completo/next-stage/vendor/laravel/framework/src/Illuminate/Routing/Route.php(211): Illuminate/Routing/Route->runController()
#15 C:/xampp/htdocs/next-stage-completo/next-stage/vendor/laravel/framework/src/Illuminate/Routing/Router.php(822): Illuminate/Routing/Route->run()
#16 C:/xampp/htdocs/next-stage-completo/next-stage/vendor/laravel/framework/src/Illuminate/Pipeline/Pipeline.php(180): Illuminate/Routing/Router->{closure:Illuminate/Routing/Router::runRouteWithinStack():821}()
#17 C:/xampp/htdocs/next-stage-completo/next-stage/app/Http/Middleware/VerificarToken.php(46): Illuminate/Pipeline/Pipeline->{closure:Illuminate/Pipeline/Pipeline::prepareDestination():178}()
#18 C:/xampp/htdocs/next-stage-completo/next-stage/vendor/laravel/framework/src/Illuminate/Pipeline/Pipeline.php(219): App/Http/Middleware/VerificarToken->handle()
#19 C:/xampp/htdocs/next-stage-completo/next-stage/vendor/laravel/framework/src/Illuminate/Routing/Middleware/SubstituteBindings.php(50): Illuminate/Pipeline/Pipeline->{closure:{closure:Illuminate/Pipeline/Pipeline::carry():194}:195}()
#20 C:/xampp/htdocs/next-stage-completo/next-stage/vendor/laravel/framework/src/Illuminate/Pipeline/Pipeline.php(219): Illuminate/Routing/Middleware/SubstituteBindings->handle()
#21 C:/xampp/htdocs/next-stage-completo/next-stage/vendor/laravel/framework/src/Illuminate/Pipeline/Pipeline.php(137): Illuminate/Pipeline/Pipeline->{closure:{closure:Illuminate/Pipeline/Pipeline::carry():194}:195}()
#22 C:/xampp/htdocs/next-stage-completo/next-stage/vendor/laravel/framework/src/Illuminate/Routing/Router.php(821): Illuminate/Pipeline/Pipeline->then()
#23 C:/xampp/htdocs/next-stage-completo/next-stage/vendor/laravel/framework/src/Illuminate/Routing/Router.php(800): Illuminate/Routing/Router->runRouteWithinStack()
#24 C:/xampp/htdocs/next-stage-completo/next-stage/vendor/laravel/framework/src/Illuminate/Routing/Router.php(764): Illuminate/Routing/Router->runRoute()
#25 C:/xampp/htdocs/next-stage-completo/next-stage/vendor/laravel/framework/src/Illuminate/Routing/Router.php(753): Illuminate/Routing/Router->dispatchToRoute()
#26 C:/xampp/htdocs/next-stage-completo/next-stage/vendor/laravel/framework/src/Illuminate/Foundation/Http/Kernel.php(200): Illuminate/Routing/Router->dispatch()
#27 C:/xampp/htdocs/next-stage-completo/next-stage/vendor/laravel/framework/src/Illuminate/Pipeline/Pipeline.php(180): Illuminate/Foundation/Http/Kernel->{closure:Illuminate/Foundation/Http/Kernel::dispatchToRouter():197}()
#28 C:/xampp/htdocs/next-stage-completo/next-stage/vendor/laravel/framework/src/Illuminate/Foundation/Http/Middleware/TransformsRequest.php(21): Illuminate/Pipeline/Pipeline->{closure:Illuminate/Pipeline/Pipeline::prepareDestination():178}()
#29 C:/xampp/htdocs/next-stage-completo/next-stage/vendor/laravel/framework/src/Illuminate/Foundation/Http/Middleware/ConvertEmptyStringsToNull.php(31): Illuminate/Foundation/Http/Middleware/TransformsRequest->handle()
#30 C:/xampp/htdocs/next-stage-completo/next-stage/vendor/laravel/framework/src/Illuminate/Pipeline/Pipeline.php(219): Illuminate/Foundation/Http/Middleware/ConvertEmptyStringsToNull->handle()
#31 C:/xampp/htdocs/next-stage-completo/next-stage/vendor/laravel/framework/src/Illuminate/Foundation/Http/Middleware/TransformsRequest.php(21): Illuminate/Pipeline/Pipeline->{closure:{closure:Illuminate/Pipeline/Pipeline::carry():194}:195}()
#32 C:/xampp/htdocs/next-stage-completo/next-stage/vendor/laravel/framework/src/Illuminate/Foundation/Http/Middleware/TrimStrings.php(51): Illuminate/Foundation/Http/Middleware/TransformsRequest->handle()
#33 C:/xampp/htdocs/next-stage-completo/next-stage/vendor/laravel/framework/src/Illuminate/Pipeline/Pipeline.php(219): Illuminate/Foundation/Http/Middleware/TrimStrings->handle()
#34 C:/xampp/htdocs/next-stage-completo/next-stage/vendor/laravel/framework/src/Illuminate/Http/Middleware/ValidatePostSize.php(27): Illuminate/Pipeline/Pipeline->{closure:{closure:Illuminate/Pipeline/Pipeline::carry():194}:195}()
#35 C:/xampp/htdocs/next-stage-completo/next-stage/vendor/laravel/framework/src/Illuminate/Pipeline/Pipeline.php(219): Illuminate/Http/Middleware/ValidatePostSize->handle()
#36 C:/xampp/htdocs/next-stage-completo/next-stage/vendor/laravel/framework/src/Illuminate/Foundation/Http/Middleware/PreventRequestsDuringMaintenance.php(109): Illuminate/Pipeline/Pipeline->{closure:{closure:Illuminate/Pipeline/Pipeline::carry():194}:195}()
#37 C:/xampp/htdocs/next-stage-completo/next-stage/vendor/laravel/framework/src/Illuminate/Pipeline/Pipeline.php(219): Illuminate/Foundation/Http/Middleware/PreventRequestsDuringMaintenance->handle()
#38 C:/xampp/htdocs/next-stage-completo/next-stage/vendor/laravel/framework/src/Illuminate/Http/Middleware/HandleCors.php(74): Illuminate/Pipeline/Pipeline->{closure:{closure:Illuminate/Pipeline/Pipeline::carry():194}:195}()
#39 C:/xampp/htdocs/next-stage-completo/next-stage/vendor/laravel/framework/src/Illuminate/Pipeline/Pipeline.php(219): Illuminate/Http/Middleware/HandleCors->handle()
#40 C:/xampp/htdocs/next-stage-completo/next-stage/vendor/laravel/framework/src/Illuminate/Http/Middleware/TrustProxies.php(58): Illuminate/Pipeline/Pipeline->{closure:{closure:Illuminate/Pipeline/Pipeline::carry():194}:195}()
#41 C:/xampp/htdocs/next-stage-completo/next-stage/vendor/laravel/framework/src/Illuminate/Pipeline/Pipeline.php(219): Illuminate/Http/Middleware/TrustProxies->handle()
#42 C:/xampp/htdocs/next-stage-completo/next-stage/vendor/laravel/framework/src/Illuminate/Foundation/Http/Middleware/InvokeDeferredCallbacks.php(22): Illuminate/Pipeline/Pipeline->{closure:{closure:Illuminate/Pipeline/Pipeline::carry():194}:195}()
#43 C:/xampp/htdocs/next-stage-completo/next-stage/vendor/laravel/framework/src/Illuminate/Pipeline/Pipeline.php(219): Illuminate/Foundation/Http/Middleware/InvokeDeferredCallbacks->handle()
#44 C:/xampp/htdocs/next-stage-completo/next-stage/vendor/laravel/framework/src/Illuminate/Http/Middleware/ValidatePathEncoding.php(26): Illuminate/Pipeline/Pipeline->{closure:{closure:Illuminate/Pipeline/Pipeline::carry():194}:195}()
#45 C:/xampp/htdocs/next-stage-completo/next-stage/vendor/laravel/framework/src/Illuminate/Pipeline/Pipeline.php(219): Illuminate/Http/Middleware/ValidatePathEncoding->handle()
#46 C:/xampp/htdocs/next-stage-completo/next-stage/vendor/laravel/framework/src/Illuminate/Pipeline/Pipeline.php(137): Illuminate/Pipeline/Pipeline->{closure:{closure:Illuminate/Pipeline/Pipeline::carry():194}:195}()
#47 C:/xampp/htdocs/next-stage-completo/next-stage/vendor/laravel/framework/src/Illuminate/Foundation/Http/Kernel.php(175): Illuminate/Pipeline/Pipeline->then()
#48 C:/xampp/htdocs/next-stage-completo/next-stage/vendor/laravel/framework/src/Illuminate/Foundation/Http/Kernel.php(144): Illuminate/Foundation/Http/Kernel->sendRequestThroughRouter()
#49 C:/xampp/htdocs/next-stage-completo/next-stage/vendor/laravel/framework/src/Illuminate/Foundation/Application.php(1220): Illuminate/Foundation/Http/Kernel->handle()
#50 C:/xampp/htdocs/next-stage-completo/next-stage/public/index.php(17): Illuminate/Foundation/Application->handleRequest()
#51 C:/xampp/htdocs/next-stage-completo/next-stage/vendor/laravel/framework/src/Illuminate/Foundation/resources/server.php(23): require_once('...')
#52 {main}
"} 
[2026-04-09 22:06:01] local.ERROR: SQLSTATE[42S01]: Base table or view already exists: 1050 Table 'documento' already exists (Connection: mysql, Host: 127.0.0.1, Port: 3306, Database: proximo_estagio, SQL: create table `documento` (`iddocumento` bigint unsigned not null auto_increment primary key, `dataEmissao` datetime not null, `descricao` varchar(255) null, `aluno_idaluno` bigint unsigned not null, `tipo_idtipo` bigint unsigned not null, `caminho_arquivo` varchar(255) null, `created_at` timestamp null, `updated_at` timestamp null) default character set utf8mb4 collate 'utf8mb4_unicode_ci') {"exception":"[object] (Illuminate\\Database\\QueryException(code: 42S01): SQLSTATE[42S01]: Base table or view already exists: 1050 Table 'documento' already exists (Connection: mysql, Host: 127.0.0.1, Port: 3306, Database: proximo_estagio, SQL: create table `documento` (`iddocumento` bigint unsigned not null auto_increment primary key, `dataEmissao` datetime not null, `descricao` varchar(255) null, `aluno_idaluno` bigint unsigned not null, `tipo_idtipo` bigint unsigned not null, `caminho_arquivo` varchar(255) null, `created_at` timestamp null, `updated_at` timestamp null) default character set utf8mb4 collate 'utf8mb4_unicode_ci') at C:/xampp/htdocs/next-stage-completo/next-stage/vendor/laravel/framework/src/Illuminate/Database/Connection.php:838)
[stacktrace]
#0 C:/xampp/htdocs/next-stage-completo/next-stage/vendor/laravel/framework/src/Illuminate/Database/Connection.php(794): Illuminate/Database/Connection->runQueryCallback()
#1 C:/xampp/htdocs/next-stage-completo/next-stage/vendor/laravel/framework/src/Illuminate/Database/Connection.php(573): Illuminate/Database/Connection->run()
#2 C:/xampp/htdocs/next-stage-completo/next-stage/vendor/laravel/framework/src/Illuminate/Database/Schema/Blueprint.php(121): Illuminate/Database/Connection->statement()
#3 C:/xampp/htdocs/next-stage-completo/next-stage/vendor/laravel/framework/src/Illuminate/Database/Schema/Builder.php(686): Illuminate/Database/Schema/Blueprint->build()
#4 C:/xampp/htdocs/next-stage-completo/next-stage/vendor/laravel/framework/src/Illuminate/Database/Schema/Builder.php(506): Illuminate/Database/Schema/Builder->build()
#5 C:/xampp/htdocs/next-stage-completo/next-stage/vendor/laravel/framework/src/Illuminate/Support/Facades/Facade.php(363): Illuminate/Database/Schema/Builder->create()
#6 C:/xampp/htdocs/next-stage-completo/next-stage/database/migrations/2024_01_01_000005_create_documento_validacao_feedback_tables.php(11): Illuminate/Support/Facades/Facade::__callStatic()
#7 C:/xampp/htdocs/next-stage-completo/next-stage/vendor/laravel/framework/src/Illuminate/Database/Migrations/Migrator.php(517): Illuminate/Database/Migrations/Migration@anonymous->up()
#8 C:/xampp/htdocs/next-stage-completo/next-stage/vendor/laravel/framework/src/Illuminate/Database/Migrations/Migrator.php(442): Illuminate/Database/Migrations/Migrator->runMethod()
#9 C:/xampp/htdocs/next-stage-completo/next-stage/vendor/laravel/framework/src/Illuminate/Database/Migrations/Migrator.php(451): Illuminate/Database/Migrations/Migrator->{closure:Illuminate/Database/Migrations/Migrator::runMigration():438}()
#10 C:/xampp/htdocs/next-stage-completo/next-stage/vendor/laravel/framework/src/Illuminate/Database/Migrations/Migrator.php(253): Illuminate/Database/Migrations/Migrator->runMigration()
#11 C:/xampp/htdocs/next-stage-completo/next-stage/vendor/laravel/framework/src/Illuminate/Console/View/Components/Task.php(41): Illuminate/Database/Migrations/Migrator->{closure:Illuminate/Database/Migrations/Migrator::runUp():253}()
#12 C:/xampp/htdocs/next-stage-completo/next-stage/vendor/laravel/framework/src/Illuminate/Database/Migrations/Migrator.php(814): Illuminate/Console/View/Components/Task->render()
#13 C:/xampp/htdocs/next-stage-completo/next-stage/vendor/laravel/framework/src/Illuminate/Database/Migrations/Migrator.php(253): Illuminate/Database/Migrations/Migrator->write()
#14 C:/xampp/htdocs/next-stage-completo/next-stage/vendor/laravel/framework/src/Illuminate/Database/Migrations/Migrator.php(211): Illuminate/Database/Migrations/Migrator->runUp()
#15 C:/xampp/htdocs/next-stage-completo/next-stage/vendor/laravel/framework/src/Illuminate/Database/Migrations/Migrator.php(138): Illuminate/Database/Migrations/Migrator->runPending()
#16 C:/xampp/htdocs/next-stage-completo/next-stage/vendor/laravel/framework/src/Illuminate/Database/Console/Migrations/MigrateCommand.php(116): Illuminate/Database/Migrations/Migrator->run()
#17 C:/xampp/htdocs/next-stage-completo/next-stage/vendor/laravel/framework/src/Illuminate/Database/Migrations/Migrator.php(671): Illuminate/Database/Console/Migrations/MigrateCommand->{closure:Illuminate/Database/Console/Migrations/MigrateCommand::runMigrations():109}()
#18 C:/xampp/htdocs/next-stage-completo/next-stage/vendor/laravel/framework/src/Illuminate/Database/Console/Migrations/MigrateCommand.php(109): Illuminate/Database/Migrations/Migrator->usingConnection()
#19 C:/xampp/htdocs/next-stage-completo/next-stage/vendor/laravel/framework/src/Illuminate/Database/Console/Migrations/MigrateCommand.php(88): Illuminate/Database/Console/Migrations/MigrateCommand->runMigrations()
#20 C:/xampp/htdocs/next-stage-completo/next-stage/vendor/laravel/framework/src/Illuminate/Container/BoundMethod.php(36): Illuminate/Database/Console/Migrations/MigrateCommand->handle()
#21 C:/xampp/htdocs/next-stage-completo/next-stage/vendor/laravel/framework/src/Illuminate/Container/Util.php(43): Illuminate/Container/BoundMethod::{closure:Illuminate/Container/BoundMethod::call():35}()
#22 C:/xampp/htdocs/next-stage-completo/next-stage/vendor/laravel/framework/src/Illuminate/Container/BoundMethod.php(96): Illuminate/Container/Util::unwrapIfClosure()
#23 C:/xampp/htdocs/next-stage-completo/next-stage/vendor/laravel/framework/src/Illuminate/Container/BoundMethod.php(35): Illuminate/Container/BoundMethod::callBoundMethod()
#24 C:/xampp/htdocs/next-stage-completo/next-stage/vendor/laravel/framework/src/Illuminate/Container/Container.php(799): Illuminate/Container/BoundMethod::call()
#25 C:/xampp/htdocs/next-stage-completo/next-stage/vendor/laravel/framework/src/Illuminate/Console/Command.php(211): Illuminate/Container/Container->call()
#26 C:/xampp/htdocs/next-stage-completo/next-stage/vendor/symfony/console/Command/Command.php(341): Illuminate/Console/Command->execute()
#27 C:/xampp/htdocs/next-stage-completo/next-stage/vendor/laravel/framework/src/Illuminate/Console/Command.php(180): Symfony/Component/Console/Command/Command->run()
#28 C:/xampp/htdocs/next-stage-completo/next-stage/vendor/symfony/console/Application.php(1117): Illuminate/Console/Command->run()
#29 C:/xampp/htdocs/next-stage-completo/next-stage/vendor/symfony/console/Application.php(356): Symfony/Component/Console/Application->doRunCommand()
#30 C:/xampp/htdocs/next-stage-completo/next-stage/vendor/symfony/console/Application.php(195): Symfony/Component/Console/Application->doRun()
#31 C:/xampp/htdocs/next-stage-completo/next-stage/vendor/laravel/framework/src/Illuminate/Foundation/Console/Kernel.php(198): Symfony/Component/Console/Application->run()
#32 C:/xampp/htdocs/next-stage-completo/next-stage/vendor/laravel/framework/src/Illuminate/Foundation/Application.php(1235): Illuminate/Foundation/Console/Kernel->handle()
#33 C:/xampp/htdocs/next-stage-completo/next-stage/artisan(13): Illuminate/Foundation/Application->handleCommand()
#34 {main}

[previous exception] [object] (PDOException(code: 42S01): SQLSTATE[42S01]: Base table or view already exists: 1050 Table 'documento' already exists at C:/xampp/htdocs/next-stage-completo/next-stage/vendor/laravel/framework/src/Illuminate/Database/Connection.php:584)
[stacktrace]
#0 C:/xampp/htdocs/next-stage-completo/next-stage/vendor/laravel/framework/src/Illuminate/Database/Connection.php(584): PDOStatement->execute()
#1 C:/xampp/htdocs/next-stage-completo/next-stage/vendor/laravel/framework/src/Illuminate/Database/Connection.php(827): Illuminate/Database/Connection->{closure:Illuminate/Database/Connection::statement():573}()
#2 C:/xampp/htdocs/next-stage-completo/next-stage/vendor/laravel/framework/src/Illuminate/Database/Connection.php(794): Illuminate/Database/Connection->runQueryCallback()
#3 C:/xampp/htdocs/next-stage-completo/next-stage/vendor/laravel/framework/src/Illuminate/Database/Connection.php(573): Illuminate/Database/Connection->run()
#4 C:/xampp/htdocs/next-stage-completo/next-stage/vendor/laravel/framework/src/Illuminate/Database/Schema/Blueprint.php(121): Illuminate/Database/Connection->statement()
#5 C:/xampp/htdocs/next-stage-completo/next-stage/vendor/laravel/framework/src/Illuminate/Database/Schema/Builder.php(686): Illuminate/Database/Schema/Blueprint->build()
#6 C:/xampp/htdocs/next-stage-completo/next-stage/vendor/laravel/framework/src/Illuminate/Database/Schema/Builder.php(506): Illuminate/Database/Schema/Builder->build()
#7 C:/xampp/htdocs/next-stage-completo/next-stage/vendor/laravel/framework/src/Illuminate/Support/Facades/Facade.php(363): Illuminate/Database/Schema/Builder->create()
#8 C:/xampp/htdocs/next-stage-completo/next-stage/database/migrations/2024_01_01_000005_create_documento_validacao_feedback_tables.php(11): Illuminate/Support/Facades/Facade::__callStatic()
#9 C:/xampp/htdocs/next-stage-completo/next-stage/vendor/laravel/framework/src/Illuminate/Database/Migrations/Migrator.php(517): Illuminate/Database/Migrations/Migration@anonymous->up()
#10 C:/xampp/htdocs/next-stage-completo/next-stage/vendor/laravel/framework/src/Illuminate/Database/Migrations/Migrator.php(442): Illuminate/Database/Migrations/Migrator->runMethod()
#11 C:/xampp/htdocs/next-stage-completo/next-stage/vendor/laravel/framework/src/Illuminate/Database/Migrations/Migrator.php(451): Illuminate/Database/Migrations/Migrator->{closure:Illuminate/Database/Migrations/Migrator::runMigration():438}()
#12 C:/xampp/htdocs/next-stage-completo/next-stage/vendor/laravel/framework/src/Illuminate/Database/Migrations/Migrator.php(253): Illuminate/Database/Migrations/Migrator->runMigration()
#13 C:/xampp/htdocs/next-stage-completo/next-stage/vendor/laravel/framework/src/Illuminate/Console/View/Components/Task.php(41): Illuminate/Database/Migrations/Migrator->{closure:Illuminate/Database/Migrations/Migrator::runUp():253}()
#14 C:/xampp/htdocs/next-stage-completo/next-stage/vendor/laravel/framework/src/Illuminate/Database/Migrations/Migrator.php(814): Illuminate/Console/View/Components/Task->render()
#15 C:/xampp/htdocs/next-stage-completo/next-stage/vendor/laravel/framework/src/Illuminate/Database/Migrations/Migrator.php(253): Illuminate/Database/Migrations/Migrator->write()
#16 C:/xampp/htdocs/next-stage-completo/next-stage/vendor/laravel/framework/src/Illuminate/Database/Migrations/Migrator.php(211): Illuminate/Database/Migrations/Migrator->runUp()
#17 C:/xampp/htdocs/next-stage-completo/next-stage/vendor/laravel/framework/src/Illuminate/Database/Migrations/Migrator.php(138): Illuminate/Database/Migrations/Migrator->runPending()
#18 C:/xampp/htdocs/next-stage-completo/next-stage/vendor/laravel/framework/src/Illuminate/Database/Console/Migrations/MigrateCommand.php(116): Illuminate/Database/Migrations/Migrator->run()
#19 C:/xampp/htdocs/next-stage-completo/next-stage/vendor/laravel/framework/src/Illuminate/Database/Migrations/Migrator.php(671): Illuminate/Database/Console/Migrations/MigrateCommand->{closure:Illuminate/Database/Console/Migrations/MigrateCommand::runMigrations():109}()
#20 C:/xampp/htdocs/next-stage-completo/next-stage/vendor/laravel/framework/src/Illuminate/Database/Console/Migrations/MigrateCommand.php(109): Illuminate/Database/Migrations/Migrator->usingConnection()
#21 C:/xampp/htdocs/next-stage-completo/next-stage/vendor/laravel/framework/src/Illuminate/Database/Console/Migrations/MigrateCommand.php(88): Illuminate/Database/Console/Migrations/MigrateCommand->runMigrations()
#22 C:/xampp/htdocs/next-stage-completo/next-stage/vendor/laravel/framework/src/Illuminate/Container/BoundMethod.php(36): Illuminate/Database/Console/Migrations/MigrateCommand->handle()
#23 C:/xampp/htdocs/next-stage-completo/next-stage/vendor/laravel/framework/src/Illuminate/Container/Util.php(43): Illuminate/Container/BoundMethod::{closure:Illuminate/Container/BoundMethod::call():35}()
#24 C:/xampp/htdocs/next-stage-completo/next-stage/vendor/laravel/framework/src/Illuminate/Container/BoundMethod.php(96): Illuminate/Container/Util::unwrapIfClosure()
#25 C:/xampp/htdocs/next-stage-completo/next-stage/vendor/laravel/framework/src/Illuminate/Container/BoundMethod.php(35): Illuminate/Container/BoundMethod::callBoundMethod()
#26 C:/xampp/htdocs/next-stage-completo/next-stage/vendor/laravel/framework/src/Illuminate/Container/Container.php(799): Illuminate/Container/BoundMethod::call()
#27 C:/xampp/htdocs/next-stage-completo/next-stage/vendor/laravel/framework/src/Illuminate/Console/Command.php(211): Illuminate/Container/Container->call()
#28 C:/xampp/htdocs/next-stage-completo/next-stage/vendor/symfony/console/Command/Command.php(341): Illuminate/Console/Command->execute()
#29 C:/xampp/htdocs/next-stage-completo/next-stage/vendor/laravel/framework/src/Illuminate/Console/Command.php(180): Symfony/Component/Console/Command/Command->run()
#30 C:/xampp/htdocs/next-stage-completo/next-stage/vendor/symfony/console/Application.php(1117): Illuminate/Console/Command->run()
#31 C:/xampp/htdocs/next-stage-completo/next-stage/vendor/symfony/console/Application.php(356): Symfony/Component/Console/Application->doRunCommand()
#32 C:/xampp/htdocs/next-stage-completo/next-stage/vendor/symfony/console/Application.php(195): Symfony/Component/Console/Application->doRun()
#33 C:/xampp/htdocs/next-stage-completo/next-stage/vendor/laravel/framework/src/Illuminate/Foundation/Console/Kernel.php(198): Symfony/Component/Console/Application->run()
#34 C:/xampp/htdocs/next-stage-completo/next-stage/vendor/laravel/framework/src/Illuminate/Foundation/Application.php(1235): Illuminate/Foundation/Console/Kernel->handle()
#35 C:/xampp/htdocs/next-stage-completo/next-stage/artisan(13): Illuminate/Foundation/Application->handleCommand()
#36 {main}
"} 
[2026-04-09 22:07:37] local.ERROR: SQLSTATE[42S01]: Base table or view already exists: 1050 Table 'documento' already exists (Connection: mysql, Host: 127.0.0.1, Port: 3306, Database: proximo_estagio, SQL: create table `documento` (`iddocumento` bigint unsigned not null auto_increment primary key, `dataEmissao` datetime not null, `descricao` varchar(255) null, `aluno_idaluno` bigint unsigned not null, `tipo_idtipo` bigint unsigned not null, `caminho_arquivo` varchar(255) null, `created_at` timestamp null, `updated_at` timestamp null) default character set utf8mb4 collate 'utf8mb4_unicode_ci') {"exception":"[object] (Illuminate\\Database\\QueryException(code: 42S01): SQLSTATE[42S01]: Base table or view already exists: 1050 Table 'documento' already exists (Connection: mysql, Host: 127.0.0.1, Port: 3306, Database: proximo_estagio, SQL: create table `documento` (`iddocumento` bigint unsigned not null auto_increment primary key, `dataEmissao` datetime not null, `descricao` varchar(255) null, `aluno_idaluno` bigint unsigned not null, `tipo_idtipo` bigint unsigned not null, `caminho_arquivo` varchar(255) null, `created_at` timestamp null, `updated_at` timestamp null) default character set utf8mb4 collate 'utf8mb4_unicode_ci') at C:/xampp/htdocs/next-stage-completo/next-stage/vendor/laravel/framework/src/Illuminate/Database/Connection.php:838)
[stacktrace]
#0 C:/xampp/htdocs/next-stage-completo/next-stage/vendor/laravel/framework/src/Illuminate/Database/Connection.php(794): Illuminate/Database/Connection->runQueryCallback()
#1 C:/xampp/htdocs/next-stage-completo/next-stage/vendor/laravel/framework/src/Illuminate/Database/Connection.php(573): Illuminate/Database/Connection->run()
#2 C:/xampp/htdocs/next-stage-completo/next-stage/vendor/laravel/framework/src/Illuminate/Database/Schema/Blueprint.php(121): Illuminate/Database/Connection->statement()
#3 C:/xampp/htdocs/next-stage-completo/next-stage/vendor/laravel/framework/src/Illuminate/Database/Schema/Builder.php(686): Illuminate/Database/Schema/Blueprint->build()
#4 C:/xampp/htdocs/next-stage-completo/next-stage/vendor/laravel/framework/src/Illuminate/Database/Schema/Builder.php(506): Illuminate/Database/Schema/Builder->build()
#5 C:/xampp/htdocs/next-stage-completo/next-stage/vendor/laravel/framework/src/Illuminate/Support/Facades/Facade.php(363): Illuminate/Database/Schema/Builder->create()
#6 C:/xampp/htdocs/next-stage-completo/next-stage/database/migrations/2024_01_01_000005_create_documento_validacao_feedback_tables.php(11): Illuminate/Support/Facades/Facade::__callStatic()
#7 C:/xampp/htdocs/next-stage-completo/next-stage/vendor/laravel/framework/src/Illuminate/Database/Migrations/Migrator.php(517): Illuminate/Database/Migrations/Migration@anonymous->up()
#8 C:/xampp/htdocs/next-stage-completo/next-stage/vendor/laravel/framework/src/Illuminate/Database/Migrations/Migrator.php(442): Illuminate/Database/Migrations/Migrator->runMethod()
#9 C:/xampp/htdocs/next-stage-completo/next-stage/vendor/laravel/framework/src/Illuminate/Database/Migrations/Migrator.php(451): Illuminate/Database/Migrations/Migrator->{closure:Illuminate/Database/Migrations/Migrator::runMigration():438}()
#10 C:/xampp/htdocs/next-stage-completo/next-stage/vendor/laravel/framework/src/Illuminate/Database/Migrations/Migrator.php(253): Illuminate/Database/Migrations/Migrator->runMigration()
#11 C:/xampp/htdocs/next-stage-completo/next-stage/vendor/laravel/framework/src/Illuminate/Console/View/Components/Task.php(41): Illuminate/Database/Migrations/Migrator->{closure:Illuminate/Database/Migrations/Migrator::runUp():253}()
#12 C:/xampp/htdocs/next-stage-completo/next-stage/vendor/laravel/framework/src/Illuminate/Database/Migrations/Migrator.php(814): Illuminate/Console/View/Components/Task->render()
#13 C:/xampp/htdocs/next-stage-completo/next-stage/vendor/laravel/framework/src/Illuminate/Database/Migrations/Migrator.php(253): Illuminate/Database/Migrations/Migrator->write()
#14 C:/xampp/htdocs/next-stage-completo/next-stage/vendor/laravel/framework/src/Illuminate/Database/Migrations/Migrator.php(211): Illuminate/Database/Migrations/Migrator->runUp()
#15 C:/xampp/htdocs/next-stage-completo/next-stage/vendor/laravel/framework/src/Illuminate/Database/Migrations/Migrator.php(138): Illuminate/Database/Migrations/Migrator->runPending()
#16 C:/xampp/htdocs/next-stage-completo/next-stage/vendor/laravel/framework/src/Illuminate/Database/Console/Migrations/MigrateCommand.php(116): Illuminate/Database/Migrations/Migrator->run()
#17 C:/xampp/htdocs/next-stage-completo/next-stage/vendor/laravel/framework/src/Illuminate/Database/Migrations/Migrator.php(671): Illuminate/Database/Console/Migrations/MigrateCommand->{closure:Illuminate/Database/Console/Migrations/MigrateCommand::runMigrations():109}()
#18 C:/xampp/htdocs/next-stage-completo/next-stage/vendor/laravel/framework/src/Illuminate/Database/Console/Migrations/MigrateCommand.php(109): Illuminate/Database/Migrations/Migrator->usingConnection()
#19 C:/xampp/htdocs/next-stage-completo/next-stage/vendor/laravel/framework/src/Illuminate/Database/Console/Migrations/MigrateCommand.php(88): Illuminate/Database/Console/Migrations/MigrateCommand->runMigrations()
#20 C:/xampp/htdocs/next-stage-completo/next-stage/vendor/laravel/framework/src/Illuminate/Container/BoundMethod.php(36): Illuminate/Database/Console/Migrations/MigrateCommand->handle()
#21 C:/xampp/htdocs/next-stage-completo/next-stage/vendor/laravel/framework/src/Illuminate/Container/Util.php(43): Illuminate/Container/BoundMethod::{closure:Illuminate/Container/BoundMethod::call():35}()
#22 C:/xampp/htdocs/next-stage-completo/next-stage/vendor/laravel/framework/src/Illuminate/Container/BoundMethod.php(96): Illuminate/Container/Util::unwrapIfClosure()
#23 C:/xampp/htdocs/next-stage-completo/next-stage/vendor/laravel/framework/src/Illuminate/Container/BoundMethod.php(35): Illuminate/Container/BoundMethod::callBoundMethod()
#24 C:/xampp/htdocs/next-stage-completo/next-stage/vendor/laravel/framework/src/Illuminate/Container/Container.php(799): Illuminate/Container/BoundMethod::call()
#25 C:/xampp/htdocs/next-stage-completo/next-stage/vendor/laravel/framework/src/Illuminate/Console/Command.php(211): Illuminate/Container/Container->call()
#26 C:/xampp/htdocs/next-stage-completo/next-stage/vendor/symfony/console/Command/Command.php(341): Illuminate/Console/Command->execute()
#27 C:/xampp/htdocs/next-stage-completo/next-stage/vendor/laravel/framework/src/Illuminate/Console/Command.php(180): Symfony/Component/Console/Command/Command->run()
#28 C:/xampp/htdocs/next-stage-completo/next-stage/vendor/symfony/console/Application.php(1117): Illuminate/Console/Command->run()
#29 C:/xampp/htdocs/next-stage-completo/next-stage/vendor/symfony/console/Application.php(356): Symfony/Component/Console/Application->doRunCommand()
#30 C:/xampp/htdocs/next-stage-completo/next-stage/vendor/symfony/console/Application.php(195): Symfony/Component/Console/Application->doRun()
#31 C:/xampp/htdocs/next-stage-completo/next-stage/vendor/laravel/framework/src/Illuminate/Foundation/Console/Kernel.php(198): Symfony/Component/Console/Application->run()
#32 C:/xampp/htdocs/next-stage-completo/next-stage/vendor/laravel/framework/src/Illuminate/Foundation/Application.php(1235): Illuminate/Foundation/Console/Kernel->handle()
#33 C:/xampp/htdocs/next-stage-completo/next-stage/artisan(13): Illuminate/Foundation/Application->handleCommand()
#34 {main}

[previous exception] [object] (PDOException(code: 42S01): SQLSTATE[42S01]: Base table or view already exists: 1050 Table 'documento' already exists at C:/xampp/htdocs/next-stage-completo/next-stage/vendor/laravel/framework/src/Illuminate/Database/Connection.php:584)
[stacktrace]
#0 C:/xampp/htdocs/next-stage-completo/next-stage/vendor/laravel/framework/src/Illuminate/Database/Connection.php(584): PDOStatement->execute()
#1 C:/xampp/htdocs/next-stage-completo/next-stage/vendor/laravel/framework/src/Illuminate/Database/Connection.php(827): Illuminate/Database/Connection->{closure:Illuminate/Database/Connection::statement():573}()
#2 C:/xampp/htdocs/next-stage-completo/next-stage/vendor/laravel/framework/src/Illuminate/Database/Connection.php(794): Illuminate/Database/Connection->runQueryCallback()
#3 C:/xampp/htdocs/next-stage-completo/next-stage/vendor/laravel/framework/src/Illuminate/Database/Connection.php(573): Illuminate/Database/Connection->run()
#4 C:/xampp/htdocs/next-stage-completo/next-stage/vendor/laravel/framework/src/Illuminate/Database/Schema/Blueprint.php(121): Illuminate/Database/Connection->statement()
#5 C:/xampp/htdocs/next-stage-completo/next-stage/vendor/laravel/framework/src/Illuminate/Database/Schema/Builder.php(686): Illuminate/Database/Schema/Blueprint->build()
#6 C:/xampp/htdocs/next-stage-completo/next-stage/vendor/laravel/framework/src/Illuminate/Database/Schema/Builder.php(506): Illuminate/Database/Schema/Builder->build()
#7 C:/xampp/htdocs/next-stage-completo/next-stage/vendor/laravel/framework/src/Illuminate/Support/Facades/Facade.php(363): Illuminate/Database/Schema/Builder->create()
#8 C:/xampp/htdocs/next-stage-completo/next-stage/database/migrations/2024_01_01_000005_create_documento_validacao_feedback_tables.php(11): Illuminate/Support/Facades/Facade::__callStatic()
#9 C:/xampp/htdocs/next-stage-completo/next-stage/vendor/laravel/framework/src/Illuminate/Database/Migrations/Migrator.php(517): Illuminate/Database/Migrations/Migration@anonymous->up()
#10 C:/xampp/htdocs/next-stage-completo/next-stage/vendor/laravel/framework/src/Illuminate/Database/Migrations/Migrator.php(442): Illuminate/Database/Migrations/Migrator->runMethod()
#11 C:/xampp/htdocs/next-stage-completo/next-stage/vendor/laravel/framework/src/Illuminate/Database/Migrations/Migrator.php(451): Illuminate/Database/Migrations/Migrator->{closure:Illuminate/Database/Migrations/Migrator::runMigration():438}()
#12 C:/xampp/htdocs/next-stage-completo/next-stage/vendor/laravel/framework/src/Illuminate/Database/Migrations/Migrator.php(253): Illuminate/Database/Migrations/Migrator->runMigration()
#13 C:/xampp/htdocs/next-stage-completo/next-stage/vendor/laravel/framework/src/Illuminate/Console/View/Components/Task.php(41): Illuminate/Database/Migrations/Migrator->{closure:Illuminate/Database/Migrations/Migrator::runUp():253}()
#14 C:/xampp/htdocs/next-stage-completo/next-stage/vendor/laravel/framework/src/Illuminate/Database/Migrations/Migrator.php(814): Illuminate/Console/View/Components/Task->render()
#15 C:/xampp/htdocs/next-stage-completo/next-stage/vendor/laravel/framework/src/Illuminate/Database/Migrations/Migrator.php(253): Illuminate/Database/Migrations/Migrator->write()
#16 C:/xampp/htdocs/next-stage-completo/next-stage/vendor/laravel/framework/src/Illuminate/Database/Migrations/Migrator.php(211): Illuminate/Database/Migrations/Migrator->runUp()
#17 C:/xampp/htdocs/next-stage-completo/next-stage/vendor/laravel/framework/src/Illuminate/Database/Migrations/Migrator.php(138): Illuminate/Database/Migrations/Migrator->runPending()
#18 C:/xampp/htdocs/next-stage-completo/next-stage/vendor/laravel/framework/src/Illuminate/Database/Console/Migrations/MigrateCommand.php(116): Illuminate/Database/Migrations/Migrator->run()
#19 C:/xampp/htdocs/next-stage-completo/next-stage/vendor/laravel/framework/src/Illuminate/Database/Migrations/Migrator.php(671): Illuminate/Database/Console/Migrations/MigrateCommand->{closure:Illuminate/Database/Console/Migrations/MigrateCommand::runMigrations():109}()
#20 C:/xampp/htdocs/next-stage-completo/next-stage/vendor/laravel/framework/src/Illuminate/Database/Console/Migrations/MigrateCommand.php(109): Illuminate/Database/Migrations/Migrator->usingConnection()
#21 C:/xampp/htdocs/next-stage-completo/next-stage/vendor/laravel/framework/src/Illuminate/Database/Console/Migrations/MigrateCommand.php(88): Illuminate/Database/Console/Migrations/MigrateCommand->runMigrations()
#22 C:/xampp/htdocs/next-stage-completo/next-stage/vendor/laravel/framework/src/Illuminate/Container/BoundMethod.php(36): Illuminate/Database/Console/Migrations/MigrateCommand->handle()
#23 C:/xampp/htdocs/next-stage-completo/next-stage/vendor/laravel/framework/src/Illuminate/Container/Util.php(43): Illuminate/Container/BoundMethod::{closure:Illuminate/Container/BoundMethod::call():35}()
#24 C:/xampp/htdocs/next-stage-completo/next-stage/vendor/laravel/framework/src/Illuminate/Container/BoundMethod.php(96): Illuminate/Container/Util::unwrapIfClosure()
#25 C:/xampp/htdocs/next-stage-completo/next-stage/vendor/laravel/framework/src/Illuminate/Container/BoundMethod.php(35): Illuminate/Container/BoundMethod::callBoundMethod()
#26 C:/xampp/htdocs/next-stage-completo/next-stage/vendor/laravel/framework/src/Illuminate/Container/Container.php(799): Illuminate/Container/BoundMethod::call()
#27 C:/xampp/htdocs/next-stage-completo/next-stage/vendor/laravel/framework/src/Illuminate/Console/Command.php(211): Illuminate/Container/Container->call()
#28 C:/xampp/htdocs/next-stage-completo/next-stage/vendor/symfony/console/Command/Command.php(341): Illuminate/Console/Command->execute()
#29 C:/xampp/htdocs/next-stage-completo/next-stage/vendor/laravel/framework/src/Illuminate/Console/Command.php(180): Symfony/Component/Console/Command/Command->run()
#30 C:/xampp/htdocs/next-stage-completo/next-stage/vendor/symfony/console/Application.php(1117): Illuminate/Console/Command->run()
#31 C:/xampp/htdocs/next-stage-completo/next-stage/vendor/symfony/console/Application.php(356): Symfony/Component/Console/Application->doRunCommand()
#32 C:/xampp/htdocs/next-stage-completo/next-stage/vendor/symfony/console/Application.php(195): Symfony/Component/Console/Application->doRun()
#33 C:/xampp/htdocs/next-stage-completo/next-stage/vendor/laravel/framework/src/Illuminate/Foundation/Console/Kernel.php(198): Symfony/Component/Console/Application->run()
#34 C:/xampp/htdocs/next-stage-completo/next-stage/vendor/laravel/framework/src/Illuminate/Foundation/Application.php(1235): Illuminate/Foundation/Console/Kernel->handle()
#35 C:/xampp/htdocs/next-stage-completo/next-stage/artisan(13): Illuminate/Foundation/Application->handleCommand()
#36 {main}
"} 
[2026-04-09 22:12:15] local.ERROR: SQLSTATE[42S02]: Base table or view not found: 1146 Table 'proximo_estagio.prazo_aluno' doesn't exist (Connection: mysql, Host: 127.0.0.1, Port: 3306, Database: proximo_estagio, SQL: select `t`.`idtipo`, `t`.`nome` as `tipo`, `t`.`intervalo_dias`, `pa`.`dataLimite`, (
                    SELECT d2.dataEmissao
                    FROM documento d2
                    JOIN tipo t2 ON t2.idtipo = d2.tipo_idtipo
                    WHERE d2.aluno_idaluno = 1
                      AND t2.ordem = (t.ordem - 1)
                    ORDER BY d2.iddocumento DESC
                    LIMIT 1
                ) as dataEnvioAnterior from `tipo` as `t` left join `prazo_aluno` as `pa` on `pa`.`tipo_idtipo` = `t`.`idtipo` and `pa`.`aluno_idaluno` = 1 where `t`.`ativo` = 1 order by `t`.`ordem` asc) {"exception":"[object] (Illuminate\\Database\\QueryException(code: 42S02): SQLSTATE[42S02]: Base table or view not found: 1146 Table 'proximo_estagio.prazo_aluno' doesn't exist (Connection: mysql, Host: 127.0.0.1, Port: 3306, Database: proximo_estagio, SQL: select `t`.`idtipo`, `t`.`nome` as `tipo`, `t`.`intervalo_dias`, `pa`.`dataLimite`, (
                    SELECT d2.dataEmissao
                    FROM documento d2
                    JOIN tipo t2 ON t2.idtipo = d2.tipo_idtipo
                    WHERE d2.aluno_idaluno = 1
                      AND t2.ordem = (t.ordem - 1)
                    ORDER BY d2.iddocumento DESC
                    LIMIT 1
                ) as dataEnvioAnterior from `tipo` as `t` left join `prazo_aluno` as `pa` on `pa`.`tipo_idtipo` = `t`.`idtipo` and `pa`.`aluno_idaluno` = 1 where `t`.`ativo` = 1 order by `t`.`ordem` asc) at C:/xampp/htdocs/next-stage-completo/next-stage/vendor/laravel/framework/src/Illuminate/Database/Connection.php:838)
[stacktrace]
#0 C:/xampp/htdocs/next-stage-completo/next-stage/vendor/laravel/framework/src/Illuminate/Database/Connection.php(794): Illuminate/Database/Connection->runQueryCallback()
#1 C:/xampp/htdocs/next-stage-completo/next-stage/vendor/laravel/framework/src/Illuminate/Database/Connection.php(411): Illuminate/Database/Connection->run()
#2 C:/xampp/htdocs/next-stage-completo/next-stage/vendor/laravel/framework/src/Illuminate/Database/Query/Builder.php(3505): Illuminate/Database/Connection->select()
#3 C:/xampp/htdocs/next-stage-completo/next-stage/vendor/laravel/framework/src/Illuminate/Database/Query/Builder.php(3490): Illuminate/Database/Query/Builder->runSelect()
#4 C:/xampp/htdocs/next-stage-completo/next-stage/vendor/laravel/framework/src/Illuminate/Database/Query/Builder.php(4080): Illuminate/Database/Query/Builder->{closure:Illuminate/Database/Query/Builder::get():3489}()
#5 C:/xampp/htdocs/next-stage-completo/next-stage/vendor/laravel/framework/src/Illuminate/Database/Query/Builder.php(3489): Illuminate/Database/Query/Builder->onceWithColumns()
#6 C:/xampp/htdocs/next-stage-completo/next-stage/app/Features/Aluno/Services/AlunoService.php(88): Illuminate/Database/Query/Builder->get()
#7 C:/xampp/htdocs/next-stage-completo/next-stage/app/Features/Aluno/Services/AlunoService.php(54): App/Features/Aluno/Services/AlunoService->calcularPrazos()
#8 C:/xampp/htdocs/next-stage-completo/next-stage/app/Features/Aluno/Controllers/AlunoController.php(21): App/Features/Aluno/Services/AlunoService->listarDocumentos()
#9 C:/xampp/htdocs/next-stage-completo/next-stage/vendor/laravel/framework/src/Illuminate/Routing/Controller.php(54): App/Features/Aluno/Controllers/AlunoController->listarDocumentos()
#10 C:/xampp/htdocs/next-stage-completo/next-stage/vendor/laravel/framework/src/Illuminate/Routing/ControllerDispatcher.php(43): Illuminate/Routing/Controller->callAction()
#11 C:/xampp/htdocs/next-stage-completo/next-stage/vendor/laravel/framework/src/Illuminate/Routing/Route.php(265): Illuminate/Routing/ControllerDispatcher->dispatch()
#12 C:/xampp/htdocs/next-stage-completo/next-stage/vendor/laravel/framework/src/Illuminate/Routing/Route.php(211): Illuminate/Routing/Route->runController()
#13 C:/xampp/htdocs/next-stage-completo/next-stage/vendor/laravel/framework/src/Illuminate/Routing/Router.php(822): Illuminate/Routing/Route->run()
#14 C:/xampp/htdocs/next-stage-completo/next-stage/vendor/laravel/framework/src/Illuminate/Pipeline/Pipeline.php(180): Illuminate/Routing/Router->{closure:Illuminate/Routing/Router::runRouteWithinStack():821}()
#15 C:/xampp/htdocs/next-stage-completo/next-stage/app/Http/Middleware/VerificarToken.php(46): Illuminate/Pipeline/Pipeline->{closure:Illuminate/Pipeline/Pipeline::prepareDestination():178}()
#16 C:/xampp/htdocs/next-stage-completo/next-stage/vendor/laravel/framework/src/Illuminate/Pipeline/Pipeline.php(219): App/Http/Middleware/VerificarToken->handle()
#17 C:/xampp/htdocs/next-stage-completo/next-stage/vendor/laravel/framework/src/Illuminate/Routing/Middleware/SubstituteBindings.php(50): Illuminate/Pipeline/Pipeline->{closure:{closure:Illuminate/Pipeline/Pipeline::carry():194}:195}()
#18 C:/xampp/htdocs/next-stage-completo/next-stage/vendor/laravel/framework/src/Illuminate/Pipeline/Pipeline.php(219): Illuminate/Routing/Middleware/SubstituteBindings->handle()
#19 C:/xampp/htdocs/next-stage-completo/next-stage/vendor/laravel/framework/src/Illuminate/Pipeline/Pipeline.php(137): Illuminate/Pipeline/Pipeline->{closure:{closure:Illuminate/Pipeline/Pipeline::carry():194}:195}()
#20 C:/xampp/htdocs/next-stage-completo/next-stage/vendor/laravel/framework/src/Illuminate/Routing/Router.php(821): Illuminate/Pipeline/Pipeline->then()
#21 C:/xampp/htdocs/next-stage-completo/next-stage/vendor/laravel/framework/src/Illuminate/Routing/Router.php(800): Illuminate/Routing/Router->runRouteWithinStack()
#22 C:/xampp/htdocs/next-stage-completo/next-stage/vendor/laravel/framework/src/Illuminate/Routing/Router.php(764): Illuminate/Routing/Router->runRoute()
#23 C:/xampp/htdocs/next-stage-completo/next-stage/vendor/laravel/framework/src/Illuminate/Routing/Router.php(753): Illuminate/Routing/Router->dispatchToRoute()
#24 C:/xampp/htdocs/next-stage-completo/next-stage/vendor/laravel/framework/src/Illuminate/Foundation/Http/Kernel.php(200): Illuminate/Routing/Router->dispatch()
#25 C:/xampp/htdocs/next-stage-completo/next-stage/vendor/laravel/framework/src/Illuminate/Pipeline/Pipeline.php(180): Illuminate/Foundation/Http/Kernel->{closure:Illuminate/Foundation/Http/Kernel::dispatchToRouter():197}()
#26 C:/xampp/htdocs/next-stage-completo/next-stage/vendor/laravel/framework/src/Illuminate/Foundation/Http/Middleware/TransformsRequest.php(21): Illuminate/Pipeline/Pipeline->{closure:Illuminate/Pipeline/Pipeline::prepareDestination():178}()
#27 C:/xampp/htdocs/next-stage-completo/next-stage/vendor/laravel/framework/src/Illuminate/Foundation/Http/Middleware/ConvertEmptyStringsToNull.php(31): Illuminate/Foundation/Http/Middleware/TransformsRequest->handle()
#28 C:/xampp/htdocs/next-stage-completo/next-stage/vendor/laravel/framework/src/Illuminate/Pipeline/Pipeline.php(219): Illuminate/Foundation/Http/Middleware/ConvertEmptyStringsToNull->handle()
#29 C:/xampp/htdocs/next-stage-completo/next-stage/vendor/laravel/framework/src/Illuminate/Foundation/Http/Middleware/TransformsRequest.php(21): Illuminate/Pipeline/Pipeline->{closure:{closure:Illuminate/Pipeline/Pipeline::carry():194}:195}()
#30 C:/xampp/htdocs/next-stage-completo/next-stage/vendor/laravel/framework/src/Illuminate/Foundation/Http/Middleware/TrimStrings.php(51): Illuminate/Foundation/Http/Middleware/TransformsRequest->handle()
#31 C:/xampp/htdocs/next-stage-completo/next-stage/vendor/laravel/framework/src/Illuminate/Pipeline/Pipeline.php(219): Illuminate/Foundation/Http/Middleware/TrimStrings->handle()
#32 C:/xampp/htdocs/next-stage-completo/next-stage/vendor/laravel/framework/src/Illuminate/Http/Middleware/ValidatePostSize.php(27): Illuminate/Pipeline/Pipeline->{closure:{closure:Illuminate/Pipeline/Pipeline::carry():194}:195}()
#33 C:/xampp/htdocs/next-stage-completo/next-stage/vendor/laravel/framework/src/Illuminate/Pipeline/Pipeline.php(219): Illuminate/Http/Middleware/ValidatePostSize->handle()
#34 C:/xampp/htdocs/next-stage-completo/next-stage/vendor/laravel/framework/src/Illuminate/Foundation/Http/Middleware/PreventRequestsDuringMaintenance.php(109): Illuminate/Pipeline/Pipeline->{closure:{closure:Illuminate/Pipeline/Pipeline::carry():194}:195}()
#35 C:/xampp/htdocs/next-stage-completo/next-stage/vendor/laravel/framework/src/Illuminate/Pipeline/Pipeline.php(219): Illuminate/Foundation/Http/Middleware/PreventRequestsDuringMaintenance->handle()
#36 C:/xampp/htdocs/next-stage-completo/next-stage/vendor/laravel/framework/src/Illuminate/Http/Middleware/HandleCors.php(74): Illuminate/Pipeline/Pipeline->{closure:{closure:Illuminate/Pipeline/Pipeline::carry():194}:195}()
#37 C:/xampp/htdocs/next-stage-completo/next-stage/vendor/laravel/framework/src/Illuminate/Pipeline/Pipeline.php(219): Illuminate/Http/Middleware/HandleCors->handle()
#38 C:/xampp/htdocs/next-stage-completo/next-stage/vendor/laravel/framework/src/Illuminate/Http/Middleware/TrustProxies.php(58): Illuminate/Pipeline/Pipeline->{closure:{closure:Illuminate/Pipeline/Pipeline::carry():194}:195}()
#39 C:/xampp/htdocs/next-stage-completo/next-stage/vendor/laravel/framework/src/Illuminate/Pipeline/Pipeline.php(219): Illuminate/Http/Middleware/TrustProxies->handle()
#40 C:/xampp/htdocs/next-stage-completo/next-stage/vendor/laravel/framework/src/Illuminate/Foundation/Http/Middleware/InvokeDeferredCallbacks.php(22): Illuminate/Pipeline/Pipeline->{closure:{closure:Illuminate/Pipeline/Pipeline::carry():194}:195}()
#41 C:/xampp/htdocs/next-stage-completo/next-stage/vendor/laravel/framework/src/Illuminate/Pipeline/Pipeline.php(219): Illuminate/Foundation/Http/Middleware/InvokeDeferredCallbacks->handle()
#42 C:/xampp/htdocs/next-stage-completo/next-stage/vendor/laravel/framework/src/Illuminate/Http/Middleware/ValidatePathEncoding.php(26): Illuminate/Pipeline/Pipeline->{closure:{closure:Illuminate/Pipeline/Pipeline::carry():194}:195}()
#43 C:/xampp/htdocs/next-stage-completo/next-stage/vendor/laravel/framework/src/Illuminate/Pipeline/Pipeline.php(219): Illuminate/Http/Middleware/ValidatePathEncoding->handle()
#44 C:/xampp/htdocs/next-stage-completo/next-stage/vendor/laravel/framework/src/Illuminate/Pipeline/Pipeline.php(137): Illuminate/Pipeline/Pipeline->{closure:{closure:Illuminate/Pipeline/Pipeline::carry():194}:195}()
#45 C:/xampp/htdocs/next-stage-completo/next-stage/vendor/laravel/framework/src/Illuminate/Foundation/Http/Kernel.php(175): Illuminate/Pipeline/Pipeline->then()
#46 C:/xampp/htdocs/next-stage-completo/next-stage/vendor/laravel/framework/src/Illuminate/Foundation/Http/Kernel.php(144): Illuminate/Foundation/Http/Kernel->sendRequestThroughRouter()
#47 C:/xampp/htdocs/next-stage-completo/next-stage/vendor/laravel/framework/src/Illuminate/Foundation/Application.php(1220): Illuminate/Foundation/Http/Kernel->handle()
#48 C:/xampp/htdocs/next-stage-completo/next-stage/public/index.php(17): Illuminate/Foundation/Application->handleRequest()
#49 C:/xampp/htdocs/next-stage-completo/next-stage/vendor/laravel/framework/src/Illuminate/Foundation/resources/server.php(23): require_once('...')
#50 {main}

[previous exception] [object] (PDOException(code: 42S02): SQLSTATE[42S02]: Base table or view not found: 1146 Table 'proximo_estagio.prazo_aluno' doesn't exist at C:/xampp/htdocs/next-stage-completo/next-stage/vendor/laravel/framework/src/Illuminate/Database/Connection.php:420)
[stacktrace]
#0 C:/xampp/htdocs/next-stage-completo/next-stage/vendor/laravel/framework/src/Illuminate/Database/Connection.php(420): PDO->prepare()
#1 C:/xampp/htdocs/next-stage-completo/next-stage/vendor/laravel/framework/src/Illuminate/Database/Connection.php(827): Illuminate/Database/Connection->{closure:Illuminate/Database/Connection::select():411}()
#2 C:/xampp/htdocs/next-stage-completo/next-stage/vendor/laravel/framework/src/Illuminate/Database/Connection.php(794): Illuminate/Database/Connection->runQueryCallback()
#3 C:/xampp/htdocs/next-stage-completo/next-stage/vendor/laravel/framework/src/Illuminate/Database/Connection.php(411): Illuminate/Database/Connection->run()
#4 C:/xampp/htdocs/next-stage-completo/next-stage/vendor/laravel/framework/src/Illuminate/Database/Query/Builder.php(3505): Illuminate/Database/Connection->select()
#5 C:/xampp/htdocs/next-stage-completo/next-stage/vendor/laravel/framework/src/Illuminate/Database/Query/Builder.php(3490): Illuminate/Database/Query/Builder->runSelect()
#6 C:/xampp/htdocs/next-stage-completo/next-stage/vendor/laravel/framework/src/Illuminate/Database/Query/Builder.php(4080): Illuminate/Database/Query/Builder->{closure:Illuminate/Database/Query/Builder::get():3489}()
#7 C:/xampp/htdocs/next-stage-completo/next-stage/vendor/laravel/framework/src/Illuminate/Database/Query/Builder.php(3489): Illuminate/Database/Query/Builder->onceWithColumns()
#8 C:/xampp/htdocs/next-stage-completo/next-stage/app/Features/Aluno/Services/AlunoService.php(88): Illuminate/Database/Query/Builder->get()
#9 C:/xampp/htdocs/next-stage-completo/next-stage/app/Features/Aluno/Services/AlunoService.php(54): App/Features/Aluno/Services/AlunoService->calcularPrazos()
#10 C:/xampp/htdocs/next-stage-completo/next-stage/app/Features/Aluno/Controllers/AlunoController.php(21): App/Features/Aluno/Services/AlunoService->listarDocumentos()
#11 C:/xampp/htdocs/next-stage-completo/next-stage/vendor/laravel/framework/src/Illuminate/Routing/Controller.php(54): App/Features/Aluno/Controllers/AlunoController->listarDocumentos()
#12 C:/xampp/htdocs/next-stage-completo/next-stage/vendor/laravel/framework/src/Illuminate/Routing/ControllerDispatcher.php(43): Illuminate/Routing/Controller->callAction()
#13 C:/xampp/htdocs/next-stage-completo/next-stage/vendor/laravel/framework/src/Illuminate/Routing/Route.php(265): Illuminate/Routing/ControllerDispatcher->dispatch()
#14 C:/xampp/htdocs/next-stage-completo/next-stage/vendor/laravel/framework/src/Illuminate/Routing/Route.php(211): Illuminate/Routing/Route->runController()
#15 C:/xampp/htdocs/next-stage-completo/next-stage/vendor/laravel/framework/src/Illuminate/Routing/Router.php(822): Illuminate/Routing/Route->run()
#16 C:/xampp/htdocs/next-stage-completo/next-stage/vendor/laravel/framework/src/Illuminate/Pipeline/Pipeline.php(180): Illuminate/Routing/Router->{closure:Illuminate/Routing/Router::runRouteWithinStack():821}()
#17 C:/xampp/htdocs/next-stage-completo/next-stage/app/Http/Middleware/VerificarToken.php(46): Illuminate/Pipeline/Pipeline->{closure:Illuminate/Pipeline/Pipeline::prepareDestination():178}()
#18 C:/xampp/htdocs/next-stage-completo/next-stage/vendor/laravel/framework/src/Illuminate/Pipeline/Pipeline.php(219): App/Http/Middleware/VerificarToken->handle()
#19 C:/xampp/htdocs/next-stage-completo/next-stage/vendor/laravel/framework/src/Illuminate/Routing/Middleware/SubstituteBindings.php(50): Illuminate/Pipeline/Pipeline->{closure:{closure:Illuminate/Pipeline/Pipeline::carry():194}:195}()
#20 C:/xampp/htdocs/next-stage-completo/next-stage/vendor/laravel/framework/src/Illuminate/Pipeline/Pipeline.php(219): Illuminate/Routing/Middleware/SubstituteBindings->handle()
#21 C:/xampp/htdocs/next-stage-completo/next-stage/vendor/laravel/framework/src/Illuminate/Pipeline/Pipeline.php(137): Illuminate/Pipeline/Pipeline->{closure:{closure:Illuminate/Pipeline/Pipeline::carry():194}:195}()
#22 C:/xampp/htdocs/next-stage-completo/next-stage/vendor/laravel/framework/src/Illuminate/Routing/Router.php(821): Illuminate/Pipeline/Pipeline->then()
#23 C:/xampp/htdocs/next-stage-completo/next-stage/vendor/laravel/framework/src/Illuminate/Routing/Router.php(800): Illuminate/Routing/Router->runRouteWithinStack()
#24 C:/xampp/htdocs/next-stage-completo/next-stage/vendor/laravel/framework/src/Illuminate/Routing/Router.php(764): Illuminate/Routing/Router->runRoute()
#25 C:/xampp/htdocs/next-stage-completo/next-stage/vendor/laravel/framework/src/Illuminate/Routing/Router.php(753): Illuminate/Routing/Router->dispatchToRoute()
#26 C:/xampp/htdocs/next-stage-completo/next-stage/vendor/laravel/framework/src/Illuminate/Foundation/Http/Kernel.php(200): Illuminate/Routing/Router->dispatch()
#27 C:/xampp/htdocs/next-stage-completo/next-stage/vendor/laravel/framework/src/Illuminate/Pipeline/Pipeline.php(180): Illuminate/Foundation/Http/Kernel->{closure:Illuminate/Foundation/Http/Kernel::dispatchToRouter():197}()
#28 C:/xampp/htdocs/next-stage-completo/next-stage/vendor/laravel/framework/src/Illuminate/Foundation/Http/Middleware/TransformsRequest.php(21): Illuminate/Pipeline/Pipeline->{closure:Illuminate/Pipeline/Pipeline::prepareDestination():178}()
#29 C:/xampp/htdocs/next-stage-completo/next-stage/vendor/laravel/framework/src/Illuminate/Foundation/Http/Middleware/ConvertEmptyStringsToNull.php(31): Illuminate/Foundation/Http/Middleware/TransformsRequest->handle()
#30 C:/xampp/htdocs/next-stage-completo/next-stage/vendor/laravel/framework/src/Illuminate/Pipeline/Pipeline.php(219): Illuminate/Foundation/Http/Middleware/ConvertEmptyStringsToNull->handle()
#31 C:/xampp/htdocs/next-stage-completo/next-stage/vendor/laravel/framework/src/Illuminate/Foundation/Http/Middleware/TransformsRequest.php(21): Illuminate/Pipeline/Pipeline->{closure:{closure:Illuminate/Pipeline/Pipeline::carry():194}:195}()
#32 C:/xampp/htdocs/next-stage-completo/next-stage/vendor/laravel/framework/src/Illuminate/Foundation/Http/Middleware/TrimStrings.php(51): Illuminate/Foundation/Http/Middleware/TransformsRequest->handle()
#33 C:/xampp/htdocs/next-stage-completo/next-stage/vendor/laravel/framework/src/Illuminate/Pipeline/Pipeline.php(219): Illuminate/Foundation/Http/Middleware/TrimStrings->handle()
#34 C:/xampp/htdocs/next-stage-completo/next-stage/vendor/laravel/framework/src/Illuminate/Http/Middleware/ValidatePostSize.php(27): Illuminate/Pipeline/Pipeline->{closure:{closure:Illuminate/Pipeline/Pipeline::carry():194}:195}()
#35 C:/xampp/htdocs/next-stage-completo/next-stage/vendor/laravel/framework/src/Illuminate/Pipeline/Pipeline.php(219): Illuminate/Http/Middleware/ValidatePostSize->handle()
#36 C:/xampp/htdocs/next-stage-completo/next-stage/vendor/laravel/framework/src/Illuminate/Foundation/Http/Middleware/PreventRequestsDuringMaintenance.php(109): Illuminate/Pipeline/Pipeline->{closure:{closure:Illuminate/Pipeline/Pipeline::carry():194}:195}()
#37 C:/xampp/htdocs/next-stage-completo/next-stage/vendor/laravel/framework/src/Illuminate/Pipeline/Pipeline.php(219): Illuminate/Foundation/Http/Middleware/PreventRequestsDuringMaintenance->handle()
#38 C:/xampp/htdocs/next-stage-completo/next-stage/vendor/laravel/framework/src/Illuminate/Http/Middleware/HandleCors.php(74): Illuminate/Pipeline/Pipeline->{closure:{closure:Illuminate/Pipeline/Pipeline::carry():194}:195}()
#39 C:/xampp/htdocs/next-stage-completo/next-stage/vendor/laravel/framework/src/Illuminate/Pipeline/Pipeline.php(219): Illuminate/Http/Middleware/HandleCors->handle()
#40 C:/xampp/htdocs/next-stage-completo/next-stage/vendor/laravel/framework/src/Illuminate/Http/Middleware/TrustProxies.php(58): Illuminate/Pipeline/Pipeline->{closure:{closure:Illuminate/Pipeline/Pipeline::carry():194}:195}()
#41 C:/xampp/htdocs/next-stage-completo/next-stage/vendor/laravel/framework/src/Illuminate/Pipeline/Pipeline.php(219): Illuminate/Http/Middleware/TrustProxies->handle()
#42 C:/xampp/htdocs/next-stage-completo/next-stage/vendor/laravel/framework/src/Illuminate/Foundation/Http/Middleware/InvokeDeferredCallbacks.php(22): Illuminate/Pipeline/Pipeline->{closure:{closure:Illuminate/Pipeline/Pipeline::carry():194}:195}()
#43 C:/xampp/htdocs/next-stage-completo/next-stage/vendor/laravel/framework/src/Illuminate/Pipeline/Pipeline.php(219): Illuminate/Foundation/Http/Middleware/InvokeDeferredCallbacks->handle()
#44 C:/xampp/htdocs/next-stage-completo/next-stage/vendor/laravel/framework/src/Illuminate/Http/Middleware/ValidatePathEncoding.php(26): Illuminate/Pipeline/Pipeline->{closure:{closure:Illuminate/Pipeline/Pipeline::carry():194}:195}()
#45 C:/xampp/htdocs/next-stage-completo/next-stage/vendor/laravel/framework/src/Illuminate/Pipeline/Pipeline.php(219): Illuminate/Http/Middleware/ValidatePathEncoding->handle()
#46 C:/xampp/htdocs/next-stage-completo/next-stage/vendor/laravel/framework/src/Illuminate/Pipeline/Pipeline.php(137): Illuminate/Pipeline/Pipeline->{closure:{closure:Illuminate/Pipeline/Pipeline::carry():194}:195}()
#47 C:/xampp/htdocs/next-stage-completo/next-stage/vendor/laravel/framework/src/Illuminate/Foundation/Http/Kernel.php(175): Illuminate/Pipeline/Pipeline->then()
#48 C:/xampp/htdocs/next-stage-completo/next-stage/vendor/laravel/framework/src/Illuminate/Foundation/Http/Kernel.php(144): Illuminate/Foundation/Http/Kernel->sendRequestThroughRouter()
#49 C:/xampp/htdocs/next-stage-completo/next-stage/vendor/laravel/framework/src/Illuminate/Foundation/Application.php(1220): Illuminate/Foundation/Http/Kernel->handle()
#50 C:/xampp/htdocs/next-stage-completo/next-stage/public/index.php(17): Illuminate/Foundation/Application->handleRequest()
#51 C:/xampp/htdocs/next-stage-completo/next-stage/vendor/laravel/framework/src/Illuminate/Foundation/resources/server.php(23): require_once('...')
#52 {main}
"} 
[2026-04-09 22:12:15] local.ERROR: SQLSTATE[42S02]: Base table or view not found: 1146 Table 'proximo_estagio.prazo_aluno' doesn't exist (Connection: mysql, Host: 127.0.0.1, Port: 3306, Database: proximo_estagio, SQL: select `t`.`idtipo`, `t`.`nome` as `tipo`, `t`.`intervalo_dias`, `pa`.`dataLimite`, (
                    SELECT d2.dataEmissao
                    FROM documento d2
                    JOIN tipo t2 ON t2.idtipo = d2.tipo_idtipo
                    WHERE d2.aluno_idaluno = 1
                      AND t2.ordem = (t.ordem - 1)
                    ORDER BY d2.iddocumento DESC
                    LIMIT 1
                ) as dataEnvioAnterior from `tipo` as `t` left join `prazo_aluno` as `pa` on `pa`.`tipo_idtipo` = `t`.`idtipo` and `pa`.`aluno_idaluno` = 1 where `t`.`ativo` = 1 order by `t`.`ordem` asc) {"exception":"[object] (Illuminate\\Database\\QueryException(code: 42S02): SQLSTATE[42S02]: Base table or view not found: 1146 Table 'proximo_estagio.prazo_aluno' doesn't exist (Connection: mysql, Host: 127.0.0.1, Port: 3306, Database: proximo_estagio, SQL: select `t`.`idtipo`, `t`.`nome` as `tipo`, `t`.`intervalo_dias`, `pa`.`dataLimite`, (
                    SELECT d2.dataEmissao
                    FROM documento d2
                    JOIN tipo t2 ON t2.idtipo = d2.tipo_idtipo
                    WHERE d2.aluno_idaluno = 1
                      AND t2.ordem = (t.ordem - 1)
                    ORDER BY d2.iddocumento DESC
                    LIMIT 1
                ) as dataEnvioAnterior from `tipo` as `t` left join `prazo_aluno` as `pa` on `pa`.`tipo_idtipo` = `t`.`idtipo` and `pa`.`aluno_idaluno` = 1 where `t`.`ativo` = 1 order by `t`.`ordem` asc) at C:/xampp/htdocs/next-stage-completo/next-stage/vendor/laravel/framework/src/Illuminate/Database/Connection.php:838)
[stacktrace]
#0 C:/xampp/htdocs/next-stage-completo/next-stage/vendor/laravel/framework/src/Illuminate/Database/Connection.php(794): Illuminate/Database/Connection->runQueryCallback()
#1 C:/xampp/htdocs/next-stage-completo/next-stage/vendor/laravel/framework/src/Illuminate/Database/Connection.php(411): Illuminate/Database/Connection->run()
#2 C:/xampp/htdocs/next-stage-completo/next-stage/vendor/laravel/framework/src/Illuminate/Database/Query/Builder.php(3505): Illuminate/Database/Connection->select()
#3 C:/xampp/htdocs/next-stage-completo/next-stage/vendor/laravel/framework/src/Illuminate/Database/Query/Builder.php(3490): Illuminate/Database/Query/Builder->runSelect()
#4 C:/xampp/htdocs/next-stage-completo/next-stage/vendor/laravel/framework/src/Illuminate/Database/Query/Builder.php(4080): Illuminate/Database/Query/Builder->{closure:Illuminate/Database/Query/Builder::get():3489}()
#5 C:/xampp/htdocs/next-stage-completo/next-stage/vendor/laravel/framework/src/Illuminate/Database/Query/Builder.php(3489): Illuminate/Database/Query/Builder->onceWithColumns()
#6 C:/xampp/htdocs/next-stage-completo/next-stage/app/Features/Aluno/Services/AlunoService.php(88): Illuminate/Database/Query/Builder->get()
#7 C:/xampp/htdocs/next-stage-completo/next-stage/app/Features/Aluno/Services/AlunoService.php(54): App/Features/Aluno/Services/AlunoService->calcularPrazos()
#8 C:/xampp/htdocs/next-stage-completo/next-stage/app/Features/Aluno/Controllers/AlunoController.php(21): App/Features/Aluno/Services/AlunoService->listarDocumentos()
#9 C:/xampp/htdocs/next-stage-completo/next-stage/vendor/laravel/framework/src/Illuminate/Routing/Controller.php(54): App/Features/Aluno/Controllers/AlunoController->listarDocumentos()
#10 C:/xampp/htdocs/next-stage-completo/next-stage/vendor/laravel/framework/src/Illuminate/Routing/ControllerDispatcher.php(43): Illuminate/Routing/Controller->callAction()
#11 C:/xampp/htdocs/next-stage-completo/next-stage/vendor/laravel/framework/src/Illuminate/Routing/Route.php(265): Illuminate/Routing/ControllerDispatcher->dispatch()
#12 C:/xampp/htdocs/next-stage-completo/next-stage/vendor/laravel/framework/src/Illuminate/Routing/Route.php(211): Illuminate/Routing/Route->runController()
#13 C:/xampp/htdocs/next-stage-completo/next-stage/vendor/laravel/framework/src/Illuminate/Routing/Router.php(822): Illuminate/Routing/Route->run()
#14 C:/xampp/htdocs/next-stage-completo/next-stage/vendor/laravel/framework/src/Illuminate/Pipeline/Pipeline.php(180): Illuminate/Routing/Router->{closure:Illuminate/Routing/Router::runRouteWithinStack():821}()
#15 C:/xampp/htdocs/next-stage-completo/next-stage/app/Http/Middleware/VerificarToken.php(46): Illuminate/Pipeline/Pipeline->{closure:Illuminate/Pipeline/Pipeline::prepareDestination():178}()
#16 C:/xampp/htdocs/next-stage-completo/next-stage/vendor/laravel/framework/src/Illuminate/Pipeline/Pipeline.php(219): App/Http/Middleware/VerificarToken->handle()
#17 C:/xampp/htdocs/next-stage-completo/next-stage/vendor/laravel/framework/src/Illuminate/Routing/Middleware/SubstituteBindings.php(50): Illuminate/Pipeline/Pipeline->{closure:{closure:Illuminate/Pipeline/Pipeline::carry():194}:195}()
#18 C:/xampp/htdocs/next-stage-completo/next-stage/vendor/laravel/framework/src/Illuminate/Pipeline/Pipeline.php(219): Illuminate/Routing/Middleware/SubstituteBindings->handle()
#19 C:/xampp/htdocs/next-stage-completo/next-stage/vendor/laravel/framework/src/Illuminate/Pipeline/Pipeline.php(137): Illuminate/Pipeline/Pipeline->{closure:{closure:Illuminate/Pipeline/Pipeline::carry():194}:195}()
#20 C:/xampp/htdocs/next-stage-completo/next-stage/vendor/laravel/framework/src/Illuminate/Routing/Router.php(821): Illuminate/Pipeline/Pipeline->then()
#21 C:/xampp/htdocs/next-stage-completo/next-stage/vendor/laravel/framework/src/Illuminate/Routing/Router.php(800): Illuminate/Routing/Router->runRouteWithinStack()
#22 C:/xampp/htdocs/next-stage-completo/next-stage/vendor/laravel/framework/src/Illuminate/Routing/Router.php(764): Illuminate/Routing/Router->runRoute()
#23 C:/xampp/htdocs/next-stage-completo/next-stage/vendor/laravel/framework/src/Illuminate/Routing/Router.php(753): Illuminate/Routing/Router->dispatchToRoute()
#24 C:/xampp/htdocs/next-stage-completo/next-stage/vendor/laravel/framework/src/Illuminate/Foundation/Http/Kernel.php(200): Illuminate/Routing/Router->dispatch()
#25 C:/xampp/htdocs/next-stage-completo/next-stage/vendor/laravel/framework/src/Illuminate/Pipeline/Pipeline.php(180): Illuminate/Foundation/Http/Kernel->{closure:Illuminate/Foundation/Http/Kernel::dispatchToRouter():197}()
#26 C:/xampp/htdocs/next-stage-completo/next-stage/vendor/laravel/framework/src/Illuminate/Foundation/Http/Middleware/TransformsRequest.php(21): Illuminate/Pipeline/Pipeline->{closure:Illuminate/Pipeline/Pipeline::prepareDestination():178}()
#27 C:/xampp/htdocs/next-stage-completo/next-stage/vendor/laravel/framework/src/Illuminate/Foundation/Http/Middleware/ConvertEmptyStringsToNull.php(31): Illuminate/Foundation/Http/Middleware/TransformsRequest->handle()
#28 C:/xampp/htdocs/next-stage-completo/next-stage/vendor/laravel/framework/src/Illuminate/Pipeline/Pipeline.php(219): Illuminate/Foundation/Http/Middleware/ConvertEmptyStringsToNull->handle()
#29 C:/xampp/htdocs/next-stage-completo/next-stage/vendor/laravel/framework/src/Illuminate/Foundation/Http/Middleware/TransformsRequest.php(21): Illuminate/Pipeline/Pipeline->{closure:{closure:Illuminate/Pipeline/Pipeline::carry():194}:195}()
#30 C:/xampp/htdocs/next-stage-completo/next-stage/vendor/laravel/framework/src/Illuminate/Foundation/Http/Middleware/TrimStrings.php(51): Illuminate/Foundation/Http/Middleware/TransformsRequest->handle()
#31 C:/xampp/htdocs/next-stage-completo/next-stage/vendor/laravel/framework/src/Illuminate/Pipeline/Pipeline.php(219): Illuminate/Foundation/Http/Middleware/TrimStrings->handle()
#32 C:/xampp/htdocs/next-stage-completo/next-stage/vendor/laravel/framework/src/Illuminate/Http/Middleware/ValidatePostSize.php(27): Illuminate/Pipeline/Pipeline->{closure:{closure:Illuminate/Pipeline/Pipeline::carry():194}:195}()
#33 C:/xampp/htdocs/next-stage-completo/next-stage/vendor/laravel/framework/src/Illuminate/Pipeline/Pipeline.php(219): Illuminate/Http/Middleware/ValidatePostSize->handle()
#34 C:/xampp/htdocs/next-stage-completo/next-stage/vendor/laravel/framework/src/Illuminate/Foundation/Http/Middleware/PreventRequestsDuringMaintenance.php(109): Illuminate/Pipeline/Pipeline->{closure:{closure:Illuminate/Pipeline/Pipeline::carry():194}:195}()
#35 C:/xampp/htdocs/next-stage-completo/next-stage/vendor/laravel/framework/src/Illuminate/Pipeline/Pipeline.php(219): Illuminate/Foundation/Http/Middleware/PreventRequestsDuringMaintenance->handle()
#36 C:/xampp/htdocs/next-stage-completo/next-stage/vendor/laravel/framework/src/Illuminate/Http/Middleware/HandleCors.php(74): Illuminate/Pipeline/Pipeline->{closure:{closure:Illuminate/Pipeline/Pipeline::carry():194}:195}()
#37 C:/xampp/htdocs/next-stage-completo/next-stage/vendor/laravel/framework/src/Illuminate/Pipeline/Pipeline.php(219): Illuminate/Http/Middleware/HandleCors->handle()
#38 C:/xampp/htdocs/next-stage-completo/next-stage/vendor/laravel/framework/src/Illuminate/Http/Middleware/TrustProxies.php(58): Illuminate/Pipeline/Pipeline->{closure:{closure:Illuminate/Pipeline/Pipeline::carry():194}:195}()
#39 C:/xampp/htdocs/next-stage-completo/next-stage/vendor/laravel/framework/src/Illuminate/Pipeline/Pipeline.php(219): Illuminate/Http/Middleware/TrustProxies->handle()
#40 C:/xampp/htdocs/next-stage-completo/next-stage/vendor/laravel/framework/src/Illuminate/Foundation/Http/Middleware/InvokeDeferredCallbacks.php(22): Illuminate/Pipeline/Pipeline->{closure:{closure:Illuminate/Pipeline/Pipeline::carry():194}:195}()
#41 C:/xampp/htdocs/next-stage-completo/next-stage/vendor/laravel/framework/src/Illuminate/Pipeline/Pipeline.php(219): Illuminate/Foundation/Http/Middleware/InvokeDeferredCallbacks->handle()
#42 C:/xampp/htdocs/next-stage-completo/next-stage/vendor/laravel/framework/src/Illuminate/Http/Middleware/ValidatePathEncoding.php(26): Illuminate/Pipeline/Pipeline->{closure:{closure:Illuminate/Pipeline/Pipeline::carry():194}:195}()
#43 C:/xampp/htdocs/next-stage-completo/next-stage/vendor/laravel/framework/src/Illuminate/Pipeline/Pipeline.php(219): Illuminate/Http/Middleware/ValidatePathEncoding->handle()
#44 C:/xampp/htdocs/next-stage-completo/next-stage/vendor/laravel/framework/src/Illuminate/Pipeline/Pipeline.php(137): Illuminate/Pipeline/Pipeline->{closure:{closure:Illuminate/Pipeline/Pipeline::carry():194}:195}()
#45 C:/xampp/htdocs/next-stage-completo/next-stage/vendor/laravel/framework/src/Illuminate/Foundation/Http/Kernel.php(175): Illuminate/Pipeline/Pipeline->then()
#46 C:/xampp/htdocs/next-stage-completo/next-stage/vendor/laravel/framework/src/Illuminate/Foundation/Http/Kernel.php(144): Illuminate/Foundation/Http/Kernel->sendRequestThroughRouter()
#47 C:/xampp/htdocs/next-stage-completo/next-stage/vendor/laravel/framework/src/Illuminate/Foundation/Application.php(1220): Illuminate/Foundation/Http/Kernel->handle()
#48 C:/xampp/htdocs/next-stage-completo/next-stage/public/index.php(17): Illuminate/Foundation/Application->handleRequest()
#49 C:/xampp/htdocs/next-stage-completo/next-stage/vendor/laravel/framework/src/Illuminate/Foundation/resources/server.php(23): require_once('...')
#50 {main}

[previous exception] [object] (PDOException(code: 42S02): SQLSTATE[42S02]: Base table or view not found: 1146 Table 'proximo_estagio.prazo_aluno' doesn't exist at C:/xampp/htdocs/next-stage-completo/next-stage/vendor/laravel/framework/src/Illuminate/Database/Connection.php:420)
[stacktrace]
#0 C:/xampp/htdocs/next-stage-completo/next-stage/vendor/laravel/framework/src/Illuminate/Database/Connection.php(420): PDO->prepare()
#1 C:/xampp/htdocs/next-stage-completo/next-stage/vendor/laravel/framework/src/Illuminate/Database/Connection.php(827): Illuminate/Database/Connection->{closure:Illuminate/Database/Connection::select():411}()
#2 C:/xampp/htdocs/next-stage-completo/next-stage/vendor/laravel/framework/src/Illuminate/Database/Connection.php(794): Illuminate/Database/Connection->runQueryCallback()
#3 C:/xampp/htdocs/next-stage-completo/next-stage/vendor/laravel/framework/src/Illuminate/Database/Connection.php(411): Illuminate/Database/Connection->run()
#4 C:/xampp/htdocs/next-stage-completo/next-stage/vendor/laravel/framework/src/Illuminate/Database/Query/Builder.php(3505): Illuminate/Database/Connection->select()
#5 C:/xampp/htdocs/next-stage-completo/next-stage/vendor/laravel/framework/src/Illuminate/Database/Query/Builder.php(3490): Illuminate/Database/Query/Builder->runSelect()
#6 C:/xampp/htdocs/next-stage-completo/next-stage/vendor/laravel/framework/src/Illuminate/Database/Query/Builder.php(4080): Illuminate/Database/Query/Builder->{closure:Illuminate/Database/Query/Builder::get():3489}()
#7 C:/xampp/htdocs/next-stage-completo/next-stage/vendor/laravel/framework/src/Illuminate/Database/Query/Builder.php(3489): Illuminate/Database/Query/Builder->onceWithColumns()
#8 C:/xampp/htdocs/next-stage-completo/next-stage/app/Features/Aluno/Services/AlunoService.php(88): Illuminate/Database/Query/Builder->get()
#9 C:/xampp/htdocs/next-stage-completo/next-stage/app/Features/Aluno/Services/AlunoService.php(54): App/Features/Aluno/Services/AlunoService->calcularPrazos()
#10 C:/xampp/htdocs/next-stage-completo/next-stage/app/Features/Aluno/Controllers/AlunoController.php(21): App/Features/Aluno/Services/AlunoService->listarDocumentos()
#11 C:/xampp/htdocs/next-stage-completo/next-stage/vendor/laravel/framework/src/Illuminate/Routing/Controller.php(54): App/Features/Aluno/Controllers/AlunoController->listarDocumentos()
#12 C:/xampp/htdocs/next-stage-completo/next-stage/vendor/laravel/framework/src/Illuminate/Routing/ControllerDispatcher.php(43): Illuminate/Routing/Controller->callAction()
#13 C:/xampp/htdocs/next-stage-completo/next-stage/vendor/laravel/framework/src/Illuminate/Routing/Route.php(265): Illuminate/Routing/ControllerDispatcher->dispatch()
#14 C:/xampp/htdocs/next-stage-completo/next-stage/vendor/laravel/framework/src/Illuminate/Routing/Route.php(211): Illuminate/Routing/Route->runController()
#15 C:/xampp/htdocs/next-stage-completo/next-stage/vendor/laravel/framework/src/Illuminate/Routing/Router.php(822): Illuminate/Routing/Route->run()
#16 C:/xampp/htdocs/next-stage-completo/next-stage/vendor/laravel/framework/src/Illuminate/Pipeline/Pipeline.php(180): Illuminate/Routing/Router->{closure:Illuminate/Routing/Router::runRouteWithinStack():821}()
#17 C:/xampp/htdocs/next-stage-completo/next-stage/app/Http/Middleware/VerificarToken.php(46): Illuminate/Pipeline/Pipeline->{closure:Illuminate/Pipeline/Pipeline::prepareDestination():178}()
#18 C:/xampp/htdocs/next-stage-completo/next-stage/vendor/laravel/framework/src/Illuminate/Pipeline/Pipeline.php(219): App/Http/Middleware/VerificarToken->handle()
#19 C:/xampp/htdocs/next-stage-completo/next-stage/vendor/laravel/framework/src/Illuminate/Routing/Middleware/SubstituteBindings.php(50): Illuminate/Pipeline/Pipeline->{closure:{closure:Illuminate/Pipeline/Pipeline::carry():194}:195}()
#20 C:/xampp/htdocs/next-stage-completo/next-stage/vendor/laravel/framework/src/Illuminate/Pipeline/Pipeline.php(219): Illuminate/Routing/Middleware/SubstituteBindings->handle()
#21 C:/xampp/htdocs/next-stage-completo/next-stage/vendor/laravel/framework/src/Illuminate/Pipeline/Pipeline.php(137): Illuminate/Pipeline/Pipeline->{closure:{closure:Illuminate/Pipeline/Pipeline::carry():194}:195}()
#22 C:/xampp/htdocs/next-stage-completo/next-stage/vendor/laravel/framework/src/Illuminate/Routing/Router.php(821): Illuminate/Pipeline/Pipeline->then()
#23 C:/xampp/htdocs/next-stage-completo/next-stage/vendor/laravel/framework/src/Illuminate/Routing/Router.php(800): Illuminate/Routing/Router->runRouteWithinStack()
#24 C:/xampp/htdocs/next-stage-completo/next-stage/vendor/laravel/framework/src/Illuminate/Routing/Router.php(764): Illuminate/Routing/Router->runRoute()
#25 C:/xampp/htdocs/next-stage-completo/next-stage/vendor/laravel/framework/src/Illuminate/Routing/Router.php(753): Illuminate/Routing/Router->dispatchToRoute()
#26 C:/xampp/htdocs/next-stage-completo/next-stage/vendor/laravel/framework/src/Illuminate/Foundation/Http/Kernel.php(200): Illuminate/Routing/Router->dispatch()
#27 C:/xampp/htdocs/next-stage-completo/next-stage/vendor/laravel/framework/src/Illuminate/Pipeline/Pipeline.php(180): Illuminate/Foundation/Http/Kernel->{closure:Illuminate/Foundation/Http/Kernel::dispatchToRouter():197}()
#28 C:/xampp/htdocs/next-stage-completo/next-stage/vendor/laravel/framework/src/Illuminate/Foundation/Http/Middleware/TransformsRequest.php(21): Illuminate/Pipeline/Pipeline->{closure:Illuminate/Pipeline/Pipeline::prepareDestination():178}()
#29 C:/xampp/htdocs/next-stage-completo/next-stage/vendor/laravel/framework/src/Illuminate/Foundation/Http/Middleware/ConvertEmptyStringsToNull.php(31): Illuminate/Foundation/Http/Middleware/TransformsRequest->handle()
#30 C:/xampp/htdocs/next-stage-completo/next-stage/vendor/laravel/framework/src/Illuminate/Pipeline/Pipeline.php(219): Illuminate/Foundation/Http/Middleware/ConvertEmptyStringsToNull->handle()
#31 C:/xampp/htdocs/next-stage-completo/next-stage/vendor/laravel/framework/src/Illuminate/Foundation/Http/Middleware/TransformsRequest.php(21): Illuminate/Pipeline/Pipeline->{closure:{closure:Illuminate/Pipeline/Pipeline::carry():194}:195}()
#32 C:/xampp/htdocs/next-stage-completo/next-stage/vendor/laravel/framework/src/Illuminate/Foundation/Http/Middleware/TrimStrings.php(51): Illuminate/Foundation/Http/Middleware/TransformsRequest->handle()
#33 C:/xampp/htdocs/next-stage-completo/next-stage/vendor/laravel/framework/src/Illuminate/Pipeline/Pipeline.php(219): Illuminate/Foundation/Http/Middleware/TrimStrings->handle()
#34 C:/xampp/htdocs/next-stage-completo/next-stage/vendor/laravel/framework/src/Illuminate/Http/Middleware/ValidatePostSize.php(27): Illuminate/Pipeline/Pipeline->{closure:{closure:Illuminate/Pipeline/Pipeline::carry():194}:195}()
#35 C:/xampp/htdocs/next-stage-completo/next-stage/vendor/laravel/framework/src/Illuminate/Pipeline/Pipeline.php(219): Illuminate/Http/Middleware/ValidatePostSize->handle()
#36 C:/xampp/htdocs/next-stage-completo/next-stage/vendor/laravel/framework/src/Illuminate/Foundation/Http/Middleware/PreventRequestsDuringMaintenance.php(109): Illuminate/Pipeline/Pipeline->{closure:{closure:Illuminate/Pipeline/Pipeline::carry():194}:195}()
#37 C:/xampp/htdocs/next-stage-completo/next-stage/vendor/laravel/framework/src/Illuminate/Pipeline/Pipeline.php(219): Illuminate/Foundation/Http/Middleware/PreventRequestsDuringMaintenance->handle()
#38 C:/xampp/htdocs/next-stage-completo/next-stage/vendor/laravel/framework/src/Illuminate/Http/Middleware/HandleCors.php(74): Illuminate/Pipeline/Pipeline->{closure:{closure:Illuminate/Pipeline/Pipeline::carry():194}:195}()
#39 C:/xampp/htdocs/next-stage-completo/next-stage/vendor/laravel/framework/src/Illuminate/Pipeline/Pipeline.php(219): Illuminate/Http/Middleware/HandleCors->handle()
#40 C:/xampp/htdocs/next-stage-completo/next-stage/vendor/laravel/framework/src/Illuminate/Http/Middleware/TrustProxies.php(58): Illuminate/Pipeline/Pipeline->{closure:{closure:Illuminate/Pipeline/Pipeline::carry():194}:195}()
#41 C:/xampp/htdocs/next-stage-completo/next-stage/vendor/laravel/framework/src/Illuminate/Pipeline/Pipeline.php(219): Illuminate/Http/Middleware/TrustProxies->handle()
#42 C:/xampp/htdocs/next-stage-completo/next-stage/vendor/laravel/framework/src/Illuminate/Foundation/Http/Middleware/InvokeDeferredCallbacks.php(22): Illuminate/Pipeline/Pipeline->{closure:{closure:Illuminate/Pipeline/Pipeline::carry():194}:195}()
#43 C:/xampp/htdocs/next-stage-completo/next-stage/vendor/laravel/framework/src/Illuminate/Pipeline/Pipeline.php(219): Illuminate/Foundation/Http/Middleware/InvokeDeferredCallbacks->handle()
#44 C:/xampp/htdocs/next-stage-completo/next-stage/vendor/laravel/framework/src/Illuminate/Http/Middleware/ValidatePathEncoding.php(26): Illuminate/Pipeline/Pipeline->{closure:{closure:Illuminate/Pipeline/Pipeline::carry():194}:195}()
#45 C:/xampp/htdocs/next-stage-completo/next-stage/vendor/laravel/framework/src/Illuminate/Pipeline/Pipeline.php(219): Illuminate/Http/Middleware/ValidatePathEncoding->handle()
#46 C:/xampp/htdocs/next-stage-completo/next-stage/vendor/laravel/framework/src/Illuminate/Pipeline/Pipeline.php(137): Illuminate/Pipeline/Pipeline->{closure:{closure:Illuminate/Pipeline/Pipeline::carry():194}:195}()
#47 C:/xampp/htdocs/next-stage-completo/next-stage/vendor/laravel/framework/src/Illuminate/Foundation/Http/Kernel.php(175): Illuminate/Pipeline/Pipeline->then()
#48 C:/xampp/htdocs/next-stage-completo/next-stage/vendor/laravel/framework/src/Illuminate/Foundation/Http/Kernel.php(144): Illuminate/Foundation/Http/Kernel->sendRequestThroughRouter()
#49 C:/xampp/htdocs/next-stage-completo/next-stage/vendor/laravel/framework/src/Illuminate/Foundation/Application.php(1220): Illuminate/Foundation/Http/Kernel->handle()
#50 C:/xampp/htdocs/next-stage-completo/next-stage/public/index.php(17): Illuminate/Foundation/Application->handleRequest()
#51 C:/xampp/htdocs/next-stage-completo/next-stage/vendor/laravel/framework/src/Illuminate/Foundation/resources/server.php(23): require_once('...')
#52 {main}
"} 
[2026-04-09 22:12:20] local.ERROR: SQLSTATE[42S02]: Base table or view not found: 1146 Table 'proximo_estagio.prazo_aluno' doesn't exist (Connection: mysql, Host: 127.0.0.1, Port: 3306, Database: proximo_estagio, SQL: select `t`.`idtipo`, `t`.`nome` as `tipo`, `t`.`intervalo_dias`, `pa`.`dataLimite`, (
                    SELECT d2.dataEmissao
                    FROM documento d2
                    JOIN tipo t2 ON t2.idtipo = d2.tipo_idtipo
                    WHERE d2.aluno_idaluno = 1
                      AND t2.ordem = (t.ordem - 1)
                    ORDER BY d2.iddocumento DESC
                    LIMIT 1
                ) as dataEnvioAnterior from `tipo` as `t` left join `prazo_aluno` as `pa` on `pa`.`tipo_idtipo` = `t`.`idtipo` and `pa`.`aluno_idaluno` = 1 where `t`.`ativo` = 1 order by `t`.`ordem` asc) {"exception":"[object] (Illuminate\\Database\\QueryException(code: 42S02): SQLSTATE[42S02]: Base table or view not found: 1146 Table 'proximo_estagio.prazo_aluno' doesn't exist (Connection: mysql, Host: 127.0.0.1, Port: 3306, Database: proximo_estagio, SQL: select `t`.`idtipo`, `t`.`nome` as `tipo`, `t`.`intervalo_dias`, `pa`.`dataLimite`, (
                    SELECT d2.dataEmissao
                    FROM documento d2
                    JOIN tipo t2 ON t2.idtipo = d2.tipo_idtipo
                    WHERE d2.aluno_idaluno = 1
                      AND t2.ordem = (t.ordem - 1)
                    ORDER BY d2.iddocumento DESC
                    LIMIT 1
                ) as dataEnvioAnterior from `tipo` as `t` left join `prazo_aluno` as `pa` on `pa`.`tipo_idtipo` = `t`.`idtipo` and `pa`.`aluno_idaluno` = 1 where `t`.`ativo` = 1 order by `t`.`ordem` asc) at C:/xampp/htdocs/next-stage-completo/next-stage/vendor/laravel/framework/src/Illuminate/Database/Connection.php:838)
[stacktrace]
#0 C:/xampp/htdocs/next-stage-completo/next-stage/vendor/laravel/framework/src/Illuminate/Database/Connection.php(794): Illuminate/Database/Connection->runQueryCallback()
#1 C:/xampp/htdocs/next-stage-completo/next-stage/vendor/laravel/framework/src/Illuminate/Database/Connection.php(411): Illuminate/Database/Connection->run()
#2 C:/xampp/htdocs/next-stage-completo/next-stage/vendor/laravel/framework/src/Illuminate/Database/Query/Builder.php(3505): Illuminate/Database/Connection->select()
#3 C:/xampp/htdocs/next-stage-completo/next-stage/vendor/laravel/framework/src/Illuminate/Database/Query/Builder.php(3490): Illuminate/Database/Query/Builder->runSelect()
#4 C:/xampp/htdocs/next-stage-completo/next-stage/vendor/laravel/framework/src/Illuminate/Database/Query/Builder.php(4080): Illuminate/Database/Query/Builder->{closure:Illuminate/Database/Query/Builder::get():3489}()
#5 C:/xampp/htdocs/next-stage-completo/next-stage/vendor/laravel/framework/src/Illuminate/Database/Query/Builder.php(3489): Illuminate/Database/Query/Builder->onceWithColumns()
#6 C:/xampp/htdocs/next-stage-completo/next-stage/app/Features/Aluno/Services/AlunoService.php(88): Illuminate/Database/Query/Builder->get()
#7 C:/xampp/htdocs/next-stage-completo/next-stage/app/Features/Aluno/Services/AlunoService.php(54): App/Features/Aluno/Services/AlunoService->calcularPrazos()
#8 C:/xampp/htdocs/next-stage-completo/next-stage/app/Features/Aluno/Controllers/AlunoController.php(21): App/Features/Aluno/Services/AlunoService->listarDocumentos()
#9 C:/xampp/htdocs/next-stage-completo/next-stage/vendor/laravel/framework/src/Illuminate/Routing/Controller.php(54): App/Features/Aluno/Controllers/AlunoController->listarDocumentos()
#10 C:/xampp/htdocs/next-stage-completo/next-stage/vendor/laravel/framework/src/Illuminate/Routing/ControllerDispatcher.php(43): Illuminate/Routing/Controller->callAction()
#11 C:/xampp/htdocs/next-stage-completo/next-stage/vendor/laravel/framework/src/Illuminate/Routing/Route.php(265): Illuminate/Routing/ControllerDispatcher->dispatch()
#12 C:/xampp/htdocs/next-stage-completo/next-stage/vendor/laravel/framework/src/Illuminate/Routing/Route.php(211): Illuminate/Routing/Route->runController()
#13 C:/xampp/htdocs/next-stage-completo/next-stage/vendor/laravel/framework/src/Illuminate/Routing/Router.php(822): Illuminate/Routing/Route->run()
#14 C:/xampp/htdocs/next-stage-completo/next-stage/vendor/laravel/framework/src/Illuminate/Pipeline/Pipeline.php(180): Illuminate/Routing/Router->{closure:Illuminate/Routing/Router::runRouteWithinStack():821}()
#15 C:/xampp/htdocs/next-stage-completo/next-stage/app/Http/Middleware/VerificarToken.php(46): Illuminate/Pipeline/Pipeline->{closure:Illuminate/Pipeline/Pipeline::prepareDestination():178}()
#16 C:/xampp/htdocs/next-stage-completo/next-stage/vendor/laravel/framework/src/Illuminate/Pipeline/Pipeline.php(219): App/Http/Middleware/VerificarToken->handle()
#17 C:/xampp/htdocs/next-stage-completo/next-stage/vendor/laravel/framework/src/Illuminate/Routing/Middleware/SubstituteBindings.php(50): Illuminate/Pipeline/Pipeline->{closure:{closure:Illuminate/Pipeline/Pipeline::carry():194}:195}()
#18 C:/xampp/htdocs/next-stage-completo/next-stage/vendor/laravel/framework/src/Illuminate/Pipeline/Pipeline.php(219): Illuminate/Routing/Middleware/SubstituteBindings->handle()
#19 C:/xampp/htdocs/next-stage-completo/next-stage/vendor/laravel/framework/src/Illuminate/Pipeline/Pipeline.php(137): Illuminate/Pipeline/Pipeline->{closure:{closure:Illuminate/Pipeline/Pipeline::carry():194}:195}()
#20 C:/xampp/htdocs/next-stage-completo/next-stage/vendor/laravel/framework/src/Illuminate/Routing/Router.php(821): Illuminate/Pipeline/Pipeline->then()
#21 C:/xampp/htdocs/next-stage-completo/next-stage/vendor/laravel/framework/src/Illuminate/Routing/Router.php(800): Illuminate/Routing/Router->runRouteWithinStack()
#22 C:/xampp/htdocs/next-stage-completo/next-stage/vendor/laravel/framework/src/Illuminate/Routing/Router.php(764): Illuminate/Routing/Router->runRoute()
#23 C:/xampp/htdocs/next-stage-completo/next-stage/vendor/laravel/framework/src/Illuminate/Routing/Router.php(753): Illuminate/Routing/Router->dispatchToRoute()
#24 C:/xampp/htdocs/next-stage-completo/next-stage/vendor/laravel/framework/src/Illuminate/Foundation/Http/Kernel.php(200): Illuminate/Routing/Router->dispatch()
#25 C:/xampp/htdocs/next-stage-completo/next-stage/vendor/laravel/framework/src/Illuminate/Pipeline/Pipeline.php(180): Illuminate/Foundation/Http/Kernel->{closure:Illuminate/Foundation/Http/Kernel::dispatchToRouter():197}()
#26 C:/xampp/htdocs/next-stage-completo/next-stage/vendor/laravel/framework/src/Illuminate/Foundation/Http/Middleware/TransformsRequest.php(21): Illuminate/Pipeline/Pipeline->{closure:Illuminate/Pipeline/Pipeline::prepareDestination():178}()
#27 C:/xampp/htdocs/next-stage-completo/next-stage/vendor/laravel/framework/src/Illuminate/Foundation/Http/Middleware/ConvertEmptyStringsToNull.php(31): Illuminate/Foundation/Http/Middleware/TransformsRequest->handle()
#28 C:/xampp/htdocs/next-stage-completo/next-stage/vendor/laravel/framework/src/Illuminate/Pipeline/Pipeline.php(219): Illuminate/Foundation/Http/Middleware/ConvertEmptyStringsToNull->handle()
#29 C:/xampp/htdocs/next-stage-completo/next-stage/vendor/laravel/framework/src/Illuminate/Foundation/Http/Middleware/TransformsRequest.php(21): Illuminate/Pipeline/Pipeline->{closure:{closure:Illuminate/Pipeline/Pipeline::carry():194}:195}()
#30 C:/xampp/htdocs/next-stage-completo/next-stage/vendor/laravel/framework/src/Illuminate/Foundation/Http/Middleware/TrimStrings.php(51): Illuminate/Foundation/Http/Middleware/TransformsRequest->handle()
#31 C:/xampp/htdocs/next-stage-completo/next-stage/vendor/laravel/framework/src/Illuminate/Pipeline/Pipeline.php(219): Illuminate/Foundation/Http/Middleware/TrimStrings->handle()
#32 C:/xampp/htdocs/next-stage-completo/next-stage/vendor/laravel/framework/src/Illuminate/Http/Middleware/ValidatePostSize.php(27): Illuminate/Pipeline/Pipeline->{closure:{closure:Illuminate/Pipeline/Pipeline::carry():194}:195}()
#33 C:/xampp/htdocs/next-stage-completo/next-stage/vendor/laravel/framework/src/Illuminate/Pipeline/Pipeline.php(219): Illuminate/Http/Middleware/ValidatePostSize->handle()
#34 C:/xampp/htdocs/next-stage-completo/next-stage/vendor/laravel/framework/src/Illuminate/Foundation/Http/Middleware/PreventRequestsDuringMaintenance.php(109): Illuminate/Pipeline/Pipeline->{closure:{closure:Illuminate/Pipeline/Pipeline::carry():194}:195}()
#35 C:/xampp/htdocs/next-stage-completo/next-stage/vendor/laravel/framework/src/Illuminate/Pipeline/Pipeline.php(219): Illuminate/Foundation/Http/Middleware/PreventRequestsDuringMaintenance->handle()
#36 C:/xampp/htdocs/next-stage-completo/next-stage/vendor/laravel/framework/src/Illuminate/Http/Middleware/HandleCors.php(74): Illuminate/Pipeline/Pipeline->{closure:{closure:Illuminate/Pipeline/Pipeline::carry():194}:195}()
#37 C:/xampp/htdocs/next-stage-completo/next-stage/vendor/laravel/framework/src/Illuminate/Pipeline/Pipeline.php(219): Illuminate/Http/Middleware/HandleCors->handle()
#38 C:/xampp/htdocs/next-stage-completo/next-stage/vendor/laravel/framework/src/Illuminate/Http/Middleware/TrustProxies.php(58): Illuminate/Pipeline/Pipeline->{closure:{closure:Illuminate/Pipeline/Pipeline::carry():194}:195}()
#39 C:/xampp/htdocs/next-stage-completo/next-stage/vendor/laravel/framework/src/Illuminate/Pipeline/Pipeline.php(219): Illuminate/Http/Middleware/TrustProxies->handle()
#40 C:/xampp/htdocs/next-stage-completo/next-stage/vendor/laravel/framework/src/Illuminate/Foundation/Http/Middleware/InvokeDeferredCallbacks.php(22): Illuminate/Pipeline/Pipeline->{closure:{closure:Illuminate/Pipeline/Pipeline::carry():194}:195}()
#41 C:/xampp/htdocs/next-stage-completo/next-stage/vendor/laravel/framework/src/Illuminate/Pipeline/Pipeline.php(219): Illuminate/Foundation/Http/Middleware/InvokeDeferredCallbacks->handle()
#42 C:/xampp/htdocs/next-stage-completo/next-stage/vendor/laravel/framework/src/Illuminate/Http/Middleware/ValidatePathEncoding.php(26): Illuminate/Pipeline/Pipeline->{closure:{closure:Illuminate/Pipeline/Pipeline::carry():194}:195}()
#43 C:/xampp/htdocs/next-stage-completo/next-stage/vendor/laravel/framework/src/Illuminate/Pipeline/Pipeline.php(219): Illuminate/Http/Middleware/ValidatePathEncoding->handle()
#44 C:/xampp/htdocs/next-stage-completo/next-stage/vendor/laravel/framework/src/Illuminate/Pipeline/Pipeline.php(137): Illuminate/Pipeline/Pipeline->{closure:{closure:Illuminate/Pipeline/Pipeline::carry():194}:195}()
#45 C:/xampp/htdocs/next-stage-completo/next-stage/vendor/laravel/framework/src/Illuminate/Foundation/Http/Kernel.php(175): Illuminate/Pipeline/Pipeline->then()
#46 C:/xampp/htdocs/next-stage-completo/next-stage/vendor/laravel/framework/src/Illuminate/Foundation/Http/Kernel.php(144): Illuminate/Foundation/Http/Kernel->sendRequestThroughRouter()
#47 C:/xampp/htdocs/next-stage-completo/next-stage/vendor/laravel/framework/src/Illuminate/Foundation/Application.php(1220): Illuminate/Foundation/Http/Kernel->handle()
#48 C:/xampp/htdocs/next-stage-completo/next-stage/public/index.php(17): Illuminate/Foundation/Application->handleRequest()
#49 C:/xampp/htdocs/next-stage-completo/next-stage/vendor/laravel/framework/src/Illuminate/Foundation/resources/server.php(23): require_once('...')
#50 {main}

[previous exception] [object] (PDOException(code: 42S02): SQLSTATE[42S02]: Base table or view not found: 1146 Table 'proximo_estagio.prazo_aluno' doesn't exist at C:/xampp/htdocs/next-stage-completo/next-stage/vendor/laravel/framework/src/Illuminate/Database/Connection.php:420)
[stacktrace]
#0 C:/xampp/htdocs/next-stage-completo/next-stage/vendor/laravel/framework/src/Illuminate/Database/Connection.php(420): PDO->prepare()
#1 C:/xampp/htdocs/next-stage-completo/next-stage/vendor/laravel/framework/src/Illuminate/Database/Connection.php(827): Illuminate/Database/Connection->{closure:Illuminate/Database/Connection::select():411}()
#2 C:/xampp/htdocs/next-stage-completo/next-stage/vendor/laravel/framework/src/Illuminate/Database/Connection.php(794): Illuminate/Database/Connection->runQueryCallback()
#3 C:/xampp/htdocs/next-stage-completo/next-stage/vendor/laravel/framework/src/Illuminate/Database/Connection.php(411): Illuminate/Database/Connection->run()
#4 C:/xampp/htdocs/next-stage-completo/next-stage/vendor/laravel/framework/src/Illuminate/Database/Query/Builder.php(3505): Illuminate/Database/Connection->select()
#5 C:/xampp/htdocs/next-stage-completo/next-stage/vendor/laravel/framework/src/Illuminate/Database/Query/Builder.php(3490): Illuminate/Database/Query/Builder->runSelect()
#6 C:/xampp/htdocs/next-stage-completo/next-stage/vendor/laravel/framework/src/Illuminate/Database/Query/Builder.php(4080): Illuminate/Database/Query/Builder->{closure:Illuminate/Database/Query/Builder::get():3489}()
#7 C:/xampp/htdocs/next-stage-completo/next-stage/vendor/laravel/framework/src/Illuminate/Database/Query/Builder.php(3489): Illuminate/Database/Query/Builder->onceWithColumns()
#8 C:/xampp/htdocs/next-stage-completo/next-stage/app/Features/Aluno/Services/AlunoService.php(88): Illuminate/Database/Query/Builder->get()
#9 C:/xampp/htdocs/next-stage-completo/next-stage/app/Features/Aluno/Services/AlunoService.php(54): App/Features/Aluno/Services/AlunoService->calcularPrazos()
#10 C:/xampp/htdocs/next-stage-completo/next-stage/app/Features/Aluno/Controllers/AlunoController.php(21): App/Features/Aluno/Services/AlunoService->listarDocumentos()
#11 C:/xampp/htdocs/next-stage-completo/next-stage/vendor/laravel/framework/src/Illuminate/Routing/Controller.php(54): App/Features/Aluno/Controllers/AlunoController->listarDocumentos()
#12 C:/xampp/htdocs/next-stage-completo/next-stage/vendor/laravel/framework/src/Illuminate/Routing/ControllerDispatcher.php(43): Illuminate/Routing/Controller->callAction()
#13 C:/xampp/htdocs/next-stage-completo/next-stage/vendor/laravel/framework/src/Illuminate/Routing/Route.php(265): Illuminate/Routing/ControllerDispatcher->dispatch()
#14 C:/xampp/htdocs/next-stage-completo/next-stage/vendor/laravel/framework/src/Illuminate/Routing/Route.php(211): Illuminate/Routing/Route->runController()
#15 C:/xampp/htdocs/next-stage-completo/next-stage/vendor/laravel/framework/src/Illuminate/Routing/Router.php(822): Illuminate/Routing/Route->run()
#16 C:/xampp/htdocs/next-stage-completo/next-stage/vendor/laravel/framework/src/Illuminate/Pipeline/Pipeline.php(180): Illuminate/Routing/Router->{closure:Illuminate/Routing/Router::runRouteWithinStack():821}()
#17 C:/xampp/htdocs/next-stage-completo/next-stage/app/Http/Middleware/VerificarToken.php(46): Illuminate/Pipeline/Pipeline->{closure:Illuminate/Pipeline/Pipeline::prepareDestination():178}()
#18 C:/xampp/htdocs/next-stage-completo/next-stage/vendor/laravel/framework/src/Illuminate/Pipeline/Pipeline.php(219): App/Http/Middleware/VerificarToken->handle()
#19 C:/xampp/htdocs/next-stage-completo/next-stage/vendor/laravel/framework/src/Illuminate/Routing/Middleware/SubstituteBindings.php(50): Illuminate/Pipeline/Pipeline->{closure:{closure:Illuminate/Pipeline/Pipeline::carry():194}:195}()
#20 C:/xampp/htdocs/next-stage-completo/next-stage/vendor/laravel/framework/src/Illuminate/Pipeline/Pipeline.php(219): Illuminate/Routing/Middleware/SubstituteBindings->handle()
#21 C:/xampp/htdocs/next-stage-completo/next-stage/vendor/laravel/framework/src/Illuminate/Pipeline/Pipeline.php(137): Illuminate/Pipeline/Pipeline->{closure:{closure:Illuminate/Pipeline/Pipeline::carry():194}:195}()
#22 C:/xampp/htdocs/next-stage-completo/next-stage/vendor/laravel/framework/src/Illuminate/Routing/Router.php(821): Illuminate/Pipeline/Pipeline->then()
#23 C:/xampp/htdocs/next-stage-completo/next-stage/vendor/laravel/framework/src/Illuminate/Routing/Router.php(800): Illuminate/Routing/Router->runRouteWithinStack()
#24 C:/xampp/htdocs/next-stage-completo/next-stage/vendor/laravel/framework/src/Illuminate/Routing/Router.php(764): Illuminate/Routing/Router->runRoute()
#25 C:/xampp/htdocs/next-stage-completo/next-stage/vendor/laravel/framework/src/Illuminate/Routing/Router.php(753): Illuminate/Routing/Router->dispatchToRoute()
#26 C:/xampp/htdocs/next-stage-completo/next-stage/vendor/laravel/framework/src/Illuminate/Foundation/Http/Kernel.php(200): Illuminate/Routing/Router->dispatch()
#27 C:/xampp/htdocs/next-stage-completo/next-stage/vendor/laravel/framework/src/Illuminate/Pipeline/Pipeline.php(180): Illuminate/Foundation/Http/Kernel->{closure:Illuminate/Foundation/Http/Kernel::dispatchToRouter():197}()
#28 C:/xampp/htdocs/next-stage-completo/next-stage/vendor/laravel/framework/src/Illuminate/Foundation/Http/Middleware/TransformsRequest.php(21): Illuminate/Pipeline/Pipeline->{closure:Illuminate/Pipeline/Pipeline::prepareDestination():178}()
#29 C:/xampp/htdocs/next-stage-completo/next-stage/vendor/laravel/framework/src/Illuminate/Foundation/Http/Middleware/ConvertEmptyStringsToNull.php(31): Illuminate/Foundation/Http/Middleware/TransformsRequest->handle()
#30 C:/xampp/htdocs/next-stage-completo/next-stage/vendor/laravel/framework/src/Illuminate/Pipeline/Pipeline.php(219): Illuminate/Foundation/Http/Middleware/ConvertEmptyStringsToNull->handle()
#31 C:/xampp/htdocs/next-stage-completo/next-stage/vendor/laravel/framework/src/Illuminate/Foundation/Http/Middleware/TransformsRequest.php(21): Illuminate/Pipeline/Pipeline->{closure:{closure:Illuminate/Pipeline/Pipeline::carry():194}:195}()
#32 C:/xampp/htdocs/next-stage-completo/next-stage/vendor/laravel/framework/src/Illuminate/Foundation/Http/Middleware/TrimStrings.php(51): Illuminate/Foundation/Http/Middleware/TransformsRequest->handle()
#33 C:/xampp/htdocs/next-stage-completo/next-stage/vendor/laravel/framework/src/Illuminate/Pipeline/Pipeline.php(219): Illuminate/Foundation/Http/Middleware/TrimStrings->handle()
#34 C:/xampp/htdocs/next-stage-completo/next-stage/vendor/laravel/framework/src/Illuminate/Http/Middleware/ValidatePostSize.php(27): Illuminate/Pipeline/Pipeline->{closure:{closure:Illuminate/Pipeline/Pipeline::carry():194}:195}()
#35 C:/xampp/htdocs/next-stage-completo/next-stage/vendor/laravel/framework/src/Illuminate/Pipeline/Pipeline.php(219): Illuminate/Http/Middleware/ValidatePostSize->handle()
#36 C:/xampp/htdocs/next-stage-completo/next-stage/vendor/laravel/framework/src/Illuminate/Foundation/Http/Middleware/PreventRequestsDuringMaintenance.php(109): Illuminate/Pipeline/Pipeline->{closure:{closure:Illuminate/Pipeline/Pipeline::carry():194}:195}()
#37 C:/xampp/htdocs/next-stage-completo/next-stage/vendor/laravel/framework/src/Illuminate/Pipeline/Pipeline.php(219): Illuminate/Foundation/Http/Middleware/PreventRequestsDuringMaintenance->handle()
#38 C:/xampp/htdocs/next-stage-completo/next-stage/vendor/laravel/framework/src/Illuminate/Http/Middleware/HandleCors.php(74): Illuminate/Pipeline/Pipeline->{closure:{closure:Illuminate/Pipeline/Pipeline::carry():194}:195}()
#39 C:/xampp/htdocs/next-stage-completo/next-stage/vendor/laravel/framework/src/Illuminate/Pipeline/Pipeline.php(219): Illuminate/Http/Middleware/HandleCors->handle()
#40 C:/xampp/htdocs/next-stage-completo/next-stage/vendor/laravel/framework/src/Illuminate/Http/Middleware/TrustProxies.php(58): Illuminate/Pipeline/Pipeline->{closure:{closure:Illuminate/Pipeline/Pipeline::carry():194}:195}()
#41 C:/xampp/htdocs/next-stage-completo/next-stage/vendor/laravel/framework/src/Illuminate/Pipeline/Pipeline.php(219): Illuminate/Http/Middleware/TrustProxies->handle()
#42 C:/xampp/htdocs/next-stage-completo/next-stage/vendor/laravel/framework/src/Illuminate/Foundation/Http/Middleware/InvokeDeferredCallbacks.php(22): Illuminate/Pipeline/Pipeline->{closure:{closure:Illuminate/Pipeline/Pipeline::carry():194}:195}()
#43 C:/xampp/htdocs/next-stage-completo/next-stage/vendor/laravel/framework/src/Illuminate/Pipeline/Pipeline.php(219): Illuminate/Foundation/Http/Middleware/InvokeDeferredCallbacks->handle()
#44 C:/xampp/htdocs/next-stage-completo/next-stage/vendor/laravel/framework/src/Illuminate/Http/Middleware/ValidatePathEncoding.php(26): Illuminate/Pipeline/Pipeline->{closure:{closure:Illuminate/Pipeline/Pipeline::carry():194}:195}()
#45 C:/xampp/htdocs/next-stage-completo/next-stage/vendor/laravel/framework/src/Illuminate/Pipeline/Pipeline.php(219): Illuminate/Http/Middleware/ValidatePathEncoding->handle()
#46 C:/xampp/htdocs/next-stage-completo/next-stage/vendor/laravel/framework/src/Illuminate/Pipeline/Pipeline.php(137): Illuminate/Pipeline/Pipeline->{closure:{closure:Illuminate/Pipeline/Pipeline::carry():194}:195}()
#47 C:/xampp/htdocs/next-stage-completo/next-stage/vendor/laravel/framework/src/Illuminate/Foundation/Http/Kernel.php(175): Illuminate/Pipeline/Pipeline->then()
#48 C:/xampp/htdocs/next-stage-completo/next-stage/vendor/laravel/framework/src/Illuminate/Foundation/Http/Kernel.php(144): Illuminate/Foundation/Http/Kernel->sendRequestThroughRouter()
#49 C:/xampp/htdocs/next-stage-completo/next-stage/vendor/laravel/framework/src/Illuminate/Foundation/Application.php(1220): Illuminate/Foundation/Http/Kernel->handle()
#50 C:/xampp/htdocs/next-stage-completo/next-stage/public/index.php(17): Illuminate/Foundation/Application->handleRequest()
#51 C:/xampp/htdocs/next-stage-completo/next-stage/vendor/laravel/framework/src/Illuminate/Foundation/resources/server.php(23): require_once('...')
#52 {main}
"} 
[2026-04-09 22:12:20] local.ERROR: SQLSTATE[42S02]: Base table or view not found: 1146 Table 'proximo_estagio.prazo_aluno' doesn't exist (Connection: mysql, Host: 127.0.0.1, Port: 3306, Database: proximo_estagio, SQL: select `t`.`idtipo`, `t`.`nome` as `tipo`, `t`.`intervalo_dias`, `pa`.`dataLimite`, (
                    SELECT d2.dataEmissao
                    FROM documento d2
                    JOIN tipo t2 ON t2.idtipo = d2.tipo_idtipo
                    WHERE d2.aluno_idaluno = 1
                      AND t2.ordem = (t.ordem - 1)
                    ORDER BY d2.iddocumento DESC
                    LIMIT 1
                ) as dataEnvioAnterior from `tipo` as `t` left join `prazo_aluno` as `pa` on `pa`.`tipo_idtipo` = `t`.`idtipo` and `pa`.`aluno_idaluno` = 1 where `t`.`ativo` = 1 order by `t`.`ordem` asc) {"exception":"[object] (Illuminate\\Database\\QueryException(code: 42S02): SQLSTATE[42S02]: Base table or view not found: 1146 Table 'proximo_estagio.prazo_aluno' doesn't exist (Connection: mysql, Host: 127.0.0.1, Port: 3306, Database: proximo_estagio, SQL: select `t`.`idtipo`, `t`.`nome` as `tipo`, `t`.`intervalo_dias`, `pa`.`dataLimite`, (
                    SELECT d2.dataEmissao
                    FROM documento d2
                    JOIN tipo t2 ON t2.idtipo = d2.tipo_idtipo
                    WHERE d2.aluno_idaluno = 1
                      AND t2.ordem = (t.ordem - 1)
                    ORDER BY d2.iddocumento DESC
                    LIMIT 1
                ) as dataEnvioAnterior from `tipo` as `t` left join `prazo_aluno` as `pa` on `pa`.`tipo_idtipo` = `t`.`idtipo` and `pa`.`aluno_idaluno` = 1 where `t`.`ativo` = 1 order by `t`.`ordem` asc) at C:/xampp/htdocs/next-stage-completo/next-stage/vendor/laravel/framework/src/Illuminate/Database/Connection.php:838)
[stacktrace]
#0 C:/xampp/htdocs/next-stage-completo/next-stage/vendor/laravel/framework/src/Illuminate/Database/Connection.php(794): Illuminate/Database/Connection->runQueryCallback()
#1 C:/xampp/htdocs/next-stage-completo/next-stage/vendor/laravel/framework/src/Illuminate/Database/Connection.php(411): Illuminate/Database/Connection->run()
#2 C:/xampp/htdocs/next-stage-completo/next-stage/vendor/laravel/framework/src/Illuminate/Database/Query/Builder.php(3505): Illuminate/Database/Connection->select()
#3 C:/xampp/htdocs/next-stage-completo/next-stage/vendor/laravel/framework/src/Illuminate/Database/Query/Builder.php(3490): Illuminate/Database/Query/Builder->runSelect()
#4 C:/xampp/htdocs/next-stage-completo/next-stage/vendor/laravel/framework/src/Illuminate/Database/Query/Builder.php(4080): Illuminate/Database/Query/Builder->{closure:Illuminate/Database/Query/Builder::get():3489}()
#5 C:/xampp/htdocs/next-stage-completo/next-stage/vendor/laravel/framework/src/Illuminate/Database/Query/Builder.php(3489): Illuminate/Database/Query/Builder->onceWithColumns()
#6 C:/xampp/htdocs/next-stage-completo/next-stage/app/Features/Aluno/Services/AlunoService.php(88): Illuminate/Database/Query/Builder->get()
#7 C:/xampp/htdocs/next-stage-completo/next-stage/app/Features/Aluno/Services/AlunoService.php(54): App/Features/Aluno/Services/AlunoService->calcularPrazos()
#8 C:/xampp/htdocs/next-stage-completo/next-stage/app/Features/Aluno/Controllers/AlunoController.php(21): App/Features/Aluno/Services/AlunoService->listarDocumentos()
#9 C:/xampp/htdocs/next-stage-completo/next-stage/vendor/laravel/framework/src/Illuminate/Routing/Controller.php(54): App/Features/Aluno/Controllers/AlunoController->listarDocumentos()
#10 C:/xampp/htdocs/next-stage-completo/next-stage/vendor/laravel/framework/src/Illuminate/Routing/ControllerDispatcher.php(43): Illuminate/Routing/Controller->callAction()
#11 C:/xampp/htdocs/next-stage-completo/next-stage/vendor/laravel/framework/src/Illuminate/Routing/Route.php(265): Illuminate/Routing/ControllerDispatcher->dispatch()
#12 C:/xampp/htdocs/next-stage-completo/next-stage/vendor/laravel/framework/src/Illuminate/Routing/Route.php(211): Illuminate/Routing/Route->runController()
#13 C:/xampp/htdocs/next-stage-completo/next-stage/vendor/laravel/framework/src/Illuminate/Routing/Router.php(822): Illuminate/Routing/Route->run()
#14 C:/xampp/htdocs/next-stage-completo/next-stage/vendor/laravel/framework/src/Illuminate/Pipeline/Pipeline.php(180): Illuminate/Routing/Router->{closure:Illuminate/Routing/Router::runRouteWithinStack():821}()
#15 C:/xampp/htdocs/next-stage-completo/next-stage/app/Http/Middleware/VerificarToken.php(46): Illuminate/Pipeline/Pipeline->{closure:Illuminate/Pipeline/Pipeline::prepareDestination():178}()
#16 C:/xampp/htdocs/next-stage-completo/next-stage/vendor/laravel/framework/src/Illuminate/Pipeline/Pipeline.php(219): App/Http/Middleware/VerificarToken->handle()
#17 C:/xampp/htdocs/next-stage-completo/next-stage/vendor/laravel/framework/src/Illuminate/Routing/Middleware/SubstituteBindings.php(50): Illuminate/Pipeline/Pipeline->{closure:{closure:Illuminate/Pipeline/Pipeline::carry():194}:195}()
#18 C:/xampp/htdocs/next-stage-completo/next-stage/vendor/laravel/framework/src/Illuminate/Pipeline/Pipeline.php(219): Illuminate/Routing/Middleware/SubstituteBindings->handle()
#19 C:/xampp/htdocs/next-stage-completo/next-stage/vendor/laravel/framework/src/Illuminate/Pipeline/Pipeline.php(137): Illuminate/Pipeline/Pipeline->{closure:{closure:Illuminate/Pipeline/Pipeline::carry():194}:195}()
#20 C:/xampp/htdocs/next-stage-completo/next-stage/vendor/laravel/framework/src/Illuminate/Routing/Router.php(821): Illuminate/Pipeline/Pipeline->then()
#21 C:/xampp/htdocs/next-stage-completo/next-stage/vendor/laravel/framework/src/Illuminate/Routing/Router.php(800): Illuminate/Routing/Router->runRouteWithinStack()
#22 C:/xampp/htdocs/next-stage-completo/next-stage/vendor/laravel/framework/src/Illuminate/Routing/Router.php(764): Illuminate/Routing/Router->runRoute()
#23 C:/xampp/htdocs/next-stage-completo/next-stage/vendor/laravel/framework/src/Illuminate/Routing/Router.php(753): Illuminate/Routing/Router->dispatchToRoute()
#24 C:/xampp/htdocs/next-stage-completo/next-stage/vendor/laravel/framework/src/Illuminate/Foundation/Http/Kernel.php(200): Illuminate/Routing/Router->dispatch()
#25 C:/xampp/htdocs/next-stage-completo/next-stage/vendor/laravel/framework/src/Illuminate/Pipeline/Pipeline.php(180): Illuminate/Foundation/Http/Kernel->{closure:Illuminate/Foundation/Http/Kernel::dispatchToRouter():197}()
#26 C:/xampp/htdocs/next-stage-completo/next-stage/vendor/laravel/framework/src/Illuminate/Foundation/Http/Middleware/TransformsRequest.php(21): Illuminate/Pipeline/Pipeline->{closure:Illuminate/Pipeline/Pipeline::prepareDestination():178}()
#27 C:/xampp/htdocs/next-stage-completo/next-stage/vendor/laravel/framework/src/Illuminate/Foundation/Http/Middleware/ConvertEmptyStringsToNull.php(31): Illuminate/Foundation/Http/Middleware/TransformsRequest->handle()
#28 C:/xampp/htdocs/next-stage-completo/next-stage/vendor/laravel/framework/src/Illuminate/Pipeline/Pipeline.php(219): Illuminate/Foundation/Http/Middleware/ConvertEmptyStringsToNull->handle()
#29 C:/xampp/htdocs/next-stage-completo/next-stage/vendor/laravel/framework/src/Illuminate/Foundation/Http/Middleware/TransformsRequest.php(21): Illuminate/Pipeline/Pipeline->{closure:{closure:Illuminate/Pipeline/Pipeline::carry():194}:195}()
#30 C:/xampp/htdocs/next-stage-completo/next-stage/vendor/laravel/framework/src/Illuminate/Foundation/Http/Middleware/TrimStrings.php(51): Illuminate/Foundation/Http/Middleware/TransformsRequest->handle()
#31 C:/xampp/htdocs/next-stage-completo/next-stage/vendor/laravel/framework/src/Illuminate/Pipeline/Pipeline.php(219): Illuminate/Foundation/Http/Middleware/TrimStrings->handle()
#32 C:/xampp/htdocs/next-stage-completo/next-stage/vendor/laravel/framework/src/Illuminate/Http/Middleware/ValidatePostSize.php(27): Illuminate/Pipeline/Pipeline->{closure:{closure:Illuminate/Pipeline/Pipeline::carry():194}:195}()
#33 C:/xampp/htdocs/next-stage-completo/next-stage/vendor/laravel/framework/src/Illuminate/Pipeline/Pipeline.php(219): Illuminate/Http/Middleware/ValidatePostSize->handle()
#34 C:/xampp/htdocs/next-stage-completo/next-stage/vendor/laravel/framework/src/Illuminate/Foundation/Http/Middleware/PreventRequestsDuringMaintenance.php(109): Illuminate/Pipeline/Pipeline->{closure:{closure:Illuminate/Pipeline/Pipeline::carry():194}:195}()
#35 C:/xampp/htdocs/next-stage-completo/next-stage/vendor/laravel/framework/src/Illuminate/Pipeline/Pipeline.php(219): Illuminate/Foundation/Http/Middleware/PreventRequestsDuringMaintenance->handle()
#36 C:/xampp/htdocs/next-stage-completo/next-stage/vendor/laravel/framework/src/Illuminate/Http/Middleware/HandleCors.php(74): Illuminate/Pipeline/Pipeline->{closure:{closure:Illuminate/Pipeline/Pipeline::carry():194}:195}()
#37 C:/xampp/htdocs/next-stage-completo/next-stage/vendor/laravel/framework/src/Illuminate/Pipeline/Pipeline.php(219): Illuminate/Http/Middleware/HandleCors->handle()
#38 C:/xampp/htdocs/next-stage-completo/next-stage/vendor/laravel/framework/src/Illuminate/Http/Middleware/TrustProxies.php(58): Illuminate/Pipeline/Pipeline->{closure:{closure:Illuminate/Pipeline/Pipeline::carry():194}:195}()
#39 C:/xampp/htdocs/next-stage-completo/next-stage/vendor/laravel/framework/src/Illuminate/Pipeline/Pipeline.php(219): Illuminate/Http/Middleware/TrustProxies->handle()
#40 C:/xampp/htdocs/next-stage-completo/next-stage/vendor/laravel/framework/src/Illuminate/Foundation/Http/Middleware/InvokeDeferredCallbacks.php(22): Illuminate/Pipeline/Pipeline->{closure:{closure:Illuminate/Pipeline/Pipeline::carry():194}:195}()
#41 C:/xampp/htdocs/next-stage-completo/next-stage/vendor/laravel/framework/src/Illuminate/Pipeline/Pipeline.php(219): Illuminate/Foundation/Http/Middleware/InvokeDeferredCallbacks->handle()
#42 C:/xampp/htdocs/next-stage-completo/next-stage/vendor/laravel/framework/src/Illuminate/Http/Middleware/ValidatePathEncoding.php(26): Illuminate/Pipeline/Pipeline->{closure:{closure:Illuminate/Pipeline/Pipeline::carry():194}:195}()
#43 C:/xampp/htdocs/next-stage-completo/next-stage/vendor/laravel/framework/src/Illuminate/Pipeline/Pipeline.php(219): Illuminate/Http/Middleware/ValidatePathEncoding->handle()
#44 C:/xampp/htdocs/next-stage-completo/next-stage/vendor/laravel/framework/src/Illuminate/Pipeline/Pipeline.php(137): Illuminate/Pipeline/Pipeline->{closure:{closure:Illuminate/Pipeline/Pipeline::carry():194}:195}()
#45 C:/xampp/htdocs/next-stage-completo/next-stage/vendor/laravel/framework/src/Illuminate/Foundation/Http/Kernel.php(175): Illuminate/Pipeline/Pipeline->then()
#46 C:/xampp/htdocs/next-stage-completo/next-stage/vendor/laravel/framework/src/Illuminate/Foundation/Http/Kernel.php(144): Illuminate/Foundation/Http/Kernel->sendRequestThroughRouter()
#47 C:/xampp/htdocs/next-stage-completo/next-stage/vendor/laravel/framework/src/Illuminate/Foundation/Application.php(1220): Illuminate/Foundation/Http/Kernel->handle()
#48 C:/xampp/htdocs/next-stage-completo/next-stage/public/index.php(17): Illuminate/Foundation/Application->handleRequest()
#49 C:/xampp/htdocs/next-stage-completo/next-stage/vendor/laravel/framework/src/Illuminate/Foundation/resources/server.php(23): require_once('...')
#50 {main}

[previous exception] [object] (PDOException(code: 42S02): SQLSTATE[42S02]: Base table or view not found: 1146 Table 'proximo_estagio.prazo_aluno' doesn't exist at C:/xampp/htdocs/next-stage-completo/next-stage/vendor/laravel/framework/src/Illuminate/Database/Connection.php:420)
[stacktrace]
#0 C:/xampp/htdocs/next-stage-completo/next-stage/vendor/laravel/framework/src/Illuminate/Database/Connection.php(420): PDO->prepare()
#1 C:/xampp/htdocs/next-stage-completo/next-stage/vendor/laravel/framework/src/Illuminate/Database/Connection.php(827): Illuminate/Database/Connection->{closure:Illuminate/Database/Connection::select():411}()
#2 C:/xampp/htdocs/next-stage-completo/next-stage/vendor/laravel/framework/src/Illuminate/Database/Connection.php(794): Illuminate/Database/Connection->runQueryCallback()
#3 C:/xampp/htdocs/next-stage-completo/next-stage/vendor/laravel/framework/src/Illuminate/Database/Connection.php(411): Illuminate/Database/Connection->run()
#4 C:/xampp/htdocs/next-stage-completo/next-stage/vendor/laravel/framework/src/Illuminate/Database/Query/Builder.php(3505): Illuminate/Database/Connection->select()
#5 C:/xampp/htdocs/next-stage-completo/next-stage/vendor/laravel/framework/src/Illuminate/Database/Query/Builder.php(3490): Illuminate/Database/Query/Builder->runSelect()
#6 C:/xampp/htdocs/next-stage-completo/next-stage/vendor/laravel/framework/src/Illuminate/Database/Query/Builder.php(4080): Illuminate/Database/Query/Builder->{closure:Illuminate/Database/Query/Builder::get():3489}()
#7 C:/xampp/htdocs/next-stage-completo/next-stage/vendor/laravel/framework/src/Illuminate/Database/Query/Builder.php(3489): Illuminate/Database/Query/Builder->onceWithColumns()
#8 C:/xampp/htdocs/next-stage-completo/next-stage/app/Features/Aluno/Services/AlunoService.php(88): Illuminate/Database/Query/Builder->get()
#9 C:/xampp/htdocs/next-stage-completo/next-stage/app/Features/Aluno/Services/AlunoService.php(54): App/Features/Aluno/Services/AlunoService->calcularPrazos()
#10 C:/xampp/htdocs/next-stage-completo/next-stage/app/Features/Aluno/Controllers/AlunoController.php(21): App/Features/Aluno/Services/AlunoService->listarDocumentos()
#11 C:/xampp/htdocs/next-stage-completo/next-stage/vendor/laravel/framework/src/Illuminate/Routing/Controller.php(54): App/Features/Aluno/Controllers/AlunoController->listarDocumentos()
#12 C:/xampp/htdocs/next-stage-completo/next-stage/vendor/laravel/framework/src/Illuminate/Routing/ControllerDispatcher.php(43): Illuminate/Routing/Controller->callAction()
#13 C:/xampp/htdocs/next-stage-completo/next-stage/vendor/laravel/framework/src/Illuminate/Routing/Route.php(265): Illuminate/Routing/ControllerDispatcher->dispatch()
#14 C:/xampp/htdocs/next-stage-completo/next-stage/vendor/laravel/framework/src/Illuminate/Routing/Route.php(211): Illuminate/Routing/Route->runController()
#15 C:/xampp/htdocs/next-stage-completo/next-stage/vendor/laravel/framework/src/Illuminate/Routing/Router.php(822): Illuminate/Routing/Route->run()
#16 C:/xampp/htdocs/next-stage-completo/next-stage/vendor/laravel/framework/src/Illuminate/Pipeline/Pipeline.php(180): Illuminate/Routing/Router->{closure:Illuminate/Routing/Router::runRouteWithinStack():821}()
#17 C:/xampp/htdocs/next-stage-completo/next-stage/app/Http/Middleware/VerificarToken.php(46): Illuminate/Pipeline/Pipeline->{closure:Illuminate/Pipeline/Pipeline::prepareDestination():178}()
#18 C:/xampp/htdocs/next-stage-completo/next-stage/vendor/laravel/framework/src/Illuminate/Pipeline/Pipeline.php(219): App/Http/Middleware/VerificarToken->handle()
#19 C:/xampp/htdocs/next-stage-completo/next-stage/vendor/laravel/framework/src/Illuminate/Routing/Middleware/SubstituteBindings.php(50): Illuminate/Pipeline/Pipeline->{closure:{closure:Illuminate/Pipeline/Pipeline::carry():194}:195}()
#20 C:/xampp/htdocs/next-stage-completo/next-stage/vendor/laravel/framework/src/Illuminate/Pipeline/Pipeline.php(219): Illuminate/Routing/Middleware/SubstituteBindings->handle()
#21 C:/xampp/htdocs/next-stage-completo/next-stage/vendor/laravel/framework/src/Illuminate/Pipeline/Pipeline.php(137): Illuminate/Pipeline/Pipeline->{closure:{closure:Illuminate/Pipeline/Pipeline::carry():194}:195}()
#22 C:/xampp/htdocs/next-stage-completo/next-stage/vendor/laravel/framework/src/Illuminate/Routing/Router.php(821): Illuminate/Pipeline/Pipeline->then()
#23 C:/xampp/htdocs/next-stage-completo/next-stage/vendor/laravel/framework/src/Illuminate/Routing/Router.php(800): Illuminate/Routing/Router->runRouteWithinStack()
#24 C:/xampp/htdocs/next-stage-completo/next-stage/vendor/laravel/framework/src/Illuminate/Routing/Router.php(764): Illuminate/Routing/Router->runRoute()
#25 C:/xampp/htdocs/next-stage-completo/next-stage/vendor/laravel/framework/src/Illuminate/Routing/Router.php(753): Illuminate/Routing/Router->dispatchToRoute()
#26 C:/xampp/htdocs/next-stage-completo/next-stage/vendor/laravel/framework/src/Illuminate/Foundation/Http/Kernel.php(200): Illuminate/Routing/Router->dispatch()
#27 C:/xampp/htdocs/next-stage-completo/next-stage/vendor/laravel/framework/src/Illuminate/Pipeline/Pipeline.php(180): Illuminate/Foundation/Http/Kernel->{closure:Illuminate/Foundation/Http/Kernel::dispatchToRouter():197}()
#28 C:/xampp/htdocs/next-stage-completo/next-stage/vendor/laravel/framework/src/Illuminate/Foundation/Http/Middleware/TransformsRequest.php(21): Illuminate/Pipeline/Pipeline->{closure:Illuminate/Pipeline/Pipeline::prepareDestination():178}()
#29 C:/xampp/htdocs/next-stage-completo/next-stage/vendor/laravel/framework/src/Illuminate/Foundation/Http/Middleware/ConvertEmptyStringsToNull.php(31): Illuminate/Foundation/Http/Middleware/TransformsRequest->handle()
#30 C:/xampp/htdocs/next-stage-completo/next-stage/vendor/laravel/framework/src/Illuminate/Pipeline/Pipeline.php(219): Illuminate/Foundation/Http/Middleware/ConvertEmptyStringsToNull->handle()
#31 C:/xampp/htdocs/next-stage-completo/next-stage/vendor/laravel/framework/src/Illuminate/Foundation/Http/Middleware/TransformsRequest.php(21): Illuminate/Pipeline/Pipeline->{closure:{closure:Illuminate/Pipeline/Pipeline::carry():194}:195}()
#32 C:/xampp/htdocs/next-stage-completo/next-stage/vendor/laravel/framework/src/Illuminate/Foundation/Http/Middleware/TrimStrings.php(51): Illuminate/Foundation/Http/Middleware/TransformsRequest->handle()
#33 C:/xampp/htdocs/next-stage-completo/next-stage/vendor/laravel/framework/src/Illuminate/Pipeline/Pipeline.php(219): Illuminate/Foundation/Http/Middleware/TrimStrings->handle()
#34 C:/xampp/htdocs/next-stage-completo/next-stage/vendor/laravel/framework/src/Illuminate/Http/Middleware/ValidatePostSize.php(27): Illuminate/Pipeline/Pipeline->{closure:{closure:Illuminate/Pipeline/Pipeline::carry():194}:195}()
#35 C:/xampp/htdocs/next-stage-completo/next-stage/vendor/laravel/framework/src/Illuminate/Pipeline/Pipeline.php(219): Illuminate/Http/Middleware/ValidatePostSize->handle()
#36 C:/xampp/htdocs/next-stage-completo/next-stage/vendor/laravel/framework/src/Illuminate/Foundation/Http/Middleware/PreventRequestsDuringMaintenance.php(109): Illuminate/Pipeline/Pipeline->{closure:{closure:Illuminate/Pipeline/Pipeline::carry():194}:195}()
#37 C:/xampp/htdocs/next-stage-completo/next-stage/vendor/laravel/framework/src/Illuminate/Pipeline/Pipeline.php(219): Illuminate/Foundation/Http/Middleware/PreventRequestsDuringMaintenance->handle()
#38 C:/xampp/htdocs/next-stage-completo/next-stage/vendor/laravel/framework/src/Illuminate/Http/Middleware/HandleCors.php(74): Illuminate/Pipeline/Pipeline->{closure:{closure:Illuminate/Pipeline/Pipeline::carry():194}:195}()
#39 C:/xampp/htdocs/next-stage-completo/next-stage/vendor/laravel/framework/src/Illuminate/Pipeline/Pipeline.php(219): Illuminate/Http/Middleware/HandleCors->handle()
#40 C:/xampp/htdocs/next-stage-completo/next-stage/vendor/laravel/framework/src/Illuminate/Http/Middleware/TrustProxies.php(58): Illuminate/Pipeline/Pipeline->{closure:{closure:Illuminate/Pipeline/Pipeline::carry():194}:195}()
#41 C:/xampp/htdocs/next-stage-completo/next-stage/vendor/laravel/framework/src/Illuminate/Pipeline/Pipeline.php(219): Illuminate/Http/Middleware/TrustProxies->handle()
#42 C:/xampp/htdocs/next-stage-completo/next-stage/vendor/laravel/framework/src/Illuminate/Foundation/Http/Middleware/InvokeDeferredCallbacks.php(22): Illuminate/Pipeline/Pipeline->{closure:{closure:Illuminate/Pipeline/Pipeline::carry():194}:195}()
#43 C:/xampp/htdocs/next-stage-completo/next-stage/vendor/laravel/framework/src/Illuminate/Pipeline/Pipeline.php(219): Illuminate/Foundation/Http/Middleware/InvokeDeferredCallbacks->handle()
#44 C:/xampp/htdocs/next-stage-completo/next-stage/vendor/laravel/framework/src/Illuminate/Http/Middleware/ValidatePathEncoding.php(26): Illuminate/Pipeline/Pipeline->{closure:{closure:Illuminate/Pipeline/Pipeline::carry():194}:195}()
#45 C:/xampp/htdocs/next-stage-completo/next-stage/vendor/laravel/framework/src/Illuminate/Pipeline/Pipeline.php(219): Illuminate/Http/Middleware/ValidatePathEncoding->handle()
#46 C:/xampp/htdocs/next-stage-completo/next-stage/vendor/laravel/framework/src/Illuminate/Pipeline/Pipeline.php(137): Illuminate/Pipeline/Pipeline->{closure:{closure:Illuminate/Pipeline/Pipeline::carry():194}:195}()
#47 C:/xampp/htdocs/next-stage-completo/next-stage/vendor/laravel/framework/src/Illuminate/Foundation/Http/Kernel.php(175): Illuminate/Pipeline/Pipeline->then()
#48 C:/xampp/htdocs/next-stage-completo/next-stage/vendor/laravel/framework/src/Illuminate/Foundation/Http/Kernel.php(144): Illuminate/Foundation/Http/Kernel->sendRequestThroughRouter()
#49 C:/xampp/htdocs/next-stage-completo/next-stage/vendor/laravel/framework/src/Illuminate/Foundation/Application.php(1220): Illuminate/Foundation/Http/Kernel->handle()
#50 C:/xampp/htdocs/next-stage-completo/next-stage/public/index.php(17): Illuminate/Foundation/Application->handleRequest()
#51 C:/xampp/htdocs/next-stage-completo/next-stage/vendor/laravel/framework/src/Illuminate/Foundation/resources/server.php(23): require_once('...')
#52 {main}
"} 
[2026-04-09 22:12:44] local.ERROR: SQLSTATE[42S02]: Base table or view not found: 1146 Table 'proximo_estagio.prazo_aluno' doesn't exist (Connection: mysql, Host: 127.0.0.1, Port: 3306, Database: proximo_estagio, SQL: select `t`.`idtipo`, `t`.`nome` as `tipo`, `t`.`intervalo_dias`, `pa`.`dataLimite`, (
                    SELECT d2.dataEmissao
                    FROM documento d2
                    JOIN tipo t2 ON t2.idtipo = d2.tipo_idtipo
                    WHERE d2.aluno_idaluno = 1
                      AND t2.ordem = (t.ordem - 1)
                    ORDER BY d2.iddocumento DESC
                    LIMIT 1
                ) as dataEnvioAnterior from `tipo` as `t` left join `prazo_aluno` as `pa` on `pa`.`tipo_idtipo` = `t`.`idtipo` and `pa`.`aluno_idaluno` = 1 where `t`.`ativo` = 1 order by `t`.`ordem` asc) {"exception":"[object] (Illuminate\\Database\\QueryException(code: 42S02): SQLSTATE[42S02]: Base table or view not found: 1146 Table 'proximo_estagio.prazo_aluno' doesn't exist (Connection: mysql, Host: 127.0.0.1, Port: 3306, Database: proximo_estagio, SQL: select `t`.`idtipo`, `t`.`nome` as `tipo`, `t`.`intervalo_dias`, `pa`.`dataLimite`, (
                    SELECT d2.dataEmissao
                    FROM documento d2
                    JOIN tipo t2 ON t2.idtipo = d2.tipo_idtipo
                    WHERE d2.aluno_idaluno = 1
                      AND t2.ordem = (t.ordem - 1)
                    ORDER BY d2.iddocumento DESC
                    LIMIT 1
                ) as dataEnvioAnterior from `tipo` as `t` left join `prazo_aluno` as `pa` on `pa`.`tipo_idtipo` = `t`.`idtipo` and `pa`.`aluno_idaluno` = 1 where `t`.`ativo` = 1 order by `t`.`ordem` asc) at C:/xampp/htdocs/next-stage-completo/next-stage/vendor/laravel/framework/src/Illuminate/Database/Connection.php:838)
[stacktrace]
#0 C:/xampp/htdocs/next-stage-completo/next-stage/vendor/laravel/framework/src/Illuminate/Database/Connection.php(794): Illuminate/Database/Connection->runQueryCallback()
#1 C:/xampp/htdocs/next-stage-completo/next-stage/vendor/laravel/framework/src/Illuminate/Database/Connection.php(411): Illuminate/Database/Connection->run()
#2 C:/xampp/htdocs/next-stage-completo/next-stage/vendor/laravel/framework/src/Illuminate/Database/Query/Builder.php(3505): Illuminate/Database/Connection->select()
#3 C:/xampp/htdocs/next-stage-completo/next-stage/vendor/laravel/framework/src/Illuminate/Database/Query/Builder.php(3490): Illuminate/Database/Query/Builder->runSelect()
#4 C:/xampp/htdocs/next-stage-completo/next-stage/vendor/laravel/framework/src/Illuminate/Database/Query/Builder.php(4080): Illuminate/Database/Query/Builder->{closure:Illuminate/Database/Query/Builder::get():3489}()
#5 C:/xampp/htdocs/next-stage-completo/next-stage/vendor/laravel/framework/src/Illuminate/Database/Query/Builder.php(3489): Illuminate/Database/Query/Builder->onceWithColumns()
#6 C:/xampp/htdocs/next-stage-completo/next-stage/app/Features/Aluno/Services/AlunoService.php(88): Illuminate/Database/Query/Builder->get()
#7 C:/xampp/htdocs/next-stage-completo/next-stage/app/Features/Aluno/Services/AlunoService.php(54): App/Features/Aluno/Services/AlunoService->calcularPrazos()
#8 C:/xampp/htdocs/next-stage-completo/next-stage/app/Features/Aluno/Controllers/AlunoController.php(21): App/Features/Aluno/Services/AlunoService->listarDocumentos()
#9 C:/xampp/htdocs/next-stage-completo/next-stage/vendor/laravel/framework/src/Illuminate/Routing/Controller.php(54): App/Features/Aluno/Controllers/AlunoController->listarDocumentos()
#10 C:/xampp/htdocs/next-stage-completo/next-stage/vendor/laravel/framework/src/Illuminate/Routing/ControllerDispatcher.php(43): Illuminate/Routing/Controller->callAction()
#11 C:/xampp/htdocs/next-stage-completo/next-stage/vendor/laravel/framework/src/Illuminate/Routing/Route.php(265): Illuminate/Routing/ControllerDispatcher->dispatch()
#12 C:/xampp/htdocs/next-stage-completo/next-stage/vendor/laravel/framework/src/Illuminate/Routing/Route.php(211): Illuminate/Routing/Route->runController()
#13 C:/xampp/htdocs/next-stage-completo/next-stage/vendor/laravel/framework/src/Illuminate/Routing/Router.php(822): Illuminate/Routing/Route->run()
#14 C:/xampp/htdocs/next-stage-completo/next-stage/vendor/laravel/framework/src/Illuminate/Pipeline/Pipeline.php(180): Illuminate/Routing/Router->{closure:Illuminate/Routing/Router::runRouteWithinStack():821}()
#15 C:/xampp/htdocs/next-stage-completo/next-stage/app/Http/Middleware/VerificarToken.php(46): Illuminate/Pipeline/Pipeline->{closure:Illuminate/Pipeline/Pipeline::prepareDestination():178}()
#16 C:/xampp/htdocs/next-stage-completo/next-stage/vendor/laravel/framework/src/Illuminate/Pipeline/Pipeline.php(219): App/Http/Middleware/VerificarToken->handle()
#17 C:/xampp/htdocs/next-stage-completo/next-stage/vendor/laravel/framework/src/Illuminate/Routing/Middleware/SubstituteBindings.php(50): Illuminate/Pipeline/Pipeline->{closure:{closure:Illuminate/Pipeline/Pipeline::carry():194}:195}()
#18 C:/xampp/htdocs/next-stage-completo/next-stage/vendor/laravel/framework/src/Illuminate/Pipeline/Pipeline.php(219): Illuminate/Routing/Middleware/SubstituteBindings->handle()
#19 C:/xampp/htdocs/next-stage-completo/next-stage/vendor/laravel/framework/src/Illuminate/Pipeline/Pipeline.php(137): Illuminate/Pipeline/Pipeline->{closure:{closure:Illuminate/Pipeline/Pipeline::carry():194}:195}()
#20 C:/xampp/htdocs/next-stage-completo/next-stage/vendor/laravel/framework/src/Illuminate/Routing/Router.php(821): Illuminate/Pipeline/Pipeline->then()
#21 C:/xampp/htdocs/next-stage-completo/next-stage/vendor/laravel/framework/src/Illuminate/Routing/Router.php(800): Illuminate/Routing/Router->runRouteWithinStack()
#22 C:/xampp/htdocs/next-stage-completo/next-stage/vendor/laravel/framework/src/Illuminate/Routing/Router.php(764): Illuminate/Routing/Router->runRoute()
#23 C:/xampp/htdocs/next-stage-completo/next-stage/vendor/laravel/framework/src/Illuminate/Routing/Router.php(753): Illuminate/Routing/Router->dispatchToRoute()
#24 C:/xampp/htdocs/next-stage-completo/next-stage/vendor/laravel/framework/src/Illuminate/Foundation/Http/Kernel.php(200): Illuminate/Routing/Router->dispatch()
#25 C:/xampp/htdocs/next-stage-completo/next-stage/vendor/laravel/framework/src/Illuminate/Pipeline/Pipeline.php(180): Illuminate/Foundation/Http/Kernel->{closure:Illuminate/Foundation/Http/Kernel::dispatchToRouter():197}()
#26 C:/xampp/htdocs/next-stage-completo/next-stage/vendor/laravel/framework/src/Illuminate/Foundation/Http/Middleware/TransformsRequest.php(21): Illuminate/Pipeline/Pipeline->{closure:Illuminate/Pipeline/Pipeline::prepareDestination():178}()
#27 C:/xampp/htdocs/next-stage-completo/next-stage/vendor/laravel/framework/src/Illuminate/Foundation/Http/Middleware/ConvertEmptyStringsToNull.php(31): Illuminate/Foundation/Http/Middleware/TransformsRequest->handle()
#28 C:/xampp/htdocs/next-stage-completo/next-stage/vendor/laravel/framework/src/Illuminate/Pipeline/Pipeline.php(219): Illuminate/Foundation/Http/Middleware/ConvertEmptyStringsToNull->handle()
#29 C:/xampp/htdocs/next-stage-completo/next-stage/vendor/laravel/framework/src/Illuminate/Foundation/Http/Middleware/TransformsRequest.php(21): Illuminate/Pipeline/Pipeline->{closure:{closure:Illuminate/Pipeline/Pipeline::carry():194}:195}()
#30 C:/xampp/htdocs/next-stage-completo/next-stage/vendor/laravel/framework/src/Illuminate/Foundation/Http/Middleware/TrimStrings.php(51): Illuminate/Foundation/Http/Middleware/TransformsRequest->handle()
#31 C:/xampp/htdocs/next-stage-completo/next-stage/vendor/laravel/framework/src/Illuminate/Pipeline/Pipeline.php(219): Illuminate/Foundation/Http/Middleware/TrimStrings->handle()
#32 C:/xampp/htdocs/next-stage-completo/next-stage/vendor/laravel/framework/src/Illuminate/Http/Middleware/ValidatePostSize.php(27): Illuminate/Pipeline/Pipeline->{closure:{closure:Illuminate/Pipeline/Pipeline::carry():194}:195}()
#33 C:/xampp/htdocs/next-stage-completo/next-stage/vendor/laravel/framework/src/Illuminate/Pipeline/Pipeline.php(219): Illuminate/Http/Middleware/ValidatePostSize->handle()
#34 C:/xampp/htdocs/next-stage-completo/next-stage/vendor/laravel/framework/src/Illuminate/Foundation/Http/Middleware/PreventRequestsDuringMaintenance.php(109): Illuminate/Pipeline/Pipeline->{closure:{closure:Illuminate/Pipeline/Pipeline::carry():194}:195}()
#35 C:/xampp/htdocs/next-stage-completo/next-stage/vendor/laravel/framework/src/Illuminate/Pipeline/Pipeline.php(219): Illuminate/Foundation/Http/Middleware/PreventRequestsDuringMaintenance->handle()
#36 C:/xampp/htdocs/next-stage-completo/next-stage/vendor/laravel/framework/src/Illuminate/Http/Middleware/HandleCors.php(74): Illuminate/Pipeline/Pipeline->{closure:{closure:Illuminate/Pipeline/Pipeline::carry():194}:195}()
#37 C:/xampp/htdocs/next-stage-completo/next-stage/vendor/laravel/framework/src/Illuminate/Pipeline/Pipeline.php(219): Illuminate/Http/Middleware/HandleCors->handle()
#38 C:/xampp/htdocs/next-stage-completo/next-stage/vendor/laravel/framework/src/Illuminate/Http/Middleware/TrustProxies.php(58): Illuminate/Pipeline/Pipeline->{closure:{closure:Illuminate/Pipeline/Pipeline::carry():194}:195}()
#39 C:/xampp/htdocs/next-stage-completo/next-stage/vendor/laravel/framework/src/Illuminate/Pipeline/Pipeline.php(219): Illuminate/Http/Middleware/TrustProxies->handle()
#40 C:/xampp/htdocs/next-stage-completo/next-stage/vendor/laravel/framework/src/Illuminate/Foundation/Http/Middleware/InvokeDeferredCallbacks.php(22): Illuminate/Pipeline/Pipeline->{closure:{closure:Illuminate/Pipeline/Pipeline::carry():194}:195}()
#41 C:/xampp/htdocs/next-stage-completo/next-stage/vendor/laravel/framework/src/Illuminate/Pipeline/Pipeline.php(219): Illuminate/Foundation/Http/Middleware/InvokeDeferredCallbacks->handle()
#42 C:/xampp/htdocs/next-stage-completo/next-stage/vendor/laravel/framework/src/Illuminate/Http/Middleware/ValidatePathEncoding.php(26): Illuminate/Pipeline/Pipeline->{closure:{closure:Illuminate/Pipeline/Pipeline::carry():194}:195}()
#43 C:/xampp/htdocs/next-stage-completo/next-stage/vendor/laravel/framework/src/Illuminate/Pipeline/Pipeline.php(219): Illuminate/Http/Middleware/ValidatePathEncoding->handle()
#44 C:/xampp/htdocs/next-stage-completo/next-stage/vendor/laravel/framework/src/Illuminate/Pipeline/Pipeline.php(137): Illuminate/Pipeline/Pipeline->{closure:{closure:Illuminate/Pipeline/Pipeline::carry():194}:195}()
#45 C:/xampp/htdocs/next-stage-completo/next-stage/vendor/laravel/framework/src/Illuminate/Foundation/Http/Kernel.php(175): Illuminate/Pipeline/Pipeline->then()
#46 C:/xampp/htdocs/next-stage-completo/next-stage/vendor/laravel/framework/src/Illuminate/Foundation/Http/Kernel.php(144): Illuminate/Foundation/Http/Kernel->sendRequestThroughRouter()
#47 C:/xampp/htdocs/next-stage-completo/next-stage/vendor/laravel/framework/src/Illuminate/Foundation/Application.php(1220): Illuminate/Foundation/Http/Kernel->handle()
#48 C:/xampp/htdocs/next-stage-completo/next-stage/public/index.php(17): Illuminate/Foundation/Application->handleRequest()
#49 C:/xampp/htdocs/next-stage-completo/next-stage/vendor/laravel/framework/src/Illuminate/Foundation/resources/server.php(23): require_once('...')
#50 {main}

[previous exception] [object] (PDOException(code: 42S02): SQLSTATE[42S02]: Base table or view not found: 1146 Table 'proximo_estagio.prazo_aluno' doesn't exist at C:/xampp/htdocs/next-stage-completo/next-stage/vendor/laravel/framework/src/Illuminate/Database/Connection.php:420)
[stacktrace]
#0 C:/xampp/htdocs/next-stage-completo/next-stage/vendor/laravel/framework/src/Illuminate/Database/Connection.php(420): PDO->prepare()
#1 C:/xampp/htdocs/next-stage-completo/next-stage/vendor/laravel/framework/src/Illuminate/Database/Connection.php(827): Illuminate/Database/Connection->{closure:Illuminate/Database/Connection::select():411}()
#2 C:/xampp/htdocs/next-stage-completo/next-stage/vendor/laravel/framework/src/Illuminate/Database/Connection.php(794): Illuminate/Database/Connection->runQueryCallback()
#3 C:/xampp/htdocs/next-stage-completo/next-stage/vendor/laravel/framework/src/Illuminate/Database/Connection.php(411): Illuminate/Database/Connection->run()
#4 C:/xampp/htdocs/next-stage-completo/next-stage/vendor/laravel/framework/src/Illuminate/Database/Query/Builder.php(3505): Illuminate/Database/Connection->select()
#5 C:/xampp/htdocs/next-stage-completo/next-stage/vendor/laravel/framework/src/Illuminate/Database/Query/Builder.php(3490): Illuminate/Database/Query/Builder->runSelect()
#6 C:/xampp/htdocs/next-stage-completo/next-stage/vendor/laravel/framework/src/Illuminate/Database/Query/Builder.php(4080): Illuminate/Database/Query/Builder->{closure:Illuminate/Database/Query/Builder::get():3489}()
#7 C:/xampp/htdocs/next-stage-completo/next-stage/vendor/laravel/framework/src/Illuminate/Database/Query/Builder.php(3489): Illuminate/Database/Query/Builder->onceWithColumns()
#8 C:/xampp/htdocs/next-stage-completo/next-stage/app/Features/Aluno/Services/AlunoService.php(88): Illuminate/Database/Query/Builder->get()
#9 C:/xampp/htdocs/next-stage-completo/next-stage/app/Features/Aluno/Services/AlunoService.php(54): App/Features/Aluno/Services/AlunoService->calcularPrazos()
#10 C:/xampp/htdocs/next-stage-completo/next-stage/app/Features/Aluno/Controllers/AlunoController.php(21): App/Features/Aluno/Services/AlunoService->listarDocumentos()
#11 C:/xampp/htdocs/next-stage-completo/next-stage/vendor/laravel/framework/src/Illuminate/Routing/Controller.php(54): App/Features/Aluno/Controllers/AlunoController->listarDocumentos()
#12 C:/xampp/htdocs/next-stage-completo/next-stage/vendor/laravel/framework/src/Illuminate/Routing/ControllerDispatcher.php(43): Illuminate/Routing/Controller->callAction()
#13 C:/xampp/htdocs/next-stage-completo/next-stage/vendor/laravel/framework/src/Illuminate/Routing/Route.php(265): Illuminate/Routing/ControllerDispatcher->dispatch()
#14 C:/xampp/htdocs/next-stage-completo/next-stage/vendor/laravel/framework/src/Illuminate/Routing/Route.php(211): Illuminate/Routing/Route->runController()
#15 C:/xampp/htdocs/next-stage-completo/next-stage/vendor/laravel/framework/src/Illuminate/Routing/Router.php(822): Illuminate/Routing/Route->run()
#16 C:/xampp/htdocs/next-stage-completo/next-stage/vendor/laravel/framework/src/Illuminate/Pipeline/Pipeline.php(180): Illuminate/Routing/Router->{closure:Illuminate/Routing/Router::runRouteWithinStack():821}()
#17 C:/xampp/htdocs/next-stage-completo/next-stage/app/Http/Middleware/VerificarToken.php(46): Illuminate/Pipeline/Pipeline->{closure:Illuminate/Pipeline/Pipeline::prepareDestination():178}()
#18 C:/xampp/htdocs/next-stage-completo/next-stage/vendor/laravel/framework/src/Illuminate/Pipeline/Pipeline.php(219): App/Http/Middleware/VerificarToken->handle()
#19 C:/xampp/htdocs/next-stage-completo/next-stage/vendor/laravel/framework/src/Illuminate/Routing/Middleware/SubstituteBindings.php(50): Illuminate/Pipeline/Pipeline->{closure:{closure:Illuminate/Pipeline/Pipeline::carry():194}:195}()
#20 C:/xampp/htdocs/next-stage-completo/next-stage/vendor/laravel/framework/src/Illuminate/Pipeline/Pipeline.php(219): Illuminate/Routing/Middleware/SubstituteBindings->handle()
#21 C:/xampp/htdocs/next-stage-completo/next-stage/vendor/laravel/framework/src/Illuminate/Pipeline/Pipeline.php(137): Illuminate/Pipeline/Pipeline->{closure:{closure:Illuminate/Pipeline/Pipeline::carry():194}:195}()
#22 C:/xampp/htdocs/next-stage-completo/next-stage/vendor/laravel/framework/src/Illuminate/Routing/Router.php(821): Illuminate/Pipeline/Pipeline->then()
#23 C:/xampp/htdocs/next-stage-completo/next-stage/vendor/laravel/framework/src/Illuminate/Routing/Router.php(800): Illuminate/Routing/Router->runRouteWithinStack()
#24 C:/xampp/htdocs/next-stage-completo/next-stage/vendor/laravel/framework/src/Illuminate/Routing/Router.php(764): Illuminate/Routing/Router->runRoute()
#25 C:/xampp/htdocs/next-stage-completo/next-stage/vendor/laravel/framework/src/Illuminate/Routing/Router.php(753): Illuminate/Routing/Router->dispatchToRoute()
#26 C:/xampp/htdocs/next-stage-completo/next-stage/vendor/laravel/framework/src/Illuminate/Foundation/Http/Kernel.php(200): Illuminate/Routing/Router->dispatch()
#27 C:/xampp/htdocs/next-stage-completo/next-stage/vendor/laravel/framework/src/Illuminate/Pipeline/Pipeline.php(180): Illuminate/Foundation/Http/Kernel->{closure:Illuminate/Foundation/Http/Kernel::dispatchToRouter():197}()
#28 C:/xampp/htdocs/next-stage-completo/next-stage/vendor/laravel/framework/src/Illuminate/Foundation/Http/Middleware/TransformsRequest.php(21): Illuminate/Pipeline/Pipeline->{closure:Illuminate/Pipeline/Pipeline::prepareDestination():178}()
#29 C:/xampp/htdocs/next-stage-completo/next-stage/vendor/laravel/framework/src/Illuminate/Foundation/Http/Middleware/ConvertEmptyStringsToNull.php(31): Illuminate/Foundation/Http/Middleware/TransformsRequest->handle()
#30 C:/xampp/htdocs/next-stage-completo/next-stage/vendor/laravel/framework/src/Illuminate/Pipeline/Pipeline.php(219): Illuminate/Foundation/Http/Middleware/ConvertEmptyStringsToNull->handle()
#31 C:/xampp/htdocs/next-stage-completo/next-stage/vendor/laravel/framework/src/Illuminate/Foundation/Http/Middleware/TransformsRequest.php(21): Illuminate/Pipeline/Pipeline->{closure:{closure:Illuminate/Pipeline/Pipeline::carry():194}:195}()
#32 C:/xampp/htdocs/next-stage-completo/next-stage/vendor/laravel/framework/src/Illuminate/Foundation/Http/Middleware/TrimStrings.php(51): Illuminate/Foundation/Http/Middleware/TransformsRequest->handle()
#33 C:/xampp/htdocs/next-stage-completo/next-stage/vendor/laravel/framework/src/Illuminate/Pipeline/Pipeline.php(219): Illuminate/Foundation/Http/Middleware/TrimStrings->handle()
#34 C:/xampp/htdocs/next-stage-completo/next-stage/vendor/laravel/framework/src/Illuminate/Http/Middleware/ValidatePostSize.php(27): Illuminate/Pipeline/Pipeline->{closure:{closure:Illuminate/Pipeline/Pipeline::carry():194}:195}()
#35 C:/xampp/htdocs/next-stage-completo/next-stage/vendor/laravel/framework/src/Illuminate/Pipeline/Pipeline.php(219): Illuminate/Http/Middleware/ValidatePostSize->handle()
#36 C:/xampp/htdocs/next-stage-completo/next-stage/vendor/laravel/framework/src/Illuminate/Foundation/Http/Middleware/PreventRequestsDuringMaintenance.php(109): Illuminate/Pipeline/Pipeline->{closure:{closure:Illuminate/Pipeline/Pipeline::carry():194}:195}()
#37 C:/xampp/htdocs/next-stage-completo/next-stage/vendor/laravel/framework/src/Illuminate/Pipeline/Pipeline.php(219): Illuminate/Foundation/Http/Middleware/PreventRequestsDuringMaintenance->handle()
#38 C:/xampp/htdocs/next-stage-completo/next-stage/vendor/laravel/framework/src/Illuminate/Http/Middleware/HandleCors.php(74): Illuminate/Pipeline/Pipeline->{closure:{closure:Illuminate/Pipeline/Pipeline::carry():194}:195}()
#39 C:/xampp/htdocs/next-stage-completo/next-stage/vendor/laravel/framework/src/Illuminate/Pipeline/Pipeline.php(219): Illuminate/Http/Middleware/HandleCors->handle()
#40 C:/xampp/htdocs/next-stage-completo/next-stage/vendor/laravel/framework/src/Illuminate/Http/Middleware/TrustProxies.php(58): Illuminate/Pipeline/Pipeline->{closure:{closure:Illuminate/Pipeline/Pipeline::carry():194}:195}()
#41 C:/xampp/htdocs/next-stage-completo/next-stage/vendor/laravel/framework/src/Illuminate/Pipeline/Pipeline.php(219): Illuminate/Http/Middleware/TrustProxies->handle()
#42 C:/xampp/htdocs/next-stage-completo/next-stage/vendor/laravel/framework/src/Illuminate/Foundation/Http/Middleware/InvokeDeferredCallbacks.php(22): Illuminate/Pipeline/Pipeline->{closure:{closure:Illuminate/Pipeline/Pipeline::carry():194}:195}()
#43 C:/xampp/htdocs/next-stage-completo/next-stage/vendor/laravel/framework/src/Illuminate/Pipeline/Pipeline.php(219): Illuminate/Foundation/Http/Middleware/InvokeDeferredCallbacks->handle()
#44 C:/xampp/htdocs/next-stage-completo/next-stage/vendor/laravel/framework/src/Illuminate/Http/Middleware/ValidatePathEncoding.php(26): Illuminate/Pipeline/Pipeline->{closure:{closure:Illuminate/Pipeline/Pipeline::carry():194}:195}()
#45 C:/xampp/htdocs/next-stage-completo/next-stage/vendor/laravel/framework/src/Illuminate/Pipeline/Pipeline.php(219): Illuminate/Http/Middleware/ValidatePathEncoding->handle()
#46 C:/xampp/htdocs/next-stage-completo/next-stage/vendor/laravel/framework/src/Illuminate/Pipeline/Pipeline.php(137): Illuminate/Pipeline/Pipeline->{closure:{closure:Illuminate/Pipeline/Pipeline::carry():194}:195}()
#47 C:/xampp/htdocs/next-stage-completo/next-stage/vendor/laravel/framework/src/Illuminate/Foundation/Http/Kernel.php(175): Illuminate/Pipeline/Pipeline->then()
#48 C:/xampp/htdocs/next-stage-completo/next-stage/vendor/laravel/framework/src/Illuminate/Foundation/Http/Kernel.php(144): Illuminate/Foundation/Http/Kernel->sendRequestThroughRouter()
#49 C:/xampp/htdocs/next-stage-completo/next-stage/vendor/laravel/framework/src/Illuminate/Foundation/Application.php(1220): Illuminate/Foundation/Http/Kernel->handle()
#50 C:/xampp/htdocs/next-stage-completo/next-stage/public/index.php(17): Illuminate/Foundation/Application->handleRequest()
#51 C:/xampp/htdocs/next-stage-completo/next-stage/vendor/laravel/framework/src/Illuminate/Foundation/resources/server.php(23): require_once('...')
#52 {main}
"} 
[2026-04-09 22:19:23] local.ERROR: SQLSTATE[42S02]: Base table or view not found: 1146 Table 'proximo_estagio.modelos' doesn't exist (Connection: mysql, Host: 127.0.0.1, Port: 3306, Database: proximo_estagio, SQL: select `t`.`nome` as `tipo`, `m`.`caminho_arquivo`, `m`.`nome`, `m`.`descricao` from `tipo` as `t` left join `modelos` as `m` on `m`.`tipo_idtipo` = `t`.`idtipo` order by `t`.`nome` asc) {"exception":"[object] (Illuminate\\Database\\QueryException(code: 42S02): SQLSTATE[42S02]: Base table or view not found: 1146 Table 'proximo_estagio.modelos' doesn't exist (Connection: mysql, Host: 127.0.0.1, Port: 3306, Database: proximo_estagio, SQL: select `t`.`nome` as `tipo`, `m`.`caminho_arquivo`, `m`.`nome`, `m`.`descricao` from `tipo` as `t` left join `modelos` as `m` on `m`.`tipo_idtipo` = `t`.`idtipo` order by `t`.`nome` asc) at C:/xampp/htdocs/next-stage-completo/next-stage/vendor/laravel/framework/src/Illuminate/Database/Connection.php:838)
[stacktrace]
#0 C:/xampp/htdocs/next-stage-completo/next-stage/vendor/laravel/framework/src/Illuminate/Database/Connection.php(794): Illuminate/Database/Connection->runQueryCallback()
#1 C:/xampp/htdocs/next-stage-completo/next-stage/vendor/laravel/framework/src/Illuminate/Database/Connection.php(411): Illuminate/Database/Connection->run()
#2 C:/xampp/htdocs/next-stage-completo/next-stage/vendor/laravel/framework/src/Illuminate/Database/Query/Builder.php(3505): Illuminate/Database/Connection->select()
#3 C:/xampp/htdocs/next-stage-completo/next-stage/vendor/laravel/framework/src/Illuminate/Database/Query/Builder.php(3490): Illuminate/Database/Query/Builder->runSelect()
#4 C:/xampp/htdocs/next-stage-completo/next-stage/vendor/laravel/framework/src/Illuminate/Database/Query/Builder.php(4080): Illuminate/Database/Query/Builder->{closure:Illuminate/Database/Query/Builder::get():3489}()
#5 C:/xampp/htdocs/next-stage-completo/next-stage/vendor/laravel/framework/src/Illuminate/Database/Query/Builder.php(3489): Illuminate/Database/Query/Builder->onceWithColumns()
#6 C:/xampp/htdocs/next-stage-completo/next-stage/app/Features/Professor/Services/ProfessorService.php(315): Illuminate/Database/Query/Builder->get()
#7 C:/xampp/htdocs/next-stage-completo/next-stage/app/Features/Professor/Controllers/ProfessorController.php(142): App/Features/Professor/Services/ProfessorService->listarModelos()
#8 C:/xampp/htdocs/next-stage-completo/next-stage/vendor/laravel/framework/src/Illuminate/Routing/Controller.php(54): App/Features/Professor/Controllers/ProfessorController->listarModelos()
#9 C:/xampp/htdocs/next-stage-completo/next-stage/vendor/laravel/framework/src/Illuminate/Routing/ControllerDispatcher.php(43): Illuminate/Routing/Controller->callAction()
#10 C:/xampp/htdocs/next-stage-completo/next-stage/vendor/laravel/framework/src/Illuminate/Routing/Route.php(265): Illuminate/Routing/ControllerDispatcher->dispatch()
#11 C:/xampp/htdocs/next-stage-completo/next-stage/vendor/laravel/framework/src/Illuminate/Routing/Route.php(211): Illuminate/Routing/Route->runController()
#12 C:/xampp/htdocs/next-stage-completo/next-stage/vendor/laravel/framework/src/Illuminate/Routing/Router.php(822): Illuminate/Routing/Route->run()
#13 C:/xampp/htdocs/next-stage-completo/next-stage/vendor/laravel/framework/src/Illuminate/Pipeline/Pipeline.php(180): Illuminate/Routing/Router->{closure:Illuminate/Routing/Router::runRouteWithinStack():821}()
#14 C:/xampp/htdocs/next-stage-completo/next-stage/app/Http/Middleware/VerificarToken.php(46): Illuminate/Pipeline/Pipeline->{closure:Illuminate/Pipeline/Pipeline::prepareDestination():178}()
#15 C:/xampp/htdocs/next-stage-completo/next-stage/vendor/laravel/framework/src/Illuminate/Pipeline/Pipeline.php(219): App/Http/Middleware/VerificarToken->handle()
#16 C:/xampp/htdocs/next-stage-completo/next-stage/vendor/laravel/framework/src/Illuminate/Routing/Middleware/SubstituteBindings.php(50): Illuminate/Pipeline/Pipeline->{closure:{closure:Illuminate/Pipeline/Pipeline::carry():194}:195}()
#17 C:/xampp/htdocs/next-stage-completo/next-stage/vendor/laravel/framework/src/Illuminate/Pipeline/Pipeline.php(219): Illuminate/Routing/Middleware/SubstituteBindings->handle()
#18 C:/xampp/htdocs/next-stage-completo/next-stage/vendor/laravel/framework/src/Illuminate/Pipeline/Pipeline.php(137): Illuminate/Pipeline/Pipeline->{closure:{closure:Illuminate/Pipeline/Pipeline::carry():194}:195}()
#19 C:/xampp/htdocs/next-stage-completo/next-stage/vendor/laravel/framework/src/Illuminate/Routing/Router.php(821): Illuminate/Pipeline/Pipeline->then()
#20 C:/xampp/htdocs/next-stage-completo/next-stage/vendor/laravel/framework/src/Illuminate/Routing/Router.php(800): Illuminate/Routing/Router->runRouteWithinStack()
#21 C:/xampp/htdocs/next-stage-completo/next-stage/vendor/laravel/framework/src/Illuminate/Routing/Router.php(764): Illuminate/Routing/Router->runRoute()
#22 C:/xampp/htdocs/next-stage-completo/next-stage/vendor/laravel/framework/src/Illuminate/Routing/Router.php(753): Illuminate/Routing/Router->dispatchToRoute()
#23 C:/xampp/htdocs/next-stage-completo/next-stage/vendor/laravel/framework/src/Illuminate/Foundation/Http/Kernel.php(200): Illuminate/Routing/Router->dispatch()
#24 C:/xampp/htdocs/next-stage-completo/next-stage/vendor/laravel/framework/src/Illuminate/Pipeline/Pipeline.php(180): Illuminate/Foundation/Http/Kernel->{closure:Illuminate/Foundation/Http/Kernel::dispatchToRouter():197}()
#25 C:/xampp/htdocs/next-stage-completo/next-stage/vendor/laravel/framework/src/Illuminate/Foundation/Http/Middleware/TransformsRequest.php(21): Illuminate/Pipeline/Pipeline->{closure:Illuminate/Pipeline/Pipeline::prepareDestination():178}()
#26 C:/xampp/htdocs/next-stage-completo/next-stage/vendor/laravel/framework/src/Illuminate/Foundation/Http/Middleware/ConvertEmptyStringsToNull.php(31): Illuminate/Foundation/Http/Middleware/TransformsRequest->handle()
#27 C:/xampp/htdocs/next-stage-completo/next-stage/vendor/laravel/framework/src/Illuminate/Pipeline/Pipeline.php(219): Illuminate/Foundation/Http/Middleware/ConvertEmptyStringsToNull->handle()
#28 C:/xampp/htdocs/next-stage-completo/next-stage/vendor/laravel/framework/src/Illuminate/Foundation/Http/Middleware/TransformsRequest.php(21): Illuminate/Pipeline/Pipeline->{closure:{closure:Illuminate/Pipeline/Pipeline::carry():194}:195}()
#29 C:/xampp/htdocs/next-stage-completo/next-stage/vendor/laravel/framework/src/Illuminate/Foundation/Http/Middleware/TrimStrings.php(51): Illuminate/Foundation/Http/Middleware/TransformsRequest->handle()
#30 C:/xampp/htdocs/next-stage-completo/next-stage/vendor/laravel/framework/src/Illuminate/Pipeline/Pipeline.php(219): Illuminate/Foundation/Http/Middleware/TrimStrings->handle()
#31 C:/xampp/htdocs/next-stage-completo/next-stage/vendor/laravel/framework/src/Illuminate/Http/Middleware/ValidatePostSize.php(27): Illuminate/Pipeline/Pipeline->{closure:{closure:Illuminate/Pipeline/Pipeline::carry():194}:195}()
#32 C:/xampp/htdocs/next-stage-completo/next-stage/vendor/laravel/framework/src/Illuminate/Pipeline/Pipeline.php(219): Illuminate/Http/Middleware/ValidatePostSize->handle()
#33 C:/xampp/htdocs/next-stage-completo/next-stage/vendor/laravel/framework/src/Illuminate/Foundation/Http/Middleware/PreventRequestsDuringMaintenance.php(109): Illuminate/Pipeline/Pipeline->{closure:{closure:Illuminate/Pipeline/Pipeline::carry():194}:195}()
#34 C:/xampp/htdocs/next-stage-completo/next-stage/vendor/laravel/framework/src/Illuminate/Pipeline/Pipeline.php(219): Illuminate/Foundation/Http/Middleware/PreventRequestsDuringMaintenance->handle()
#35 C:/xampp/htdocs/next-stage-completo/next-stage/vendor/laravel/framework/src/Illuminate/Http/Middleware/HandleCors.php(74): Illuminate/Pipeline/Pipeline->{closure:{closure:Illuminate/Pipeline/Pipeline::carry():194}:195}()
#36 C:/xampp/htdocs/next-stage-completo/next-stage/vendor/laravel/framework/src/Illuminate/Pipeline/Pipeline.php(219): Illuminate/Http/Middleware/HandleCors->handle()
#37 C:/xampp/htdocs/next-stage-completo/next-stage/vendor/laravel/framework/src/Illuminate/Http/Middleware/TrustProxies.php(58): Illuminate/Pipeline/Pipeline->{closure:{closure:Illuminate/Pipeline/Pipeline::carry():194}:195}()
#38 C:/xampp/htdocs/next-stage-completo/next-stage/vendor/laravel/framework/src/Illuminate/Pipeline/Pipeline.php(219): Illuminate/Http/Middleware/TrustProxies->handle()
#39 C:/xampp/htdocs/next-stage-completo/next-stage/vendor/laravel/framework/src/Illuminate/Foundation/Http/Middleware/InvokeDeferredCallbacks.php(22): Illuminate/Pipeline/Pipeline->{closure:{closure:Illuminate/Pipeline/Pipeline::carry():194}:195}()
#40 C:/xampp/htdocs/next-stage-completo/next-stage/vendor/laravel/framework/src/Illuminate/Pipeline/Pipeline.php(219): Illuminate/Foundation/Http/Middleware/InvokeDeferredCallbacks->handle()
#41 C:/xampp/htdocs/next-stage-completo/next-stage/vendor/laravel/framework/src/Illuminate/Http/Middleware/ValidatePathEncoding.php(26): Illuminate/Pipeline/Pipeline->{closure:{closure:Illuminate/Pipeline/Pipeline::carry():194}:195}()
#42 C:/xampp/htdocs/next-stage-completo/next-stage/vendor/laravel/framework/src/Illuminate/Pipeline/Pipeline.php(219): Illuminate/Http/Middleware/ValidatePathEncoding->handle()
#43 C:/xampp/htdocs/next-stage-completo/next-stage/vendor/laravel/framework/src/Illuminate/Pipeline/Pipeline.php(137): Illuminate/Pipeline/Pipeline->{closure:{closure:Illuminate/Pipeline/Pipeline::carry():194}:195}()
#44 C:/xampp/htdocs/next-stage-completo/next-stage/vendor/laravel/framework/src/Illuminate/Foundation/Http/Kernel.php(175): Illuminate/Pipeline/Pipeline->then()
#45 C:/xampp/htdocs/next-stage-completo/next-stage/vendor/laravel/framework/src/Illuminate/Foundation/Http/Kernel.php(144): Illuminate/Foundation/Http/Kernel->sendRequestThroughRouter()
#46 C:/xampp/htdocs/next-stage-completo/next-stage/vendor/laravel/framework/src/Illuminate/Foundation/Application.php(1220): Illuminate/Foundation/Http/Kernel->handle()
#47 C:/xampp/htdocs/next-stage-completo/next-stage/public/index.php(17): Illuminate/Foundation/Application->handleRequest()
#48 C:/xampp/htdocs/next-stage-completo/next-stage/vendor/laravel/framework/src/Illuminate/Foundation/resources/server.php(23): require_once('...')
#49 {main}

[previous exception] [object] (PDOException(code: 42S02): SQLSTATE[42S02]: Base table or view not found: 1146 Table 'proximo_estagio.modelos' doesn't exist at C:/xampp/htdocs/next-stage-completo/next-stage/vendor/laravel/framework/src/Illuminate/Database/Connection.php:420)
[stacktrace]
#0 C:/xampp/htdocs/next-stage-completo/next-stage/vendor/laravel/framework/src/Illuminate/Database/Connection.php(420): PDO->prepare()
#1 C:/xampp/htdocs/next-stage-completo/next-stage/vendor/laravel/framework/src/Illuminate/Database/Connection.php(827): Illuminate/Database/Connection->{closure:Illuminate/Database/Connection::select():411}()
#2 C:/xampp/htdocs/next-stage-completo/next-stage/vendor/laravel/framework/src/Illuminate/Database/Connection.php(794): Illuminate/Database/Connection->runQueryCallback()
#3 C:/xampp/htdocs/next-stage-completo/next-stage/vendor/laravel/framework/src/Illuminate/Database/Connection.php(411): Illuminate/Database/Connection->run()
#4 C:/xampp/htdocs/next-stage-completo/next-stage/vendor/laravel/framework/src/Illuminate/Database/Query/Builder.php(3505): Illuminate/Database/Connection->select()
#5 C:/xampp/htdocs/next-stage-completo/next-stage/vendor/laravel/framework/src/Illuminate/Database/Query/Builder.php(3490): Illuminate/Database/Query/Builder->runSelect()
#6 C:/xampp/htdocs/next-stage-completo/next-stage/vendor/laravel/framework/src/Illuminate/Database/Query/Builder.php(4080): Illuminate/Database/Query/Builder->{closure:Illuminate/Database/Query/Builder::get():3489}()
#7 C:/xampp/htdocs/next-stage-completo/next-stage/vendor/laravel/framework/src/Illuminate/Database/Query/Builder.php(3489): Illuminate/Database/Query/Builder->onceWithColumns()
#8 C:/xampp/htdocs/next-stage-completo/next-stage/app/Features/Professor/Services/ProfessorService.php(315): Illuminate/Database/Query/Builder->get()
#9 C:/xampp/htdocs/next-stage-completo/next-stage/app/Features/Professor/Controllers/ProfessorController.php(142): App/Features/Professor/Services/ProfessorService->listarModelos()
#10 C:/xampp/htdocs/next-stage-completo/next-stage/vendor/laravel/framework/src/Illuminate/Routing/Controller.php(54): App/Features/Professor/Controllers/ProfessorController->listarModelos()
#11 C:/xampp/htdocs/next-stage-completo/next-stage/vendor/laravel/framework/src/Illuminate/Routing/ControllerDispatcher.php(43): Illuminate/Routing/Controller->callAction()
#12 C:/xampp/htdocs/next-stage-completo/next-stage/vendor/laravel/framework/src/Illuminate/Routing/Route.php(265): Illuminate/Routing/ControllerDispatcher->dispatch()
#13 C:/xampp/htdocs/next-stage-completo/next-stage/vendor/laravel/framework/src/Illuminate/Routing/Route.php(211): Illuminate/Routing/Route->runController()
#14 C:/xampp/htdocs/next-stage-completo/next-stage/vendor/laravel/framework/src/Illuminate/Routing/Router.php(822): Illuminate/Routing/Route->run()
#15 C:/xampp/htdocs/next-stage-completo/next-stage/vendor/laravel/framework/src/Illuminate/Pipeline/Pipeline.php(180): Illuminate/Routing/Router->{closure:Illuminate/Routing/Router::runRouteWithinStack():821}()
#16 C:/xampp/htdocs/next-stage-completo/next-stage/app/Http/Middleware/VerificarToken.php(46): Illuminate/Pipeline/Pipeline->{closure:Illuminate/Pipeline/Pipeline::prepareDestination():178}()
#17 C:/xampp/htdocs/next-stage-completo/next-stage/vendor/laravel/framework/src/Illuminate/Pipeline/Pipeline.php(219): App/Http/Middleware/VerificarToken->handle()
#18 C:/xampp/htdocs/next-stage-completo/next-stage/vendor/laravel/framework/src/Illuminate/Routing/Middleware/SubstituteBindings.php(50): Illuminate/Pipeline/Pipeline->{closure:{closure:Illuminate/Pipeline/Pipeline::carry():194}:195}()
#19 C:/xampp/htdocs/next-stage-completo/next-stage/vendor/laravel/framework/src/Illuminate/Pipeline/Pipeline.php(219): Illuminate/Routing/Middleware/SubstituteBindings->handle()
#20 C:/xampp/htdocs/next-stage-completo/next-stage/vendor/laravel/framework/src/Illuminate/Pipeline/Pipeline.php(137): Illuminate/Pipeline/Pipeline->{closure:{closure:Illuminate/Pipeline/Pipeline::carry():194}:195}()
#21 C:/xampp/htdocs/next-stage-completo/next-stage/vendor/laravel/framework/src/Illuminate/Routing/Router.php(821): Illuminate/Pipeline/Pipeline->then()
#22 C:/xampp/htdocs/next-stage-completo/next-stage/vendor/laravel/framework/src/Illuminate/Routing/Router.php(800): Illuminate/Routing/Router->runRouteWithinStack()
#23 C:/xampp/htdocs/next-stage-completo/next-stage/vendor/laravel/framework/src/Illuminate/Routing/Router.php(764): Illuminate/Routing/Router->runRoute()
#24 C:/xampp/htdocs/next-stage-completo/next-stage/vendor/laravel/framework/src/Illuminate/Routing/Router.php(753): Illuminate/Routing/Router->dispatchToRoute()
#25 C:/xampp/htdocs/next-stage-completo/next-stage/vendor/laravel/framework/src/Illuminate/Foundation/Http/Kernel.php(200): Illuminate/Routing/Router->dispatch()
#26 C:/xampp/htdocs/next-stage-completo/next-stage/vendor/laravel/framework/src/Illuminate/Pipeline/Pipeline.php(180): Illuminate/Foundation/Http/Kernel->{closure:Illuminate/Foundation/Http/Kernel::dispatchToRouter():197}()
#27 C:/xampp/htdocs/next-stage-completo/next-stage/vendor/laravel/framework/src/Illuminate/Foundation/Http/Middleware/TransformsRequest.php(21): Illuminate/Pipeline/Pipeline->{closure:Illuminate/Pipeline/Pipeline::prepareDestination():178}()
#28 C:/xampp/htdocs/next-stage-completo/next-stage/vendor/laravel/framework/src/Illuminate/Foundation/Http/Middleware/ConvertEmptyStringsToNull.php(31): Illuminate/Foundation/Http/Middleware/TransformsRequest->handle()
#29 C:/xampp/htdocs/next-stage-completo/next-stage/vendor/laravel/framework/src/Illuminate/Pipeline/Pipeline.php(219): Illuminate/Foundation/Http/Middleware/ConvertEmptyStringsToNull->handle()
#30 C:/xampp/htdocs/next-stage-completo/next-stage/vendor/laravel/framework/src/Illuminate/Foundation/Http/Middleware/TransformsRequest.php(21): Illuminate/Pipeline/Pipeline->{closure:{closure:Illuminate/Pipeline/Pipeline::carry():194}:195}()
#31 C:/xampp/htdocs/next-stage-completo/next-stage/vendor/laravel/framework/src/Illuminate/Foundation/Http/Middleware/TrimStrings.php(51): Illuminate/Foundation/Http/Middleware/TransformsRequest->handle()
#32 C:/xampp/htdocs/next-stage-completo/next-stage/vendor/laravel/framework/src/Illuminate/Pipeline/Pipeline.php(219): Illuminate/Foundation/Http/Middleware/TrimStrings->handle()
#33 C:/xampp/htdocs/next-stage-completo/next-stage/vendor/laravel/framework/src/Illuminate/Http/Middleware/ValidatePostSize.php(27): Illuminate/Pipeline/Pipeline->{closure:{closure:Illuminate/Pipeline/Pipeline::carry():194}:195}()
#34 C:/xampp/htdocs/next-stage-completo/next-stage/vendor/laravel/framework/src/Illuminate/Pipeline/Pipeline.php(219): Illuminate/Http/Middleware/ValidatePostSize->handle()
#35 C:/xampp/htdocs/next-stage-completo/next-stage/vendor/laravel/framework/src/Illuminate/Foundation/Http/Middleware/PreventRequestsDuringMaintenance.php(109): Illuminate/Pipeline/Pipeline->{closure:{closure:Illuminate/Pipeline/Pipeline::carry():194}:195}()
#36 C:/xampp/htdocs/next-stage-completo/next-stage/vendor/laravel/framework/src/Illuminate/Pipeline/Pipeline.php(219): Illuminate/Foundation/Http/Middleware/PreventRequestsDuringMaintenance->handle()
#37 C:/xampp/htdocs/next-stage-completo/next-stage/vendor/laravel/framework/src/Illuminate/Http/Middleware/HandleCors.php(74): Illuminate/Pipeline/Pipeline->{closure:{closure:Illuminate/Pipeline/Pipeline::carry():194}:195}()
#38 C:/xampp/htdocs/next-stage-completo/next-stage/vendor/laravel/framework/src/Illuminate/Pipeline/Pipeline.php(219): Illuminate/Http/Middleware/HandleCors->handle()
#39 C:/xampp/htdocs/next-stage-completo/next-stage/vendor/laravel/framework/src/Illuminate/Http/Middleware/TrustProxies.php(58): Illuminate/Pipeline/Pipeline->{closure:{closure:Illuminate/Pipeline/Pipeline::carry():194}:195}()
#40 C:/xampp/htdocs/next-stage-completo/next-stage/vendor/laravel/framework/src/Illuminate/Pipeline/Pipeline.php(219): Illuminate/Http/Middleware/TrustProxies->handle()
#41 C:/xampp/htdocs/next-stage-completo/next-stage/vendor/laravel/framework/src/Illuminate/Foundation/Http/Middleware/InvokeDeferredCallbacks.php(22): Illuminate/Pipeline/Pipeline->{closure:{closure:Illuminate/Pipeline/Pipeline::carry():194}:195}()
#42 C:/xampp/htdocs/next-stage-completo/next-stage/vendor/laravel/framework/src/Illuminate/Pipeline/Pipeline.php(219): Illuminate/Foundation/Http/Middleware/InvokeDeferredCallbacks->handle()
#43 C:/xampp/htdocs/next-stage-completo/next-stage/vendor/laravel/framework/src/Illuminate/Http/Middleware/ValidatePathEncoding.php(26): Illuminate/Pipeline/Pipeline->{closure:{closure:Illuminate/Pipeline/Pipeline::carry():194}:195}()
#44 C:/xampp/htdocs/next-stage-completo/next-stage/vendor/laravel/framework/src/Illuminate/Pipeline/Pipeline.php(219): Illuminate/Http/Middleware/ValidatePathEncoding->handle()
#45 C:/xampp/htdocs/next-stage-completo/next-stage/vendor/laravel/framework/src/Illuminate/Pipeline/Pipeline.php(137): Illuminate/Pipeline/Pipeline->{closure:{closure:Illuminate/Pipeline/Pipeline::carry():194}:195}()
#46 C:/xampp/htdocs/next-stage-completo/next-stage/vendor/laravel/framework/src/Illuminate/Foundation/Http/Kernel.php(175): Illuminate/Pipeline/Pipeline->then()
#47 C:/xampp/htdocs/next-stage-completo/next-stage/vendor/laravel/framework/src/Illuminate/Foundation/Http/Kernel.php(144): Illuminate/Foundation/Http/Kernel->sendRequestThroughRouter()
#48 C:/xampp/htdocs/next-stage-completo/next-stage/vendor/laravel/framework/src/Illuminate/Foundation/Application.php(1220): Illuminate/Foundation/Http/Kernel->handle()
#49 C:/xampp/htdocs/next-stage-completo/next-stage/public/index.php(17): Illuminate/Foundation/Application->handleRequest()
#50 C:/xampp/htdocs/next-stage-completo/next-stage/vendor/laravel/framework/src/Illuminate/Foundation/resources/server.php(23): require_once('...')
#51 {main}
"} 
[2026-04-09 22:19:43] local.ERROR: SQLSTATE[42S02]: Base table or view not found: 1146 Table 'proximo_estagio.modelos' doesn't exist (Connection: mysql, Host: 127.0.0.1, Port: 3306, Database: proximo_estagio, SQL: select * from `modelos` where (`tipo_idtipo` = 1) limit 1) {"exception":"[object] (Illuminate\\Database\\QueryException(code: 42S02): SQLSTATE[42S02]: Base table or view not found: 1146 Table 'proximo_estagio.modelos' doesn't exist (Connection: mysql, Host: 127.0.0.1, Port: 3306, Database: proximo_estagio, SQL: select * from `modelos` where (`tipo_idtipo` = 1) limit 1) at C:/xampp/htdocs/next-stage-completo/next-stage/vendor/laravel/framework/src/Illuminate/Database/Connection.php:838)
[stacktrace]
#0 C:/xampp/htdocs/next-stage-completo/next-stage/vendor/laravel/framework/src/Illuminate/Database/Connection.php(794): Illuminate/Database/Connection->runQueryCallback()
#1 C:/xampp/htdocs/next-stage-completo/next-stage/vendor/laravel/framework/src/Illuminate/Database/Connection.php(411): Illuminate/Database/Connection->run()
#2 C:/xampp/htdocs/next-stage-completo/next-stage/vendor/laravel/framework/src/Illuminate/Database/Query/Builder.php(3505): Illuminate/Database/Connection->select()
#3 C:/xampp/htdocs/next-stage-completo/next-stage/vendor/laravel/framework/src/Illuminate/Database/Query/Builder.php(3490): Illuminate/Database/Query/Builder->runSelect()
#4 C:/xampp/htdocs/next-stage-completo/next-stage/vendor/laravel/framework/src/Illuminate/Database/Query/Builder.php(4080): Illuminate/Database/Query/Builder->{closure:Illuminate/Database/Query/Builder::get():3489}()
#5 C:/xampp/htdocs/next-stage-completo/next-stage/vendor/laravel/framework/src/Illuminate/Database/Query/Builder.php(3489): Illuminate/Database/Query/Builder->onceWithColumns()
#6 C:/xampp/htdocs/next-stage-completo/next-stage/vendor/laravel/framework/src/Illuminate/Database/Eloquent/Builder.php(902): Illuminate/Database/Query/Builder->get()
#7 C:/xampp/htdocs/next-stage-completo/next-stage/vendor/laravel/framework/src/Illuminate/Database/Eloquent/Builder.php(884): Illuminate/Database/Eloquent/Builder->getModels()
#8 C:/xampp/htdocs/next-stage-completo/next-stage/vendor/laravel/framework/src/Illuminate/Database/Concerns/BuildsQueries.php(366): Illuminate/Database/Eloquent/Builder->get()
#9 C:/xampp/htdocs/next-stage-completo/next-stage/vendor/laravel/framework/src/Illuminate/Database/Eloquent/Builder.php(708): Illuminate/Database/Eloquent/Builder->first()
#10 C:/xampp/htdocs/next-stage-completo/next-stage/vendor/laravel/framework/src/Illuminate/Database/Eloquent/Builder.php(740): Illuminate/Database/Eloquent/Builder->firstOrCreate()
#11 C:/xampp/htdocs/next-stage-completo/next-stage/vendor/laravel/framework/src/Illuminate/Support/Traits/ForwardsCalls.php(23): Illuminate/Database/Eloquent/Builder->updateOrCreate()
#12 C:/xampp/htdocs/next-stage-completo/next-stage/vendor/laravel/framework/src/Illuminate/Database/Eloquent/Model.php(2540): Illuminate/Database/Eloquent/Model->forwardCallTo()
#13 C:/xampp/htdocs/next-stage-completo/next-stage/vendor/laravel/framework/src/Illuminate/Database/Eloquent/Model.php(2556): Illuminate/Database/Eloquent/Model->__call()
#14 C:/xampp/htdocs/next-stage-completo/next-stage/app/Features/Professor/Services/ProfessorService.php(338): Illuminate/Database/Eloquent/Model::__callStatic()
#15 C:/xampp/htdocs/next-stage-completo/next-stage/app/Features/Professor/Controllers/ProfessorController.php(154): App/Features/Professor/Services/ProfessorService->uploadModelo()
#16 C:/xampp/htdocs/next-stage-completo/next-stage/vendor/laravel/framework/src/Illuminate/Routing/Controller.php(54): App/Features/Professor/Controllers/ProfessorController->uploadModelo()
#17 C:/xampp/htdocs/next-stage-completo/next-stage/vendor/laravel/framework/src/Illuminate/Routing/ControllerDispatcher.php(43): Illuminate/Routing/Controller->callAction()
#18 C:/xampp/htdocs/next-stage-completo/next-stage/vendor/laravel/framework/src/Illuminate/Routing/Route.php(265): Illuminate/Routing/ControllerDispatcher->dispatch()
#19 C:/xampp/htdocs/next-stage-completo/next-stage/vendor/laravel/framework/src/Illuminate/Routing/Route.php(211): Illuminate/Routing/Route->runController()
#20 C:/xampp/htdocs/next-stage-completo/next-stage/vendor/laravel/framework/src/Illuminate/Routing/Router.php(822): Illuminate/Routing/Route->run()
#21 C:/xampp/htdocs/next-stage-completo/next-stage/vendor/laravel/framework/src/Illuminate/Pipeline/Pipeline.php(180): Illuminate/Routing/Router->{closure:Illuminate/Routing/Router::runRouteWithinStack():821}()
#22 C:/xampp/htdocs/next-stage-completo/next-stage/app/Http/Middleware/VerificarToken.php(46): Illuminate/Pipeline/Pipeline->{closure:Illuminate/Pipeline/Pipeline::prepareDestination():178}()
#23 C:/xampp/htdocs/next-stage-completo/next-stage/vendor/laravel/framework/src/Illuminate/Pipeline/Pipeline.php(219): App/Http/Middleware/VerificarToken->handle()
#24 C:/xampp/htdocs/next-stage-completo/next-stage/vendor/laravel/framework/src/Illuminate/Routing/Middleware/SubstituteBindings.php(50): Illuminate/Pipeline/Pipeline->{closure:{closure:Illuminate/Pipeline/Pipeline::carry():194}:195}()
#25 C:/xampp/htdocs/next-stage-completo/next-stage/vendor/laravel/framework/src/Illuminate/Pipeline/Pipeline.php(219): Illuminate/Routing/Middleware/SubstituteBindings->handle()
#26 C:/xampp/htdocs/next-stage-completo/next-stage/vendor/laravel/framework/src/Illuminate/Pipeline/Pipeline.php(137): Illuminate/Pipeline/Pipeline->{closure:{closure:Illuminate/Pipeline/Pipeline::carry():194}:195}()
#27 C:/xampp/htdocs/next-stage-completo/next-stage/vendor/laravel/framework/src/Illuminate/Routing/Router.php(821): Illuminate/Pipeline/Pipeline->then()
#28 C:/xampp/htdocs/next-stage-completo/next-stage/vendor/laravel/framework/src/Illuminate/Routing/Router.php(800): Illuminate/Routing/Router->runRouteWithinStack()
#29 C:/xampp/htdocs/next-stage-completo/next-stage/vendor/laravel/framework/src/Illuminate/Routing/Router.php(764): Illuminate/Routing/Router->runRoute()
#30 C:/xampp/htdocs/next-stage-completo/next-stage/vendor/laravel/framework/src/Illuminate/Routing/Router.php(753): Illuminate/Routing/Router->dispatchToRoute()
#31 C:/xampp/htdocs/next-stage-completo/next-stage/vendor/laravel/framework/src/Illuminate/Foundation/Http/Kernel.php(200): Illuminate/Routing/Router->dispatch()
#32 C:/xampp/htdocs/next-stage-completo/next-stage/vendor/laravel/framework/src/Illuminate/Pipeline/Pipeline.php(180): Illuminate/Foundation/Http/Kernel->{closure:Illuminate/Foundation/Http/Kernel::dispatchToRouter():197}()
#33 C:/xampp/htdocs/next-stage-completo/next-stage/vendor/laravel/framework/src/Illuminate/Foundation/Http/Middleware/TransformsRequest.php(21): Illuminate/Pipeline/Pipeline->{closure:Illuminate/Pipeline/Pipeline::prepareDestination():178}()
#34 C:/xampp/htdocs/next-stage-completo/next-stage/vendor/laravel/framework/src/Illuminate/Foundation/Http/Middleware/ConvertEmptyStringsToNull.php(31): Illuminate/Foundation/Http/Middleware/TransformsRequest->handle()
#35 C:/xampp/htdocs/next-stage-completo/next-stage/vendor/laravel/framework/src/Illuminate/Pipeline/Pipeline.php(219): Illuminate/Foundation/Http/Middleware/ConvertEmptyStringsToNull->handle()
#36 C:/xampp/htdocs/next-stage-completo/next-stage/vendor/laravel/framework/src/Illuminate/Foundation/Http/Middleware/TransformsRequest.php(21): Illuminate/Pipeline/Pipeline->{closure:{closure:Illuminate/Pipeline/Pipeline::carry():194}:195}()
#37 C:/xampp/htdocs/next-stage-completo/next-stage/vendor/laravel/framework/src/Illuminate/Foundation/Http/Middleware/TrimStrings.php(51): Illuminate/Foundation/Http/Middleware/TransformsRequest->handle()
#38 C:/xampp/htdocs/next-stage-completo/next-stage/vendor/laravel/framework/src/Illuminate/Pipeline/Pipeline.php(219): Illuminate/Foundation/Http/Middleware/TrimStrings->handle()
#39 C:/xampp/htdocs/next-stage-completo/next-stage/vendor/laravel/framework/src/Illuminate/Http/Middleware/ValidatePostSize.php(27): Illuminate/Pipeline/Pipeline->{closure:{closure:Illuminate/Pipeline/Pipeline::carry():194}:195}()
#40 C:/xampp/htdocs/next-stage-completo/next-stage/vendor/laravel/framework/src/Illuminate/Pipeline/Pipeline.php(219): Illuminate/Http/Middleware/ValidatePostSize->handle()
#41 C:/xampp/htdocs/next-stage-completo/next-stage/vendor/laravel/framework/src/Illuminate/Foundation/Http/Middleware/PreventRequestsDuringMaintenance.php(109): Illuminate/Pipeline/Pipeline->{closure:{closure:Illuminate/Pipeline/Pipeline::carry():194}:195}()
#42 C:/xampp/htdocs/next-stage-completo/next-stage/vendor/laravel/framework/src/Illuminate/Pipeline/Pipeline.php(219): Illuminate/Foundation/Http/Middleware/PreventRequestsDuringMaintenance->handle()
#43 C:/xampp/htdocs/next-stage-completo/next-stage/vendor/laravel/framework/src/Illuminate/Http/Middleware/HandleCors.php(74): Illuminate/Pipeline/Pipeline->{closure:{closure:Illuminate/Pipeline/Pipeline::carry():194}:195}()
#44 C:/xampp/htdocs/next-stage-completo/next-stage/vendor/laravel/framework/src/Illuminate/Pipeline/Pipeline.php(219): Illuminate/Http/Middleware/HandleCors->handle()
#45 C:/xampp/htdocs/next-stage-completo/next-stage/vendor/laravel/framework/src/Illuminate/Http/Middleware/TrustProxies.php(58): Illuminate/Pipeline/Pipeline->{closure:{closure:Illuminate/Pipeline/Pipeline::carry():194}:195}()
#46 C:/xampp/htdocs/next-stage-completo/next-stage/vendor/laravel/framework/src/Illuminate/Pipeline/Pipeline.php(219): Illuminate/Http/Middleware/TrustProxies->handle()
#47 C:/xampp/htdocs/next-stage-completo/next-stage/vendor/laravel/framework/src/Illuminate/Foundation/Http/Middleware/InvokeDeferredCallbacks.php(22): Illuminate/Pipeline/Pipeline->{closure:{closure:Illuminate/Pipeline/Pipeline::carry():194}:195}()
#48 C:/xampp/htdocs/next-stage-completo/next-stage/vendor/laravel/framework/src/Illuminate/Pipeline/Pipeline.php(219): Illuminate/Foundation/Http/Middleware/InvokeDeferredCallbacks->handle()
#49 C:/xampp/htdocs/next-stage-completo/next-stage/vendor/laravel/framework/src/Illuminate/Http/Middleware/ValidatePathEncoding.php(26): Illuminate/Pipeline/Pipeline->{closure:{closure:Illuminate/Pipeline/Pipeline::carry():194}:195}()
#50 C:/xampp/htdocs/next-stage-completo/next-stage/vendor/laravel/framework/src/Illuminate/Pipeline/Pipeline.php(219): Illuminate/Http/Middleware/ValidatePathEncoding->handle()
#51 C:/xampp/htdocs/next-stage-completo/next-stage/vendor/laravel/framework/src/Illuminate/Pipeline/Pipeline.php(137): Illuminate/Pipeline/Pipeline->{closure:{closure:Illuminate/Pipeline/Pipeline::carry():194}:195}()
#52 C:/xampp/htdocs/next-stage-completo/next-stage/vendor/laravel/framework/src/Illuminate/Foundation/Http/Kernel.php(175): Illuminate/Pipeline/Pipeline->then()
#53 C:/xampp/htdocs/next-stage-completo/next-stage/vendor/laravel/framework/src/Illuminate/Foundation/Http/Kernel.php(144): Illuminate/Foundation/Http/Kernel->sendRequestThroughRouter()
#54 C:/xampp/htdocs/next-stage-completo/next-stage/vendor/laravel/framework/src/Illuminate/Foundation/Application.php(1220): Illuminate/Foundation/Http/Kernel->handle()
#55 C:/xampp/htdocs/next-stage-completo/next-stage/public/index.php(17): Illuminate/Foundation/Application->handleRequest()
#56 C:/xampp/htdocs/next-stage-completo/next-stage/vendor/laravel/framework/src/Illuminate/Foundation/resources/server.php(23): require_once('...')
#57 {main}

[previous exception] [object] (PDOException(code: 42S02): SQLSTATE[42S02]: Base table or view not found: 1146 Table 'proximo_estagio.modelos' doesn't exist at C:/xampp/htdocs/next-stage-completo/next-stage/vendor/laravel/framework/src/Illuminate/Database/Connection.php:420)
[stacktrace]
#0 C:/xampp/htdocs/next-stage-completo/next-stage/vendor/laravel/framework/src/Illuminate/Database/Connection.php(420): PDO->prepare()
#1 C:/xampp/htdocs/next-stage-completo/next-stage/vendor/laravel/framework/src/Illuminate/Database/Connection.php(827): Illuminate/Database/Connection->{closure:Illuminate/Database/Connection::select():411}()
#2 C:/xampp/htdocs/next-stage-completo/next-stage/vendor/laravel/framework/src/Illuminate/Database/Connection.php(794): Illuminate/Database/Connection->runQueryCallback()
#3 C:/xampp/htdocs/next-stage-completo/next-stage/vendor/laravel/framework/src/Illuminate/Database/Connection.php(411): Illuminate/Database/Connection->run()
#4 C:/xampp/htdocs/next-stage-completo/next-stage/vendor/laravel/framework/src/Illuminate/Database/Query/Builder.php(3505): Illuminate/Database/Connection->select()
#5 C:/xampp/htdocs/next-stage-completo/next-stage/vendor/laravel/framework/src/Illuminate/Database/Query/Builder.php(3490): Illuminate/Database/Query/Builder->runSelect()
#6 C:/xampp/htdocs/next-stage-completo/next-stage/vendor/laravel/framework/src/Illuminate/Database/Query/Builder.php(4080): Illuminate/Database/Query/Builder->{closure:Illuminate/Database/Query/Builder::get():3489}()
#7 C:/xampp/htdocs/next-stage-completo/next-stage/vendor/laravel/framework/src/Illuminate/Database/Query/Builder.php(3489): Illuminate/Database/Query/Builder->onceWithColumns()
#8 C:/xampp/htdocs/next-stage-completo/next-stage/vendor/laravel/framework/src/Illuminate/Database/Eloquent/Builder.php(902): Illuminate/Database/Query/Builder->get()
#9 C:/xampp/htdocs/next-stage-completo/next-stage/vendor/laravel/framework/src/Illuminate/Database/Eloquent/Builder.php(884): Illuminate/Database/Eloquent/Builder->getModels()
#10 C:/xampp/htdocs/next-stage-completo/next-stage/vendor/laravel/framework/src/Illuminate/Database/Concerns/BuildsQueries.php(366): Illuminate/Database/Eloquent/Builder->get()
#11 C:/xampp/htdocs/next-stage-completo/next-stage/vendor/laravel/framework/src/Illuminate/Database/Eloquent/Builder.php(708): Illuminate/Database/Eloquent/Builder->first()
#12 C:/xampp/htdocs/next-stage-completo/next-stage/vendor/laravel/framework/src/Illuminate/Database/Eloquent/Builder.php(740): Illuminate/Database/Eloquent/Builder->firstOrCreate()
#13 C:/xampp/htdocs/next-stage-completo/next-stage/vendor/laravel/framework/src/Illuminate/Support/Traits/ForwardsCalls.php(23): Illuminate/Database/Eloquent/Builder->updateOrCreate()
#14 C:/xampp/htdocs/next-stage-completo/next-stage/vendor/laravel/framework/src/Illuminate/Database/Eloquent/Model.php(2540): Illuminate/Database/Eloquent/Model->forwardCallTo()
#15 C:/xampp/htdocs/next-stage-completo/next-stage/vendor/laravel/framework/src/Illuminate/Database/Eloquent/Model.php(2556): Illuminate/Database/Eloquent/Model->__call()
#16 C:/xampp/htdocs/next-stage-completo/next-stage/app/Features/Professor/Services/ProfessorService.php(338): Illuminate/Database/Eloquent/Model::__callStatic()
#17 C:/xampp/htdocs/next-stage-completo/next-stage/app/Features/Professor/Controllers/ProfessorController.php(154): App/Features/Professor/Services/ProfessorService->uploadModelo()
#18 C:/xampp/htdocs/next-stage-completo/next-stage/vendor/laravel/framework/src/Illuminate/Routing/Controller.php(54): App/Features/Professor/Controllers/ProfessorController->uploadModelo()
#19 C:/xampp/htdocs/next-stage-completo/next-stage/vendor/laravel/framework/src/Illuminate/Routing/ControllerDispatcher.php(43): Illuminate/Routing/Controller->callAction()
#20 C:/xampp/htdocs/next-stage-completo/next-stage/vendor/laravel/framework/src/Illuminate/Routing/Route.php(265): Illuminate/Routing/ControllerDispatcher->dispatch()
#21 C:/xampp/htdocs/next-stage-completo/next-stage/vendor/laravel/framework/src/Illuminate/Routing/Route.php(211): Illuminate/Routing/Route->runController()
#22 C:/xampp/htdocs/next-stage-completo/next-stage/vendor/laravel/framework/src/Illuminate/Routing/Router.php(822): Illuminate/Routing/Route->run()
#23 C:/xampp/htdocs/next-stage-completo/next-stage/vendor/laravel/framework/src/Illuminate/Pipeline/Pipeline.php(180): Illuminate/Routing/Router->{closure:Illuminate/Routing/Router::runRouteWithinStack():821}()
#24 C:/xampp/htdocs/next-stage-completo/next-stage/app/Http/Middleware/VerificarToken.php(46): Illuminate/Pipeline/Pipeline->{closure:Illuminate/Pipeline/Pipeline::prepareDestination():178}()
#25 C:/xampp/htdocs/next-stage-completo/next-stage/vendor/laravel/framework/src/Illuminate/Pipeline/Pipeline.php(219): App/Http/Middleware/VerificarToken->handle()
#26 C:/xampp/htdocs/next-stage-completo/next-stage/vendor/laravel/framework/src/Illuminate/Routing/Middleware/SubstituteBindings.php(50): Illuminate/Pipeline/Pipeline->{closure:{closure:Illuminate/Pipeline/Pipeline::carry():194}:195}()
#27 C:/xampp/htdocs/next-stage-completo/next-stage/vendor/laravel/framework/src/Illuminate/Pipeline/Pipeline.php(219): Illuminate/Routing/Middleware/SubstituteBindings->handle()
#28 C:/xampp/htdocs/next-stage-completo/next-stage/vendor/laravel/framework/src/Illuminate/Pipeline/Pipeline.php(137): Illuminate/Pipeline/Pipeline->{closure:{closure:Illuminate/Pipeline/Pipeline::carry():194}:195}()
#29 C:/xampp/htdocs/next-stage-completo/next-stage/vendor/laravel/framework/src/Illuminate/Routing/Router.php(821): Illuminate/Pipeline/Pipeline->then()
#30 C:/xampp/htdocs/next-stage-completo/next-stage/vendor/laravel/framework/src/Illuminate/Routing/Router.php(800): Illuminate/Routing/Router->runRouteWithinStack()
#31 C:/xampp/htdocs/next-stage-completo/next-stage/vendor/laravel/framework/src/Illuminate/Routing/Router.php(764): Illuminate/Routing/Router->runRoute()
#32 C:/xampp/htdocs/next-stage-completo/next-stage/vendor/laravel/framework/src/Illuminate/Routing/Router.php(753): Illuminate/Routing/Router->dispatchToRoute()
#33 C:/xampp/htdocs/next-stage-completo/next-stage/vendor/laravel/framework/src/Illuminate/Foundation/Http/Kernel.php(200): Illuminate/Routing/Router->dispatch()
#34 C:/xampp/htdocs/next-stage-completo/next-stage/vendor/laravel/framework/src/Illuminate/Pipeline/Pipeline.php(180): Illuminate/Foundation/Http/Kernel->{closure:Illuminate/Foundation/Http/Kernel::dispatchToRouter():197}()
#35 C:/xampp/htdocs/next-stage-completo/next-stage/vendor/laravel/framework/src/Illuminate/Foundation/Http/Middleware/TransformsRequest.php(21): Illuminate/Pipeline/Pipeline->{closure:Illuminate/Pipeline/Pipeline::prepareDestination():178}()
#36 C:/xampp/htdocs/next-stage-completo/next-stage/vendor/laravel/framework/src/Illuminate/Foundation/Http/Middleware/ConvertEmptyStringsToNull.php(31): Illuminate/Foundation/Http/Middleware/TransformsRequest->handle()
#37 C:/xampp/htdocs/next-stage-completo/next-stage/vendor/laravel/framework/src/Illuminate/Pipeline/Pipeline.php(219): Illuminate/Foundation/Http/Middleware/ConvertEmptyStringsToNull->handle()
#38 C:/xampp/htdocs/next-stage-completo/next-stage/vendor/laravel/framework/src/Illuminate/Foundation/Http/Middleware/TransformsRequest.php(21): Illuminate/Pipeline/Pipeline->{closure:{closure:Illuminate/Pipeline/Pipeline::carry():194}:195}()
#39 C:/xampp/htdocs/next-stage-completo/next-stage/vendor/laravel/framework/src/Illuminate/Foundation/Http/Middleware/TrimStrings.php(51): Illuminate/Foundation/Http/Middleware/TransformsRequest->handle()
#40 C:/xampp/htdocs/next-stage-completo/next-stage/vendor/laravel/framework/src/Illuminate/Pipeline/Pipeline.php(219): Illuminate/Foundation/Http/Middleware/TrimStrings->handle()
#41 C:/xampp/htdocs/next-stage-completo/next-stage/vendor/laravel/framework/src/Illuminate/Http/Middleware/ValidatePostSize.php(27): Illuminate/Pipeline/Pipeline->{closure:{closure:Illuminate/Pipeline/Pipeline::carry():194}:195}()
#42 C:/xampp/htdocs/next-stage-completo/next-stage/vendor/laravel/framework/src/Illuminate/Pipeline/Pipeline.php(219): Illuminate/Http/Middleware/ValidatePostSize->handle()
#43 C:/xampp/htdocs/next-stage-completo/next-stage/vendor/laravel/framework/src/Illuminate/Foundation/Http/Middleware/PreventRequestsDuringMaintenance.php(109): Illuminate/Pipeline/Pipeline->{closure:{closure:Illuminate/Pipeline/Pipeline::carry():194}:195}()
#44 C:/xampp/htdocs/next-stage-completo/next-stage/vendor/laravel/framework/src/Illuminate/Pipeline/Pipeline.php(219): Illuminate/Foundation/Http/Middleware/PreventRequestsDuringMaintenance->handle()
#45 C:/xampp/htdocs/next-stage-completo/next-stage/vendor/laravel/framework/src/Illuminate/Http/Middleware/HandleCors.php(74): Illuminate/Pipeline/Pipeline->{closure:{closure:Illuminate/Pipeline/Pipeline::carry():194}:195}()
#46 C:/xampp/htdocs/next-stage-completo/next-stage/vendor/laravel/framework/src/Illuminate/Pipeline/Pipeline.php(219): Illuminate/Http/Middleware/HandleCors->handle()
#47 C:/xampp/htdocs/next-stage-completo/next-stage/vendor/laravel/framework/src/Illuminate/Http/Middleware/TrustProxies.php(58): Illuminate/Pipeline/Pipeline->{closure:{closure:Illuminate/Pipeline/Pipeline::carry():194}:195}()
#48 C:/xampp/htdocs/next-stage-completo/next-stage/vendor/laravel/framework/src/Illuminate/Pipeline/Pipeline.php(219): Illuminate/Http/Middleware/TrustProxies->handle()
#49 C:/xampp/htdocs/next-stage-completo/next-stage/vendor/laravel/framework/src/Illuminate/Foundation/Http/Middleware/InvokeDeferredCallbacks.php(22): Illuminate/Pipeline/Pipeline->{closure:{closure:Illuminate/Pipeline/Pipeline::carry():194}:195}()
#50 C:/xampp/htdocs/next-stage-completo/next-stage/vendor/laravel/framework/src/Illuminate/Pipeline/Pipeline.php(219): Illuminate/Foundation/Http/Middleware/InvokeDeferredCallbacks->handle()
#51 C:/xampp/htdocs/next-stage-completo/next-stage/vendor/laravel/framework/src/Illuminate/Http/Middleware/ValidatePathEncoding.php(26): Illuminate/Pipeline/Pipeline->{closure:{closure:Illuminate/Pipeline/Pipeline::carry():194}:195}()
#52 C:/xampp/htdocs/next-stage-completo/next-stage/vendor/laravel/framework/src/Illuminate/Pipeline/Pipeline.php(219): Illuminate/Http/Middleware/ValidatePathEncoding->handle()
#53 C:/xampp/htdocs/next-stage-completo/next-stage/vendor/laravel/framework/src/Illuminate/Pipeline/Pipeline.php(137): Illuminate/Pipeline/Pipeline->{closure:{closure:Illuminate/Pipeline/Pipeline::carry():194}:195}()
#54 C:/xampp/htdocs/next-stage-completo/next-stage/vendor/laravel/framework/src/Illuminate/Foundation/Http/Kernel.php(175): Illuminate/Pipeline/Pipeline->then()
#55 C:/xampp/htdocs/next-stage-completo/next-stage/vendor/laravel/framework/src/Illuminate/Foundation/Http/Kernel.php(144): Illuminate/Foundation/Http/Kernel->sendRequestThroughRouter()
#56 C:/xampp/htdocs/next-stage-completo/next-stage/vendor/laravel/framework/src/Illuminate/Foundation/Application.php(1220): Illuminate/Foundation/Http/Kernel->handle()
#57 C:/xampp/htdocs/next-stage-completo/next-stage/public/index.php(17): Illuminate/Foundation/Application->handleRequest()
#58 C:/xampp/htdocs/next-stage-completo/next-stage/vendor/laravel/framework/src/Illuminate/Foundation/resources/server.php(23): require_once('...')
#59 {main}
"} 
[2026-04-09 22:35:40] local.ERROR: App\Features\Professor\Services\ProfessorService::atualizarStatus(): Argument #5 ($feedback) must be of type string, null given, called in C:\xampp\htdocs\next-stage-completo\next-stage\app\Features\Professor\Controllers\ProfessorController.php on line 101 {"exception":"[object] (TypeError(code: 0): App\\Features\\Professor\\Services\\ProfessorService::atualizarStatus(): Argument #5 ($feedback) must be of type string, null given, called in C:\\xampp\\htdocs\\next-stage-completo\\next-stage\\app\\Features\\Professor\\Controllers\\ProfessorController.php on line 101 at C:/xampp/htdocs/next-stage-completo/next-stage/app/Features/Professor/Services/ProfessorService.php:149)
[stacktrace]
#0 C:/xampp/htdocs/next-stage-completo/next-stage/app/Features/Professor/Controllers/ProfessorController.php(101): App/Features/Professor/Services/ProfessorService->atualizarStatus()
#1 C:/xampp/htdocs/next-stage-completo/next-stage/vendor/laravel/framework/src/Illuminate/Routing/Controller.php(54): App/Features/Professor/Controllers/ProfessorController->atualizarStatus()
#2 C:/xampp/htdocs/next-stage-completo/next-stage/vendor/laravel/framework/src/Illuminate/Routing/ControllerDispatcher.php(43): Illuminate/Routing/Controller->callAction()
#3 C:/xampp/htdocs/next-stage-completo/next-stage/vendor/laravel/framework/src/Illuminate/Routing/Route.php(265): Illuminate/Routing/ControllerDispatcher->dispatch()
#4 C:/xampp/htdocs/next-stage-completo/next-stage/vendor/laravel/framework/src/Illuminate/Routing/Route.php(211): Illuminate/Routing/Route->runController()
#5 C:/xampp/htdocs/next-stage-completo/next-stage/vendor/laravel/framework/src/Illuminate/Routing/Router.php(822): Illuminate/Routing/Route->run()
#6 C:/xampp/htdocs/next-stage-completo/next-stage/vendor/laravel/framework/src/Illuminate/Pipeline/Pipeline.php(180): Illuminate/Routing/Router->{closure:Illuminate/Routing/Router::runRouteWithinStack():821}()
#7 C:/xampp/htdocs/next-stage-completo/next-stage/app/Http/Middleware/VerificarToken.php(46): Illuminate/Pipeline/Pipeline->{closure:Illuminate/Pipeline/Pipeline::prepareDestination():178}()
#8 C:/xampp/htdocs/next-stage-completo/next-stage/vendor/laravel/framework/src/Illuminate/Pipeline/Pipeline.php(219): App/Http/Middleware/VerificarToken->handle()
#9 C:/xampp/htdocs/next-stage-completo/next-stage/vendor/laravel/framework/src/Illuminate/Routing/Middleware/SubstituteBindings.php(50): Illuminate/Pipeline/Pipeline->{closure:{closure:Illuminate/Pipeline/Pipeline::carry():194}:195}()
#10 C:/xampp/htdocs/next-stage-completo/next-stage/vendor/laravel/framework/src/Illuminate/Pipeline/Pipeline.php(219): Illuminate/Routing/Middleware/SubstituteBindings->handle()
#11 C:/xampp/htdocs/next-stage-completo/next-stage/vendor/laravel/framework/src/Illuminate/Pipeline/Pipeline.php(137): Illuminate/Pipeline/Pipeline->{closure:{closure:Illuminate/Pipeline/Pipeline::carry():194}:195}()
#12 C:/xampp/htdocs/next-stage-completo/next-stage/vendor/laravel/framework/src/Illuminate/Routing/Router.php(821): Illuminate/Pipeline/Pipeline->then()
#13 C:/xampp/htdocs/next-stage-completo/next-stage/vendor/laravel/framework/src/Illuminate/Routing/Router.php(800): Illuminate/Routing/Router->runRouteWithinStack()
#14 C:/xampp/htdocs/next-stage-completo/next-stage/vendor/laravel/framework/src/Illuminate/Routing/Router.php(764): Illuminate/Routing/Router->runRoute()
#15 C:/xampp/htdocs/next-stage-completo/next-stage/vendor/laravel/framework/src/Illuminate/Routing/Router.php(753): Illuminate/Routing/Router->dispatchToRoute()
#16 C:/xampp/htdocs/next-stage-completo/next-stage/vendor/laravel/framework/src/Illuminate/Foundation/Http/Kernel.php(200): Illuminate/Routing/Router->dispatch()
#17 C:/xampp/htdocs/next-stage-completo/next-stage/vendor/laravel/framework/src/Illuminate/Pipeline/Pipeline.php(180): Illuminate/Foundation/Http/Kernel->{closure:Illuminate/Foundation/Http/Kernel::dispatchToRouter():197}()
#18 C:/xampp/htdocs/next-stage-completo/next-stage/vendor/laravel/framework/src/Illuminate/Foundation/Http/Middleware/TransformsRequest.php(21): Illuminate/Pipeline/Pipeline->{closure:Illuminate/Pipeline/Pipeline::prepareDestination():178}()
#19 C:/xampp/htdocs/next-stage-completo/next-stage/vendor/laravel/framework/src/Illuminate/Foundation/Http/Middleware/ConvertEmptyStringsToNull.php(31): Illuminate/Foundation/Http/Middleware/TransformsRequest->handle()
#20 C:/xampp/htdocs/next-stage-completo/next-stage/vendor/laravel/framework/src/Illuminate/Pipeline/Pipeline.php(219): Illuminate/Foundation/Http/Middleware/ConvertEmptyStringsToNull->handle()
#21 C:/xampp/htdocs/next-stage-completo/next-stage/vendor/laravel/framework/src/Illuminate/Foundation/Http/Middleware/TransformsRequest.php(21): Illuminate/Pipeline/Pipeline->{closure:{closure:Illuminate/Pipeline/Pipeline::carry():194}:195}()
#22 C:/xampp/htdocs/next-stage-completo/next-stage/vendor/laravel/framework/src/Illuminate/Foundation/Http/Middleware/TrimStrings.php(51): Illuminate/Foundation/Http/Middleware/TransformsRequest->handle()
#23 C:/xampp/htdocs/next-stage-completo/next-stage/vendor/laravel/framework/src/Illuminate/Pipeline/Pipeline.php(219): Illuminate/Foundation/Http/Middleware/TrimStrings->handle()
#24 C:/xampp/htdocs/next-stage-completo/next-stage/vendor/laravel/framework/src/Illuminate/Http/Middleware/ValidatePostSize.php(27): Illuminate/Pipeline/Pipeline->{closure:{closure:Illuminate/Pipeline/Pipeline::carry():194}:195}()
#25 C:/xampp/htdocs/next-stage-completo/next-stage/vendor/laravel/framework/src/Illuminate/Pipeline/Pipeline.php(219): Illuminate/Http/Middleware/ValidatePostSize->handle()
#26 C:/xampp/htdocs/next-stage-completo/next-stage/vendor/laravel/framework/src/Illuminate/Foundation/Http/Middleware/PreventRequestsDuringMaintenance.php(109): Illuminate/Pipeline/Pipeline->{closure:{closure:Illuminate/Pipeline/Pipeline::carry():194}:195}()
#27 C:/xampp/htdocs/next-stage-completo/next-stage/vendor/laravel/framework/src/Illuminate/Pipeline/Pipeline.php(219): Illuminate/Foundation/Http/Middleware/PreventRequestsDuringMaintenance->handle()
#28 C:/xampp/htdocs/next-stage-completo/next-stage/vendor/laravel/framework/src/Illuminate/Http/Middleware/HandleCors.php(74): Illuminate/Pipeline/Pipeline->{closure:{closure:Illuminate/Pipeline/Pipeline::carry():194}:195}()
#29 C:/xampp/htdocs/next-stage-completo/next-stage/vendor/laravel/framework/src/Illuminate/Pipeline/Pipeline.php(219): Illuminate/Http/Middleware/HandleCors->handle()
#30 C:/xampp/htdocs/next-stage-completo/next-stage/vendor/laravel/framework/src/Illuminate/Http/Middleware/TrustProxies.php(58): Illuminate/Pipeline/Pipeline->{closure:{closure:Illuminate/Pipeline/Pipeline::carry():194}:195}()
#31 C:/xampp/htdocs/next-stage-completo/next-stage/vendor/laravel/framework/src/Illuminate/Pipeline/Pipeline.php(219): Illuminate/Http/Middleware/TrustProxies->handle()
#32 C:/xampp/htdocs/next-stage-completo/next-stage/vendor/laravel/framework/src/Illuminate/Foundation/Http/Middleware/InvokeDeferredCallbacks.php(22): Illuminate/Pipeline/Pipeline->{closure:{closure:Illuminate/Pipeline/Pipeline::carry():194}:195}()
#33 C:/xampp/htdocs/next-stage-completo/next-stage/vendor/laravel/framework/src/Illuminate/Pipeline/Pipeline.php(219): Illuminate/Foundation/Http/Middleware/InvokeDeferredCallbacks->handle()
#34 C:/xampp/htdocs/next-stage-completo/next-stage/vendor/laravel/framework/src/Illuminate/Http/Middleware/ValidatePathEncoding.php(26): Illuminate/Pipeline/Pipeline->{closure:{closure:Illuminate/Pipeline/Pipeline::carry():194}:195}()
#35 C:/xampp/htdocs/next-stage-completo/next-stage/vendor/laravel/framework/src/Illuminate/Pipeline/Pipeline.php(219): Illuminate/Http/Middleware/ValidatePathEncoding->handle()
#36 C:/xampp/htdocs/next-stage-completo/next-stage/vendor/laravel/framework/src/Illuminate/Pipeline/Pipeline.php(137): Illuminate/Pipeline/Pipeline->{closure:{closure:Illuminate/Pipeline/Pipeline::carry():194}:195}()
#37 C:/xampp/htdocs/next-stage-completo/next-stage/vendor/laravel/framework/src/Illuminate/Foundation/Http/Kernel.php(175): Illuminate/Pipeline/Pipeline->then()
#38 C:/xampp/htdocs/next-stage-completo/next-stage/vendor/laravel/framework/src/Illuminate/Foundation/Http/Kernel.php(144): Illuminate/Foundation/Http/Kernel->sendRequestThroughRouter()
#39 C:/xampp/htdocs/next-stage-completo/next-stage/vendor/laravel/framework/src/Illuminate/Foundation/Application.php(1220): Illuminate/Foundation/Http/Kernel->handle()
#40 C:/xampp/htdocs/next-stage-completo/next-stage/public/index.php(17): Illuminate/Foundation/Application->handleRequest()
#41 C:/xampp/htdocs/next-stage-completo/next-stage/vendor/laravel/framework/src/Illuminate/Foundation/resources/server.php(23): require_once('...')
#42 {main}
"} 
[2026-04-09 22:40:20] local.ERROR: App\Features\Professor\Services\ProfessorService::atualizarStatus(): Argument #5 ($feedback) must be of type string, null given, called in C:\xampp\htdocs\next-stage-completo\next-stage\app\Features\Professor\Controllers\ProfessorController.php on line 101 {"exception":"[object] (TypeError(code: 0): App\\Features\\Professor\\Services\\ProfessorService::atualizarStatus(): Argument #5 ($feedback) must be of type string, null given, called in C:\\xampp\\htdocs\\next-stage-completo\\next-stage\\app\\Features\\Professor\\Controllers\\ProfessorController.php on line 101 at C:/xampp/htdocs/next-stage-completo/next-stage/app/Features/Professor/Services/ProfessorService.php:149)
[stacktrace]
#0 C:/xampp/htdocs/next-stage-completo/next-stage/app/Features/Professor/Controllers/ProfessorController.php(101): App/Features/Professor/Services/ProfessorService->atualizarStatus()
#1 C:/xampp/htdocs/next-stage-completo/next-stage/vendor/laravel/framework/src/Illuminate/Routing/Controller.php(54): App/Features/Professor/Controllers/ProfessorController->atualizarStatus()
#2 C:/xampp/htdocs/next-stage-completo/next-stage/vendor/laravel/framework/src/Illuminate/Routing/ControllerDispatcher.php(43): Illuminate/Routing/Controller->callAction()
#3 C:/xampp/htdocs/next-stage-completo/next-stage/vendor/laravel/framework/src/Illuminate/Routing/Route.php(265): Illuminate/Routing/ControllerDispatcher->dispatch()
#4 C:/xampp/htdocs/next-stage-completo/next-stage/vendor/laravel/framework/src/Illuminate/Routing/Route.php(211): Illuminate/Routing/Route->runController()
#5 C:/xampp/htdocs/next-stage-completo/next-stage/vendor/laravel/framework/src/Illuminate/Routing/Router.php(822): Illuminate/Routing/Route->run()
#6 C:/xampp/htdocs/next-stage-completo/next-stage/vendor/laravel/framework/src/Illuminate/Pipeline/Pipeline.php(180): Illuminate/Routing/Router->{closure:Illuminate/Routing/Router::runRouteWithinStack():821}()
#7 C:/xampp/htdocs/next-stage-completo/next-stage/app/Http/Middleware/VerificarToken.php(46): Illuminate/Pipeline/Pipeline->{closure:Illuminate/Pipeline/Pipeline::prepareDestination():178}()
#8 C:/xampp/htdocs/next-stage-completo/next-stage/vendor/laravel/framework/src/Illuminate/Pipeline/Pipeline.php(219): App/Http/Middleware/VerificarToken->handle()
#9 C:/xampp/htdocs/next-stage-completo/next-stage/vendor/laravel/framework/src/Illuminate/Routing/Middleware/SubstituteBindings.php(50): Illuminate/Pipeline/Pipeline->{closure:{closure:Illuminate/Pipeline/Pipeline::carry():194}:195}()
#10 C:/xampp/htdocs/next-stage-completo/next-stage/vendor/laravel/framework/src/Illuminate/Pipeline/Pipeline.php(219): Illuminate/Routing/Middleware/SubstituteBindings->handle()
#11 C:/xampp/htdocs/next-stage-completo/next-stage/vendor/laravel/framework/src/Illuminate/Pipeline/Pipeline.php(137): Illuminate/Pipeline/Pipeline->{closure:{closure:Illuminate/Pipeline/Pipeline::carry():194}:195}()
#12 C:/xampp/htdocs/next-stage-completo/next-stage/vendor/laravel/framework/src/Illuminate/Routing/Router.php(821): Illuminate/Pipeline/Pipeline->then()
#13 C:/xampp/htdocs/next-stage-completo/next-stage/vendor/laravel/framework/src/Illuminate/Routing/Router.php(800): Illuminate/Routing/Router->runRouteWithinStack()
#14 C:/xampp/htdocs/next-stage-completo/next-stage/vendor/laravel/framework/src/Illuminate/Routing/Router.php(764): Illuminate/Routing/Router->runRoute()
#15 C:/xampp/htdocs/next-stage-completo/next-stage/vendor/laravel/framework/src/Illuminate/Routing/Router.php(753): Illuminate/Routing/Router->dispatchToRoute()
#16 C:/xampp/htdocs/next-stage-completo/next-stage/vendor/laravel/framework/src/Illuminate/Foundation/Http/Kernel.php(200): Illuminate/Routing/Router->dispatch()
#17 C:/xampp/htdocs/next-stage-completo/next-stage/vendor/laravel/framework/src/Illuminate/Pipeline/Pipeline.php(180): Illuminate/Foundation/Http/Kernel->{closure:Illuminate/Foundation/Http/Kernel::dispatchToRouter():197}()
#18 C:/xampp/htdocs/next-stage-completo/next-stage/vendor/laravel/framework/src/Illuminate/Foundation/Http/Middleware/TransformsRequest.php(21): Illuminate/Pipeline/Pipeline->{closure:Illuminate/Pipeline/Pipeline::prepareDestination():178}()
#19 C:/xampp/htdocs/next-stage-completo/next-stage/vendor/laravel/framework/src/Illuminate/Foundation/Http/Middleware/ConvertEmptyStringsToNull.php(31): Illuminate/Foundation/Http/Middleware/TransformsRequest->handle()
#20 C:/xampp/htdocs/next-stage-completo/next-stage/vendor/laravel/framework/src/Illuminate/Pipeline/Pipeline.php(219): Illuminate/Foundation/Http/Middleware/ConvertEmptyStringsToNull->handle()
#21 C:/xampp/htdocs/next-stage-completo/next-stage/vendor/laravel/framework/src/Illuminate/Foundation/Http/Middleware/TransformsRequest.php(21): Illuminate/Pipeline/Pipeline->{closure:{closure:Illuminate/Pipeline/Pipeline::carry():194}:195}()
#22 C:/xampp/htdocs/next-stage-completo/next-stage/vendor/laravel/framework/src/Illuminate/Foundation/Http/Middleware/TrimStrings.php(51): Illuminate/Foundation/Http/Middleware/TransformsRequest->handle()
#23 C:/xampp/htdocs/next-stage-completo/next-stage/vendor/laravel/framework/src/Illuminate/Pipeline/Pipeline.php(219): Illuminate/Foundation/Http/Middleware/TrimStrings->handle()
#24 C:/xampp/htdocs/next-stage-completo/next-stage/vendor/laravel/framework/src/Illuminate/Http/Middleware/ValidatePostSize.php(27): Illuminate/Pipeline/Pipeline->{closure:{closure:Illuminate/Pipeline/Pipeline::carry():194}:195}()
#25 C:/xampp/htdocs/next-stage-completo/next-stage/vendor/laravel/framework/src/Illuminate/Pipeline/Pipeline.php(219): Illuminate/Http/Middleware/ValidatePostSize->handle()
#26 C:/xampp/htdocs/next-stage-completo/next-stage/vendor/laravel/framework/src/Illuminate/Foundation/Http/Middleware/PreventRequestsDuringMaintenance.php(109): Illuminate/Pipeline/Pipeline->{closure:{closure:Illuminate/Pipeline/Pipeline::carry():194}:195}()
#27 C:/xampp/htdocs/next-stage-completo/next-stage/vendor/laravel/framework/src/Illuminate/Pipeline/Pipeline.php(219): Illuminate/Foundation/Http/Middleware/PreventRequestsDuringMaintenance->handle()
#28 C:/xampp/htdocs/next-stage-completo/next-stage/vendor/laravel/framework/src/Illuminate/Http/Middleware/HandleCors.php(74): Illuminate/Pipeline/Pipeline->{closure:{closure:Illuminate/Pipeline/Pipeline::carry():194}:195}()
#29 C:/xampp/htdocs/next-stage-completo/next-stage/vendor/laravel/framework/src/Illuminate/Pipeline/Pipeline.php(219): Illuminate/Http/Middleware/HandleCors->handle()
#30 C:/xampp/htdocs/next-stage-completo/next-stage/vendor/laravel/framework/src/Illuminate/Http/Middleware/TrustProxies.php(58): Illuminate/Pipeline/Pipeline->{closure:{closure:Illuminate/Pipeline/Pipeline::carry():194}:195}()
#31 C:/xampp/htdocs/next-stage-completo/next-stage/vendor/laravel/framework/src/Illuminate/Pipeline/Pipeline.php(219): Illuminate/Http/Middleware/TrustProxies->handle()
#32 C:/xampp/htdocs/next-stage-completo/next-stage/vendor/laravel/framework/src/Illuminate/Foundation/Http/Middleware/InvokeDeferredCallbacks.php(22): Illuminate/Pipeline/Pipeline->{closure:{closure:Illuminate/Pipeline/Pipeline::carry():194}:195}()
#33 C:/xampp/htdocs/next-stage-completo/next-stage/vendor/laravel/framework/src/Illuminate/Pipeline/Pipeline.php(219): Illuminate/Foundation/Http/Middleware/InvokeDeferredCallbacks->handle()
#34 C:/xampp/htdocs/next-stage-completo/next-stage/vendor/laravel/framework/src/Illuminate/Http/Middleware/ValidatePathEncoding.php(26): Illuminate/Pipeline/Pipeline->{closure:{closure:Illuminate/Pipeline/Pipeline::carry():194}:195}()
#35 C:/xampp/htdocs/next-stage-completo/next-stage/vendor/laravel/framework/src/Illuminate/Pipeline/Pipeline.php(219): Illuminate/Http/Middleware/ValidatePathEncoding->handle()
#36 C:/xampp/htdocs/next-stage-completo/next-stage/vendor/laravel/framework/src/Illuminate/Pipeline/Pipeline.php(137): Illuminate/Pipeline/Pipeline->{closure:{closure:Illuminate/Pipeline/Pipeline::carry():194}:195}()
#37 C:/xampp/htdocs/next-stage-completo/next-stage/vendor/laravel/framework/src/Illuminate/Foundation/Http/Kernel.php(175): Illuminate/Pipeline/Pipeline->then()
#38 C:/xampp/htdocs/next-stage-completo/next-stage/vendor/laravel/framework/src/Illuminate/Foundation/Http/Kernel.php(144): Illuminate/Foundation/Http/Kernel->sendRequestThroughRouter()
#39 C:/xampp/htdocs/next-stage-completo/next-stage/vendor/laravel/framework/src/Illuminate/Foundation/Application.php(1220): Illuminate/Foundation/Http/Kernel->handle()
#40 C:/xampp/htdocs/next-stage-completo/next-stage/public/index.php(17): Illuminate/Foundation/Application->handleRequest()
#41 C:/xampp/htdocs/next-stage-completo/next-stage/vendor/laravel/framework/src/Illuminate/Foundation/resources/server.php(23): require_once('...')
#42 {main}
"} 
[2026-04-09 22:40:24] local.ERROR: App\Features\Professor\Services\ProfessorService::atualizarStatus(): Argument #5 ($feedback) must be of type string, null given, called in C:\xampp\htdocs\next-stage-completo\next-stage\app\Features\Professor\Controllers\ProfessorController.php on line 101 {"exception":"[object] (TypeError(code: 0): App\\Features\\Professor\\Services\\ProfessorService::atualizarStatus(): Argument #5 ($feedback) must be of type string, null given, called in C:\\xampp\\htdocs\\next-stage-completo\\next-stage\\app\\Features\\Professor\\Controllers\\ProfessorController.php on line 101 at C:/xampp/htdocs/next-stage-completo/next-stage/app/Features/Professor/Services/ProfessorService.php:149)
[stacktrace]
#0 C:/xampp/htdocs/next-stage-completo/next-stage/app/Features/Professor/Controllers/ProfessorController.php(101): App/Features/Professor/Services/ProfessorService->atualizarStatus()
#1 C:/xampp/htdocs/next-stage-completo/next-stage/vendor/laravel/framework/src/Illuminate/Routing/Controller.php(54): App/Features/Professor/Controllers/ProfessorController->atualizarStatus()
#2 C:/xampp/htdocs/next-stage-completo/next-stage/vendor/laravel/framework/src/Illuminate/Routing/ControllerDispatcher.php(43): Illuminate/Routing/Controller->callAction()
#3 C:/xampp/htdocs/next-stage-completo/next-stage/vendor/laravel/framework/src/Illuminate/Routing/Route.php(265): Illuminate/Routing/ControllerDispatcher->dispatch()
#4 C:/xampp/htdocs/next-stage-completo/next-stage/vendor/laravel/framework/src/Illuminate/Routing/Route.php(211): Illuminate/Routing/Route->runController()
#5 C:/xampp/htdocs/next-stage-completo/next-stage/vendor/laravel/framework/src/Illuminate/Routing/Router.php(822): Illuminate/Routing/Route->run()
#6 C:/xampp/htdocs/next-stage-completo/next-stage/vendor/laravel/framework/src/Illuminate/Pipeline/Pipeline.php(180): Illuminate/Routing/Router->{closure:Illuminate/Routing/Router::runRouteWithinStack():821}()
#7 C:/xampp/htdocs/next-stage-completo/next-stage/app/Http/Middleware/VerificarToken.php(46): Illuminate/Pipeline/Pipeline->{closure:Illuminate/Pipeline/Pipeline::prepareDestination():178}()
#8 C:/xampp/htdocs/next-stage-completo/next-stage/vendor/laravel/framework/src/Illuminate/Pipeline/Pipeline.php(219): App/Http/Middleware/VerificarToken->handle()
#9 C:/xampp/htdocs/next-stage-completo/next-stage/vendor/laravel/framework/src/Illuminate/Routing/Middleware/SubstituteBindings.php(50): Illuminate/Pipeline/Pipeline->{closure:{closure:Illuminate/Pipeline/Pipeline::carry():194}:195}()
#10 C:/xampp/htdocs/next-stage-completo/next-stage/vendor/laravel/framework/src/Illuminate/Pipeline/Pipeline.php(219): Illuminate/Routing/Middleware/SubstituteBindings->handle()
#11 C:/xampp/htdocs/next-stage-completo/next-stage/vendor/laravel/framework/src/Illuminate/Pipeline/Pipeline.php(137): Illuminate/Pipeline/Pipeline->{closure:{closure:Illuminate/Pipeline/Pipeline::carry():194}:195}()
#12 C:/xampp/htdocs/next-stage-completo/next-stage/vendor/laravel/framework/src/Illuminate/Routing/Router.php(821): Illuminate/Pipeline/Pipeline->then()
#13 C:/xampp/htdocs/next-stage-completo/next-stage/vendor/laravel/framework/src/Illuminate/Routing/Router.php(800): Illuminate/Routing/Router->runRouteWithinStack()
#14 C:/xampp/htdocs/next-stage-completo/next-stage/vendor/laravel/framework/src/Illuminate/Routing/Router.php(764): Illuminate/Routing/Router->runRoute()
#15 C:/xampp/htdocs/next-stage-completo/next-stage/vendor/laravel/framework/src/Illuminate/Routing/Router.php(753): Illuminate/Routing/Router->dispatchToRoute()
#16 C:/xampp/htdocs/next-stage-completo/next-stage/vendor/laravel/framework/src/Illuminate/Foundation/Http/Kernel.php(200): Illuminate/Routing/Router->dispatch()
#17 C:/xampp/htdocs/next-stage-completo/next-stage/vendor/laravel/framework/src/Illuminate/Pipeline/Pipeline.php(180): Illuminate/Foundation/Http/Kernel->{closure:Illuminate/Foundation/Http/Kernel::dispatchToRouter():197}()
#18 C:/xampp/htdocs/next-stage-completo/next-stage/vendor/laravel/framework/src/Illuminate/Foundation/Http/Middleware/TransformsRequest.php(21): Illuminate/Pipeline/Pipeline->{closure:Illuminate/Pipeline/Pipeline::prepareDestination():178}()
#19 C:/xampp/htdocs/next-stage-completo/next-stage/vendor/laravel/framework/src/Illuminate/Foundation/Http/Middleware/ConvertEmptyStringsToNull.php(31): Illuminate/Foundation/Http/Middleware/TransformsRequest->handle()
#20 C:/xampp/htdocs/next-stage-completo/next-stage/vendor/laravel/framework/src/Illuminate/Pipeline/Pipeline.php(219): Illuminate/Foundation/Http/Middleware/ConvertEmptyStringsToNull->handle()
#21 C:/xampp/htdocs/next-stage-completo/next-stage/vendor/laravel/framework/src/Illuminate/Foundation/Http/Middleware/TransformsRequest.php(21): Illuminate/Pipeline/Pipeline->{closure:{closure:Illuminate/Pipeline/Pipeline::carry():194}:195}()
#22 C:/xampp/htdocs/next-stage-completo/next-stage/vendor/laravel/framework/src/Illuminate/Foundation/Http/Middleware/TrimStrings.php(51): Illuminate/Foundation/Http/Middleware/TransformsRequest->handle()
#23 C:/xampp/htdocs/next-stage-completo/next-stage/vendor/laravel/framework/src/Illuminate/Pipeline/Pipeline.php(219): Illuminate/Foundation/Http/Middleware/TrimStrings->handle()
#24 C:/xampp/htdocs/next-stage-completo/next-stage/vendor/laravel/framework/src/Illuminate/Http/Middleware/ValidatePostSize.php(27): Illuminate/Pipeline/Pipeline->{closure:{closure:Illuminate/Pipeline/Pipeline::carry():194}:195}()
#25 C:/xampp/htdocs/next-stage-completo/next-stage/vendor/laravel/framework/src/Illuminate/Pipeline/Pipeline.php(219): Illuminate/Http/Middleware/ValidatePostSize->handle()
#26 C:/xampp/htdocs/next-stage-completo/next-stage/vendor/laravel/framework/src/Illuminate/Foundation/Http/Middleware/PreventRequestsDuringMaintenance.php(109): Illuminate/Pipeline/Pipeline->{closure:{closure:Illuminate/Pipeline/Pipeline::carry():194}:195}()
#27 C:/xampp/htdocs/next-stage-completo/next-stage/vendor/laravel/framework/src/Illuminate/Pipeline/Pipeline.php(219): Illuminate/Foundation/Http/Middleware/PreventRequestsDuringMaintenance->handle()
#28 C:/xampp/htdocs/next-stage-completo/next-stage/vendor/laravel/framework/src/Illuminate/Http/Middleware/HandleCors.php(74): Illuminate/Pipeline/Pipeline->{closure:{closure:Illuminate/Pipeline/Pipeline::carry():194}:195}()
#29 C:/xampp/htdocs/next-stage-completo/next-stage/vendor/laravel/framework/src/Illuminate/Pipeline/Pipeline.php(219): Illuminate/Http/Middleware/HandleCors->handle()
#30 C:/xampp/htdocs/next-stage-completo/next-stage/vendor/laravel/framework/src/Illuminate/Http/Middleware/TrustProxies.php(58): Illuminate/Pipeline/Pipeline->{closure:{closure:Illuminate/Pipeline/Pipeline::carry():194}:195}()
#31 C:/xampp/htdocs/next-stage-completo/next-stage/vendor/laravel/framework/src/Illuminate/Pipeline/Pipeline.php(219): Illuminate/Http/Middleware/TrustProxies->handle()
#32 C:/xampp/htdocs/next-stage-completo/next-stage/vendor/laravel/framework/src/Illuminate/Foundation/Http/Middleware/InvokeDeferredCallbacks.php(22): Illuminate/Pipeline/Pipeline->{closure:{closure:Illuminate/Pipeline/Pipeline::carry():194}:195}()
#33 C:/xampp/htdocs/next-stage-completo/next-stage/vendor/laravel/framework/src/Illuminate/Pipeline/Pipeline.php(219): Illuminate/Foundation/Http/Middleware/InvokeDeferredCallbacks->handle()
#34 C:/xampp/htdocs/next-stage-completo/next-stage/vendor/laravel/framework/src/Illuminate/Http/Middleware/ValidatePathEncoding.php(26): Illuminate/Pipeline/Pipeline->{closure:{closure:Illuminate/Pipeline/Pipeline::carry():194}:195}()
#35 C:/xampp/htdocs/next-stage-completo/next-stage/vendor/laravel/framework/src/Illuminate/Pipeline/Pipeline.php(219): Illuminate/Http/Middleware/ValidatePathEncoding->handle()
#36 C:/xampp/htdocs/next-stage-completo/next-stage/vendor/laravel/framework/src/Illuminate/Pipeline/Pipeline.php(137): Illuminate/Pipeline/Pipeline->{closure:{closure:Illuminate/Pipeline/Pipeline::carry():194}:195}()
#37 C:/xampp/htdocs/next-stage-completo/next-stage/vendor/laravel/framework/src/Illuminate/Foundation/Http/Kernel.php(175): Illuminate/Pipeline/Pipeline->then()
#38 C:/xampp/htdocs/next-stage-completo/next-stage/vendor/laravel/framework/src/Illuminate/Foundation/Http/Kernel.php(144): Illuminate/Foundation/Http/Kernel->sendRequestThroughRouter()
#39 C:/xampp/htdocs/next-stage-completo/next-stage/vendor/laravel/framework/src/Illuminate/Foundation/Application.php(1220): Illuminate/Foundation/Http/Kernel->handle()
#40 C:/xampp/htdocs/next-stage-completo/next-stage/public/index.php(17): Illuminate/Foundation/Application->handleRequest()
#41 C:/xampp/htdocs/next-stage-completo/next-stage/vendor/laravel/framework/src/Illuminate/Foundation/resources/server.php(23): require_once('...')
#42 {main}
"} 
[2026-04-09 22:41:36] local.ERROR: App\Features\Professor\Services\ProfessorService::atualizarStatus(): Argument #5 ($feedback) must be of type string, null given, called in C:\xampp\htdocs\next-stage-completo\next-stage\app\Features\Professor\Controllers\ProfessorController.php on line 101 {"exception":"[object] (TypeError(code: 0): App\\Features\\Professor\\Services\\ProfessorService::atualizarStatus(): Argument #5 ($feedback) must be of type string, null given, called in C:\\xampp\\htdocs\\next-stage-completo\\next-stage\\app\\Features\\Professor\\Controllers\\ProfessorController.php on line 101 at C:/xampp/htdocs/next-stage-completo/next-stage/app/Features/Professor/Services/ProfessorService.php:149)
[stacktrace]
#0 C:/xampp/htdocs/next-stage-completo/next-stage/app/Features/Professor/Controllers/ProfessorController.php(101): App/Features/Professor/Services/ProfessorService->atualizarStatus()
#1 C:/xampp/htdocs/next-stage-completo/next-stage/vendor/laravel/framework/src/Illuminate/Routing/Controller.php(54): App/Features/Professor/Controllers/ProfessorController->atualizarStatus()
#2 C:/xampp/htdocs/next-stage-completo/next-stage/vendor/laravel/framework/src/Illuminate/Routing/ControllerDispatcher.php(43): Illuminate/Routing/Controller->callAction()
#3 C:/xampp/htdocs/next-stage-completo/next-stage/vendor/laravel/framework/src/Illuminate/Routing/Route.php(265): Illuminate/Routing/ControllerDispatcher->dispatch()
#4 C:/xampp/htdocs/next-stage-completo/next-stage/vendor/laravel/framework/src/Illuminate/Routing/Route.php(211): Illuminate/Routing/Route->runController()
#5 C:/xampp/htdocs/next-stage-completo/next-stage/vendor/laravel/framework/src/Illuminate/Routing/Router.php(822): Illuminate/Routing/Route->run()
#6 C:/xampp/htdocs/next-stage-completo/next-stage/vendor/laravel/framework/src/Illuminate/Pipeline/Pipeline.php(180): Illuminate/Routing/Router->{closure:Illuminate/Routing/Router::runRouteWithinStack():821}()
#7 C:/xampp/htdocs/next-stage-completo/next-stage/app/Http/Middleware/VerificarToken.php(46): Illuminate/Pipeline/Pipeline->{closure:Illuminate/Pipeline/Pipeline::prepareDestination():178}()
#8 C:/xampp/htdocs/next-stage-completo/next-stage/vendor/laravel/framework/src/Illuminate/Pipeline/Pipeline.php(219): App/Http/Middleware/VerificarToken->handle()
#9 C:/xampp/htdocs/next-stage-completo/next-stage/vendor/laravel/framework/src/Illuminate/Routing/Middleware/SubstituteBindings.php(50): Illuminate/Pipeline/Pipeline->{closure:{closure:Illuminate/Pipeline/Pipeline::carry():194}:195}()
#10 C:/xampp/htdocs/next-stage-completo/next-stage/vendor/laravel/framework/src/Illuminate/Pipeline/Pipeline.php(219): Illuminate/Routing/Middleware/SubstituteBindings->handle()
#11 C:/xampp/htdocs/next-stage-completo/next-stage/vendor/laravel/framework/src/Illuminate/Pipeline/Pipeline.php(137): Illuminate/Pipeline/Pipeline->{closure:{closure:Illuminate/Pipeline/Pipeline::carry():194}:195}()
#12 C:/xampp/htdocs/next-stage-completo/next-stage/vendor/laravel/framework/src/Illuminate/Routing/Router.php(821): Illuminate/Pipeline/Pipeline->then()
#13 C:/xampp/htdocs/next-stage-completo/next-stage/vendor/laravel/framework/src/Illuminate/Routing/Router.php(800): Illuminate/Routing/Router->runRouteWithinStack()
#14 C:/xampp/htdocs/next-stage-completo/next-stage/vendor/laravel/framework/src/Illuminate/Routing/Router.php(764): Illuminate/Routing/Router->runRoute()
#15 C:/xampp/htdocs/next-stage-completo/next-stage/vendor/laravel/framework/src/Illuminate/Routing/Router.php(753): Illuminate/Routing/Router->dispatchToRoute()
#16 C:/xampp/htdocs/next-stage-completo/next-stage/vendor/laravel/framework/src/Illuminate/Foundation/Http/Kernel.php(200): Illuminate/Routing/Router->dispatch()
#17 C:/xampp/htdocs/next-stage-completo/next-stage/vendor/laravel/framework/src/Illuminate/Pipeline/Pipeline.php(180): Illuminate/Foundation/Http/Kernel->{closure:Illuminate/Foundation/Http/Kernel::dispatchToRouter():197}()
#18 C:/xampp/htdocs/next-stage-completo/next-stage/vendor/laravel/framework/src/Illuminate/Foundation/Http/Middleware/TransformsRequest.php(21): Illuminate/Pipeline/Pipeline->{closure:Illuminate/Pipeline/Pipeline::prepareDestination():178}()
#19 C:/xampp/htdocs/next-stage-completo/next-stage/vendor/laravel/framework/src/Illuminate/Foundation/Http/Middleware/ConvertEmptyStringsToNull.php(31): Illuminate/Foundation/Http/Middleware/TransformsRequest->handle()
#20 C:/xampp/htdocs/next-stage-completo/next-stage/vendor/laravel/framework/src/Illuminate/Pipeline/Pipeline.php(219): Illuminate/Foundation/Http/Middleware/ConvertEmptyStringsToNull->handle()
#21 C:/xampp/htdocs/next-stage-completo/next-stage/vendor/laravel/framework/src/Illuminate/Foundation/Http/Middleware/TransformsRequest.php(21): Illuminate/Pipeline/Pipeline->{closure:{closure:Illuminate/Pipeline/Pipeline::carry():194}:195}()
#22 C:/xampp/htdocs/next-stage-completo/next-stage/vendor/laravel/framework/src/Illuminate/Foundation/Http/Middleware/TrimStrings.php(51): Illuminate/Foundation/Http/Middleware/TransformsRequest->handle()
#23 C:/xampp/htdocs/next-stage-completo/next-stage/vendor/laravel/framework/src/Illuminate/Pipeline/Pipeline.php(219): Illuminate/Foundation/Http/Middleware/TrimStrings->handle()
#24 C:/xampp/htdocs/next-stage-completo/next-stage/vendor/laravel/framework/src/Illuminate/Http/Middleware/ValidatePostSize.php(27): Illuminate/Pipeline/Pipeline->{closure:{closure:Illuminate/Pipeline/Pipeline::carry():194}:195}()
#25 C:/xampp/htdocs/next-stage-completo/next-stage/vendor/laravel/framework/src/Illuminate/Pipeline/Pipeline.php(219): Illuminate/Http/Middleware/ValidatePostSize->handle()
#26 C:/xampp/htdocs/next-stage-completo/next-stage/vendor/laravel/framework/src/Illuminate/Foundation/Http/Middleware/PreventRequestsDuringMaintenance.php(109): Illuminate/Pipeline/Pipeline->{closure:{closure:Illuminate/Pipeline/Pipeline::carry():194}:195}()
#27 C:/xampp/htdocs/next-stage-completo/next-stage/vendor/laravel/framework/src/Illuminate/Pipeline/Pipeline.php(219): Illuminate/Foundation/Http/Middleware/PreventRequestsDuringMaintenance->handle()
#28 C:/xampp/htdocs/next-stage-completo/next-stage/vendor/laravel/framework/src/Illuminate/Http/Middleware/HandleCors.php(74): Illuminate/Pipeline/Pipeline->{closure:{closure:Illuminate/Pipeline/Pipeline::carry():194}:195}()
#29 C:/xampp/htdocs/next-stage-completo/next-stage/vendor/laravel/framework/src/Illuminate/Pipeline/Pipeline.php(219): Illuminate/Http/Middleware/HandleCors->handle()
#30 C:/xampp/htdocs/next-stage-completo/next-stage/vendor/laravel/framework/src/Illuminate/Http/Middleware/TrustProxies.php(58): Illuminate/Pipeline/Pipeline->{closure:{closure:Illuminate/Pipeline/Pipeline::carry():194}:195}()
#31 C:/xampp/htdocs/next-stage-completo/next-stage/vendor/laravel/framework/src/Illuminate/Pipeline/Pipeline.php(219): Illuminate/Http/Middleware/TrustProxies->handle()
#32 C:/xampp/htdocs/next-stage-completo/next-stage/vendor/laravel/framework/src/Illuminate/Foundation/Http/Middleware/InvokeDeferredCallbacks.php(22): Illuminate/Pipeline/Pipeline->{closure:{closure:Illuminate/Pipeline/Pipeline::carry():194}:195}()
#33 C:/xampp/htdocs/next-stage-completo/next-stage/vendor/laravel/framework/src/Illuminate/Pipeline/Pipeline.php(219): Illuminate/Foundation/Http/Middleware/InvokeDeferredCallbacks->handle()
#34 C:/xampp/htdocs/next-stage-completo/next-stage/vendor/laravel/framework/src/Illuminate/Http/Middleware/ValidatePathEncoding.php(26): Illuminate/Pipeline/Pipeline->{closure:{closure:Illuminate/Pipeline/Pipeline::carry():194}:195}()
#35 C:/xampp/htdocs/next-stage-completo/next-stage/vendor/laravel/framework/src/Illuminate/Pipeline/Pipeline.php(219): Illuminate/Http/Middleware/ValidatePathEncoding->handle()
#36 C:/xampp/htdocs/next-stage-completo/next-stage/vendor/laravel/framework/src/Illuminate/Pipeline/Pipeline.php(137): Illuminate/Pipeline/Pipeline->{closure:{closure:Illuminate/Pipeline/Pipeline::carry():194}:195}()
#37 C:/xampp/htdocs/next-stage-completo/next-stage/vendor/laravel/framework/src/Illuminate/Foundation/Http/Kernel.php(175): Illuminate/Pipeline/Pipeline->then()
#38 C:/xampp/htdocs/next-stage-completo/next-stage/vendor/laravel/framework/src/Illuminate/Foundation/Http/Kernel.php(144): Illuminate/Foundation/Http/Kernel->sendRequestThroughRouter()
#39 C:/xampp/htdocs/next-stage-completo/next-stage/vendor/laravel/framework/src/Illuminate/Foundation/Application.php(1220): Illuminate/Foundation/Http/Kernel->handle()
#40 C:/xampp/htdocs/next-stage-completo/next-stage/public/index.php(17): Illuminate/Foundation/Application->handleRequest()
#41 C:/xampp/htdocs/next-stage-completo/next-stage/vendor/laravel/framework/src/Illuminate/Foundation/resources/server.php(23): require_once('...')
#42 {main}
"} 
[2026-04-09 22:43:08] local.ERROR: App\Features\Professor\Services\ProfessorService::atualizarStatus(): Argument #5 ($feedback) must be of type string, null given, called in C:\xampp\htdocs\next-stage-completo\next-stage\app\Features\Professor\Controllers\ProfessorController.php on line 101 {"exception":"[object] (TypeError(code: 0): App\\Features\\Professor\\Services\\ProfessorService::atualizarStatus(): Argument #5 ($feedback) must be of type string, null given, called in C:\\xampp\\htdocs\\next-stage-completo\\next-stage\\app\\Features\\Professor\\Controllers\\ProfessorController.php on line 101 at C:/xampp/htdocs/next-stage-completo/next-stage/app/Features/Professor/Services/ProfessorService.php:149)
[stacktrace]
#0 C:/xampp/htdocs/next-stage-completo/next-stage/app/Features/Professor/Controllers/ProfessorController.php(101): App/Features/Professor/Services/ProfessorService->atualizarStatus()
#1 C:/xampp/htdocs/next-stage-completo/next-stage/vendor/laravel/framework/src/Illuminate/Routing/Controller.php(54): App/Features/Professor/Controllers/ProfessorController->atualizarStatus()
#2 C:/xampp/htdocs/next-stage-completo/next-stage/vendor/laravel/framework/src/Illuminate/Routing/ControllerDispatcher.php(43): Illuminate/Routing/Controller->callAction()
#3 C:/xampp/htdocs/next-stage-completo/next-stage/vendor/laravel/framework/src/Illuminate/Routing/Route.php(265): Illuminate/Routing/ControllerDispatcher->dispatch()
#4 C:/xampp/htdocs/next-stage-completo/next-stage/vendor/laravel/framework/src/Illuminate/Routing/Route.php(211): Illuminate/Routing/Route->runController()
#5 C:/xampp/htdocs/next-stage-completo/next-stage/vendor/laravel/framework/src/Illuminate/Routing/Router.php(822): Illuminate/Routing/Route->run()
#6 C:/xampp/htdocs/next-stage-completo/next-stage/vendor/laravel/framework/src/Illuminate/Pipeline/Pipeline.php(180): Illuminate/Routing/Router->{closure:Illuminate/Routing/Router::runRouteWithinStack():821}()
#7 C:/xampp/htdocs/next-stage-completo/next-stage/app/Http/Middleware/VerificarToken.php(46): Illuminate/Pipeline/Pipeline->{closure:Illuminate/Pipeline/Pipeline::prepareDestination():178}()
#8 C:/xampp/htdocs/next-stage-completo/next-stage/vendor/laravel/framework/src/Illuminate/Pipeline/Pipeline.php(219): App/Http/Middleware/VerificarToken->handle()
#9 C:/xampp/htdocs/next-stage-completo/next-stage/vendor/laravel/framework/src/Illuminate/Routing/Middleware/SubstituteBindings.php(50): Illuminate/Pipeline/Pipeline->{closure:{closure:Illuminate/Pipeline/Pipeline::carry():194}:195}()
#10 C:/xampp/htdocs/next-stage-completo/next-stage/vendor/laravel/framework/src/Illuminate/Pipeline/Pipeline.php(219): Illuminate/Routing/Middleware/SubstituteBindings->handle()
#11 C:/xampp/htdocs/next-stage-completo/next-stage/vendor/laravel/framework/src/Illuminate/Pipeline/Pipeline.php(137): Illuminate/Pipeline/Pipeline->{closure:{closure:Illuminate/Pipeline/Pipeline::carry():194}:195}()
#12 C:/xampp/htdocs/next-stage-completo/next-stage/vendor/laravel/framework/src/Illuminate/Routing/Router.php(821): Illuminate/Pipeline/Pipeline->then()
#13 C:/xampp/htdocs/next-stage-completo/next-stage/vendor/laravel/framework/src/Illuminate/Routing/Router.php(800): Illuminate/Routing/Router->runRouteWithinStack()
#14 C:/xampp/htdocs/next-stage-completo/next-stage/vendor/laravel/framework/src/Illuminate/Routing/Router.php(764): Illuminate/Routing/Router->runRoute()
#15 C:/xampp/htdocs/next-stage-completo/next-stage/vendor/laravel/framework/src/Illuminate/Routing/Router.php(753): Illuminate/Routing/Router->dispatchToRoute()
#16 C:/xampp/htdocs/next-stage-completo/next-stage/vendor/laravel/framework/src/Illuminate/Foundation/Http/Kernel.php(200): Illuminate/Routing/Router->dispatch()
#17 C:/xampp/htdocs/next-stage-completo/next-stage/vendor/laravel/framework/src/Illuminate/Pipeline/Pipeline.php(180): Illuminate/Foundation/Http/Kernel->{closure:Illuminate/Foundation/Http/Kernel::dispatchToRouter():197}()
#18 C:/xampp/htdocs/next-stage-completo/next-stage/vendor/laravel/framework/src/Illuminate/Foundation/Http/Middleware/TransformsRequest.php(21): Illuminate/Pipeline/Pipeline->{closure:Illuminate/Pipeline/Pipeline::prepareDestination():178}()
#19 C:/xampp/htdocs/next-stage-completo/next-stage/vendor/laravel/framework/src/Illuminate/Foundation/Http/Middleware/ConvertEmptyStringsToNull.php(31): Illuminate/Foundation/Http/Middleware/TransformsRequest->handle()
#20 C:/xampp/htdocs/next-stage-completo/next-stage/vendor/laravel/framework/src/Illuminate/Pipeline/Pipeline.php(219): Illuminate/Foundation/Http/Middleware/ConvertEmptyStringsToNull->handle()
#21 C:/xampp/htdocs/next-stage-completo/next-stage/vendor/laravel/framework/src/Illuminate/Foundation/Http/Middleware/TransformsRequest.php(21): Illuminate/Pipeline/Pipeline->{closure:{closure:Illuminate/Pipeline/Pipeline::carry():194}:195}()
#22 C:/xampp/htdocs/next-stage-completo/next-stage/vendor/laravel/framework/src/Illuminate/Foundation/Http/Middleware/TrimStrings.php(51): Illuminate/Foundation/Http/Middleware/TransformsRequest->handle()
#23 C:/xampp/htdocs/next-stage-completo/next-stage/vendor/laravel/framework/src/Illuminate/Pipeline/Pipeline.php(219): Illuminate/Foundation/Http/Middleware/TrimStrings->handle()
#24 C:/xampp/htdocs/next-stage-completo/next-stage/vendor/laravel/framework/src/Illuminate/Http/Middleware/ValidatePostSize.php(27): Illuminate/Pipeline/Pipeline->{closure:{closure:Illuminate/Pipeline/Pipeline::carry():194}:195}()
#25 C:/xampp/htdocs/next-stage-completo/next-stage/vendor/laravel/framework/src/Illuminate/Pipeline/Pipeline.php(219): Illuminate/Http/Middleware/ValidatePostSize->handle()
#26 C:/xampp/htdocs/next-stage-completo/next-stage/vendor/laravel/framework/src/Illuminate/Foundation/Http/Middleware/PreventRequestsDuringMaintenance.php(109): Illuminate/Pipeline/Pipeline->{closure:{closure:Illuminate/Pipeline/Pipeline::carry():194}:195}()
#27 C:/xampp/htdocs/next-stage-completo/next-stage/vendor/laravel/framework/src/Illuminate/Pipeline/Pipeline.php(219): Illuminate/Foundation/Http/Middleware/PreventRequestsDuringMaintenance->handle()
#28 C:/xampp/htdocs/next-stage-completo/next-stage/vendor/laravel/framework/src/Illuminate/Http/Middleware/HandleCors.php(74): Illuminate/Pipeline/Pipeline->{closure:{closure:Illuminate/Pipeline/Pipeline::carry():194}:195}()
#29 C:/xampp/htdocs/next-stage-completo/next-stage/vendor/laravel/framework/src/Illuminate/Pipeline/Pipeline.php(219): Illuminate/Http/Middleware/HandleCors->handle()
#30 C:/xampp/htdocs/next-stage-completo/next-stage/vendor/laravel/framework/src/Illuminate/Http/Middleware/TrustProxies.php(58): Illuminate/Pipeline/Pipeline->{closure:{closure:Illuminate/Pipeline/Pipeline::carry():194}:195}()
#31 C:/xampp/htdocs/next-stage-completo/next-stage/vendor/laravel/framework/src/Illuminate/Pipeline/Pipeline.php(219): Illuminate/Http/Middleware/TrustProxies->handle()
#32 C:/xampp/htdocs/next-stage-completo/next-stage/vendor/laravel/framework/src/Illuminate/Foundation/Http/Middleware/InvokeDeferredCallbacks.php(22): Illuminate/Pipeline/Pipeline->{closure:{closure:Illuminate/Pipeline/Pipeline::carry():194}:195}()
#33 C:/xampp/htdocs/next-stage-completo/next-stage/vendor/laravel/framework/src/Illuminate/Pipeline/Pipeline.php(219): Illuminate/Foundation/Http/Middleware/InvokeDeferredCallbacks->handle()
#34 C:/xampp/htdocs/next-stage-completo/next-stage/vendor/laravel/framework/src/Illuminate/Http/Middleware/ValidatePathEncoding.php(26): Illuminate/Pipeline/Pipeline->{closure:{closure:Illuminate/Pipeline/Pipeline::carry():194}:195}()
#35 C:/xampp/htdocs/next-stage-completo/next-stage/vendor/laravel/framework/src/Illuminate/Pipeline/Pipeline.php(219): Illuminate/Http/Middleware/ValidatePathEncoding->handle()
#36 C:/xampp/htdocs/next-stage-completo/next-stage/vendor/laravel/framework/src/Illuminate/Pipeline/Pipeline.php(137): Illuminate/Pipeline/Pipeline->{closure:{closure:Illuminate/Pipeline/Pipeline::carry():194}:195}()
#37 C:/xampp/htdocs/next-stage-completo/next-stage/vendor/laravel/framework/src/Illuminate/Foundation/Http/Kernel.php(175): Illuminate/Pipeline/Pipeline->then()
#38 C:/xampp/htdocs/next-stage-completo/next-stage/vendor/laravel/framework/src/Illuminate/Foundation/Http/Kernel.php(144): Illuminate/Foundation/Http/Kernel->sendRequestThroughRouter()
#39 C:/xampp/htdocs/next-stage-completo/next-stage/vendor/laravel/framework/src/Illuminate/Foundation/Application.php(1220): Illuminate/Foundation/Http/Kernel->handle()
#40 C:/xampp/htdocs/next-stage-completo/next-stage/public/index.php(17): Illuminate/Foundation/Application->handleRequest()
#41 C:/xampp/htdocs/next-stage-completo/next-stage/vendor/laravel/framework/src/Illuminate/Foundation/resources/server.php(23): require_once('...')
#42 {main}
"} 
[2026-04-09 22:46:53] local.ERROR: App\Features\Professor\Services\ProfessorService::atualizarStatus(): Argument #5 ($feedback) must be of type string, null given, called in C:\xampp\htdocs\next-stage-completo\next-stage\app\Features\Professor\Controllers\ProfessorController.php on line 101 {"exception":"[object] (TypeError(code: 0): App\\Features\\Professor\\Services\\ProfessorService::atualizarStatus(): Argument #5 ($feedback) must be of type string, null given, called in C:\\xampp\\htdocs\\next-stage-completo\\next-stage\\app\\Features\\Professor\\Controllers\\ProfessorController.php on line 101 at C:/xampp/htdocs/next-stage-completo/next-stage/app/Features/Professor/Services/ProfessorService.php:149)
[stacktrace]
#0 C:/xampp/htdocs/next-stage-completo/next-stage/app/Features/Professor/Controllers/ProfessorController.php(101): App/Features/Professor/Services/ProfessorService->atualizarStatus()
#1 C:/xampp/htdocs/next-stage-completo/next-stage/vendor/laravel/framework/src/Illuminate/Routing/Controller.php(54): App/Features/Professor/Controllers/ProfessorController->atualizarStatus()
#2 C:/xampp/htdocs/next-stage-completo/next-stage/vendor/laravel/framework/src/Illuminate/Routing/ControllerDispatcher.php(43): Illuminate/Routing/Controller->callAction()
#3 C:/xampp/htdocs/next-stage-completo/next-stage/vendor/laravel/framework/src/Illuminate/Routing/Route.php(265): Illuminate/Routing/ControllerDispatcher->dispatch()
#4 C:/xampp/htdocs/next-stage-completo/next-stage/vendor/laravel/framework/src/Illuminate/Routing/Route.php(211): Illuminate/Routing/Route->runController()
#5 C:/xampp/htdocs/next-stage-completo/next-stage/vendor/laravel/framework/src/Illuminate/Routing/Router.php(822): Illuminate/Routing/Route->run()
#6 C:/xampp/htdocs/next-stage-completo/next-stage/vendor/laravel/framework/src/Illuminate/Pipeline/Pipeline.php(180): Illuminate/Routing/Router->{closure:Illuminate/Routing/Router::runRouteWithinStack():821}()
#7 C:/xampp/htdocs/next-stage-completo/next-stage/app/Http/Middleware/VerificarToken.php(46): Illuminate/Pipeline/Pipeline->{closure:Illuminate/Pipeline/Pipeline::prepareDestination():178}()
#8 C:/xampp/htdocs/next-stage-completo/next-stage/vendor/laravel/framework/src/Illuminate/Pipeline/Pipeline.php(219): App/Http/Middleware/VerificarToken->handle()
#9 C:/xampp/htdocs/next-stage-completo/next-stage/vendor/laravel/framework/src/Illuminate/Routing/Middleware/SubstituteBindings.php(50): Illuminate/Pipeline/Pipeline->{closure:{closure:Illuminate/Pipeline/Pipeline::carry():194}:195}()
#10 C:/xampp/htdocs/next-stage-completo/next-stage/vendor/laravel/framework/src/Illuminate/Pipeline/Pipeline.php(219): Illuminate/Routing/Middleware/SubstituteBindings->handle()
#11 C:/xampp/htdocs/next-stage-completo/next-stage/vendor/laravel/framework/src/Illuminate/Pipeline/Pipeline.php(137): Illuminate/Pipeline/Pipeline->{closure:{closure:Illuminate/Pipeline/Pipeline::carry():194}:195}()
#12 C:/xampp/htdocs/next-stage-completo/next-stage/vendor/laravel/framework/src/Illuminate/Routing/Router.php(821): Illuminate/Pipeline/Pipeline->then()
#13 C:/xampp/htdocs/next-stage-completo/next-stage/vendor/laravel/framework/src/Illuminate/Routing/Router.php(800): Illuminate/Routing/Router->runRouteWithinStack()
#14 C:/xampp/htdocs/next-stage-completo/next-stage/vendor/laravel/framework/src/Illuminate/Routing/Router.php(764): Illuminate/Routing/Router->runRoute()
#15 C:/xampp/htdocs/next-stage-completo/next-stage/vendor/laravel/framework/src/Illuminate/Routing/Router.php(753): Illuminate/Routing/Router->dispatchToRoute()
#16 C:/xampp/htdocs/next-stage-completo/next-stage/vendor/laravel/framework/src/Illuminate/Foundation/Http/Kernel.php(200): Illuminate/Routing/Router->dispatch()
#17 C:/xampp/htdocs/next-stage-completo/next-stage/vendor/laravel/framework/src/Illuminate/Pipeline/Pipeline.php(180): Illuminate/Foundation/Http/Kernel->{closure:Illuminate/Foundation/Http/Kernel::dispatchToRouter():197}()
#18 C:/xampp/htdocs/next-stage-completo/next-stage/vendor/laravel/framework/src/Illuminate/Foundation/Http/Middleware/TransformsRequest.php(21): Illuminate/Pipeline/Pipeline->{closure:Illuminate/Pipeline/Pipeline::prepareDestination():178}()
#19 C:/xampp/htdocs/next-stage-completo/next-stage/vendor/laravel/framework/src/Illuminate/Foundation/Http/Middleware/ConvertEmptyStringsToNull.php(31): Illuminate/Foundation/Http/Middleware/TransformsRequest->handle()
#20 C:/xampp/htdocs/next-stage-completo/next-stage/vendor/laravel/framework/src/Illuminate/Pipeline/Pipeline.php(219): Illuminate/Foundation/Http/Middleware/ConvertEmptyStringsToNull->handle()
#21 C:/xampp/htdocs/next-stage-completo/next-stage/vendor/laravel/framework/src/Illuminate/Foundation/Http/Middleware/TransformsRequest.php(21): Illuminate/Pipeline/Pipeline->{closure:{closure:Illuminate/Pipeline/Pipeline::carry():194}:195}()
#22 C:/xampp/htdocs/next-stage-completo/next-stage/vendor/laravel/framework/src/Illuminate/Foundation/Http/Middleware/TrimStrings.php(51): Illuminate/Foundation/Http/Middleware/TransformsRequest->handle()
#23 C:/xampp/htdocs/next-stage-completo/next-stage/vendor/laravel/framework/src/Illuminate/Pipeline/Pipeline.php(219): Illuminate/Foundation/Http/Middleware/TrimStrings->handle()
#24 C:/xampp/htdocs/next-stage-completo/next-stage/vendor/laravel/framework/src/Illuminate/Http/Middleware/ValidatePostSize.php(27): Illuminate/Pipeline/Pipeline->{closure:{closure:Illuminate/Pipeline/Pipeline::carry():194}:195}()
#25 C:/xampp/htdocs/next-stage-completo/next-stage/vendor/laravel/framework/src/Illuminate/Pipeline/Pipeline.php(219): Illuminate/Http/Middleware/ValidatePostSize->handle()
#26 C:/xampp/htdocs/next-stage-completo/next-stage/vendor/laravel/framework/src/Illuminate/Foundation/Http/Middleware/PreventRequestsDuringMaintenance.php(109): Illuminate/Pipeline/Pipeline->{closure:{closure:Illuminate/Pipeline/Pipeline::carry():194}:195}()
#27 C:/xampp/htdocs/next-stage-completo/next-stage/vendor/laravel/framework/src/Illuminate/Pipeline/Pipeline.php(219): Illuminate/Foundation/Http/Middleware/PreventRequestsDuringMaintenance->handle()
#28 C:/xampp/htdocs/next-stage-completo/next-stage/vendor/laravel/framework/src/Illuminate/Http/Middleware/HandleCors.php(74): Illuminate/Pipeline/Pipeline->{closure:{closure:Illuminate/Pipeline/Pipeline::carry():194}:195}()
#29 C:/xampp/htdocs/next-stage-completo/next-stage/vendor/laravel/framework/src/Illuminate/Pipeline/Pipeline.php(219): Illuminate/Http/Middleware/HandleCors->handle()
#30 C:/xampp/htdocs/next-stage-completo/next-stage/vendor/laravel/framework/src/Illuminate/Http/Middleware/TrustProxies.php(58): Illuminate/Pipeline/Pipeline->{closure:{closure:Illuminate/Pipeline/Pipeline::carry():194}:195}()
#31 C:/xampp/htdocs/next-stage-completo/next-stage/vendor/laravel/framework/src/Illuminate/Pipeline/Pipeline.php(219): Illuminate/Http/Middleware/TrustProxies->handle()
#32 C:/xampp/htdocs/next-stage-completo/next-stage/vendor/laravel/framework/src/Illuminate/Foundation/Http/Middleware/InvokeDeferredCallbacks.php(22): Illuminate/Pipeline/Pipeline->{closure:{closure:Illuminate/Pipeline/Pipeline::carry():194}:195}()
#33 C:/xampp/htdocs/next-stage-completo/next-stage/vendor/laravel/framework/src/Illuminate/Pipeline/Pipeline.php(219): Illuminate/Foundation/Http/Middleware/InvokeDeferredCallbacks->handle()
#34 C:/xampp/htdocs/next-stage-completo/next-stage/vendor/laravel/framework/src/Illuminate/Http/Middleware/ValidatePathEncoding.php(26): Illuminate/Pipeline/Pipeline->{closure:{closure:Illuminate/Pipeline/Pipeline::carry():194}:195}()
#35 C:/xampp/htdocs/next-stage-completo/next-stage/vendor/laravel/framework/src/Illuminate/Pipeline/Pipeline.php(219): Illuminate/Http/Middleware/ValidatePathEncoding->handle()
#36 C:/xampp/htdocs/next-stage-completo/next-stage/vendor/laravel/framework/src/Illuminate/Pipeline/Pipeline.php(137): Illuminate/Pipeline/Pipeline->{closure:{closure:Illuminate/Pipeline/Pipeline::carry():194}:195}()
#37 C:/xampp/htdocs/next-stage-completo/next-stage/vendor/laravel/framework/src/Illuminate/Foundation/Http/Kernel.php(175): Illuminate/Pipeline/Pipeline->then()
#38 C:/xampp/htdocs/next-stage-completo/next-stage/vendor/laravel/framework/src/Illuminate/Foundation/Http/Kernel.php(144): Illuminate/Foundation/Http/Kernel->sendRequestThroughRouter()
#39 C:/xampp/htdocs/next-stage-completo/next-stage/vendor/laravel/framework/src/Illuminate/Foundation/Application.php(1220): Illuminate/Foundation/Http/Kernel->handle()
#40 C:/xampp/htdocs/next-stage-completo/next-stage/public/index.php(17): Illuminate/Foundation/Application->handleRequest()
#41 C:/xampp/htdocs/next-stage-completo/next-stage/vendor/laravel/framework/src/Illuminate/Foundation/resources/server.php(23): require_once('...')
#42 {main}
"} 
[2026-04-09 22:48:54] local.ERROR: App\Features\Professor\Services\ProfessorService::atualizarStatus(): Argument #5 ($feedback) must be of type string, null given, called in C:\xampp\htdocs\next-stage-completo\next-stage\app\Features\Professor\Controllers\ProfessorController.php on line 101 {"exception":"[object] (TypeError(code: 0): App\\Features\\Professor\\Services\\ProfessorService::atualizarStatus(): Argument #5 ($feedback) must be of type string, null given, called in C:\\xampp\\htdocs\\next-stage-completo\\next-stage\\app\\Features\\Professor\\Controllers\\ProfessorController.php on line 101 at C:/xampp/htdocs/next-stage-completo/next-stage/app/Features/Professor/Services/ProfessorService.php:149)
[stacktrace]
#0 C:/xampp/htdocs/next-stage-completo/next-stage/app/Features/Professor/Controllers/ProfessorController.php(101): App/Features/Professor/Services/ProfessorService->atualizarStatus()
#1 C:/xampp/htdocs/next-stage-completo/next-stage/vendor/laravel/framework/src/Illuminate/Routing/Controller.php(54): App/Features/Professor/Controllers/ProfessorController->atualizarStatus()
#2 C:/xampp/htdocs/next-stage-completo/next-stage/vendor/laravel/framework/src/Illuminate/Routing/ControllerDispatcher.php(43): Illuminate/Routing/Controller->callAction()
#3 C:/xampp/htdocs/next-stage-completo/next-stage/vendor/laravel/framework/src/Illuminate/Routing/Route.php(265): Illuminate/Routing/ControllerDispatcher->dispatch()
#4 C:/xampp/htdocs/next-stage-completo/next-stage/vendor/laravel/framework/src/Illuminate/Routing/Route.php(211): Illuminate/Routing/Route->runController()
#5 C:/xampp/htdocs/next-stage-completo/next-stage/vendor/laravel/framework/src/Illuminate/Routing/Router.php(822): Illuminate/Routing/Route->run()
#6 C:/xampp/htdocs/next-stage-completo/next-stage/vendor/laravel/framework/src/Illuminate/Pipeline/Pipeline.php(180): Illuminate/Routing/Router->{closure:Illuminate/Routing/Router::runRouteWithinStack():821}()
#7 C:/xampp/htdocs/next-stage-completo/next-stage/app/Http/Middleware/VerificarToken.php(46): Illuminate/Pipeline/Pipeline->{closure:Illuminate/Pipeline/Pipeline::prepareDestination():178}()
#8 C:/xampp/htdocs/next-stage-completo/next-stage/vendor/laravel/framework/src/Illuminate/Pipeline/Pipeline.php(219): App/Http/Middleware/VerificarToken->handle()
#9 C:/xampp/htdocs/next-stage-completo/next-stage/vendor/laravel/framework/src/Illuminate/Routing/Middleware/SubstituteBindings.php(50): Illuminate/Pipeline/Pipeline->{closure:{closure:Illuminate/Pipeline/Pipeline::carry():194}:195}()
#10 C:/xampp/htdocs/next-stage-completo/next-stage/vendor/laravel/framework/src/Illuminate/Pipeline/Pipeline.php(219): Illuminate/Routing/Middleware/SubstituteBindings->handle()
#11 C:/xampp/htdocs/next-stage-completo/next-stage/vendor/laravel/framework/src/Illuminate/Pipeline/Pipeline.php(137): Illuminate/Pipeline/Pipeline->{closure:{closure:Illuminate/Pipeline/Pipeline::carry():194}:195}()
#12 C:/xampp/htdocs/next-stage-completo/next-stage/vendor/laravel/framework/src/Illuminate/Routing/Router.php(821): Illuminate/Pipeline/Pipeline->then()
#13 C:/xampp/htdocs/next-stage-completo/next-stage/vendor/laravel/framework/src/Illuminate/Routing/Router.php(800): Illuminate/Routing/Router->runRouteWithinStack()
#14 C:/xampp/htdocs/next-stage-completo/next-stage/vendor/laravel/framework/src/Illuminate/Routing/Router.php(764): Illuminate/Routing/Router->runRoute()
#15 C:/xampp/htdocs/next-stage-completo/next-stage/vendor/laravel/framework/src/Illuminate/Routing/Router.php(753): Illuminate/Routing/Router->dispatchToRoute()
#16 C:/xampp/htdocs/next-stage-completo/next-stage/vendor/laravel/framework/src/Illuminate/Foundation/Http/Kernel.php(200): Illuminate/Routing/Router->dispatch()
#17 C:/xampp/htdocs/next-stage-completo/next-stage/vendor/laravel/framework/src/Illuminate/Pipeline/Pipeline.php(180): Illuminate/Foundation/Http/Kernel->{closure:Illuminate/Foundation/Http/Kernel::dispatchToRouter():197}()
#18 C:/xampp/htdocs/next-stage-completo/next-stage/vendor/laravel/framework/src/Illuminate/Foundation/Http/Middleware/TransformsRequest.php(21): Illuminate/Pipeline/Pipeline->{closure:Illuminate/Pipeline/Pipeline::prepareDestination():178}()
#19 C:/xampp/htdocs/next-stage-completo/next-stage/vendor/laravel/framework/src/Illuminate/Foundation/Http/Middleware/ConvertEmptyStringsToNull.php(31): Illuminate/Foundation/Http/Middleware/TransformsRequest->handle()
#20 C:/xampp/htdocs/next-stage-completo/next-stage/vendor/laravel/framework/src/Illuminate/Pipeline/Pipeline.php(219): Illuminate/Foundation/Http/Middleware/ConvertEmptyStringsToNull->handle()
#21 C:/xampp/htdocs/next-stage-completo/next-stage/vendor/laravel/framework/src/Illuminate/Foundation/Http/Middleware/TransformsRequest.php(21): Illuminate/Pipeline/Pipeline->{closure:{closure:Illuminate/Pipeline/Pipeline::carry():194}:195}()
#22 C:/xampp/htdocs/next-stage-completo/next-stage/vendor/laravel/framework/src/Illuminate/Foundation/Http/Middleware/TrimStrings.php(51): Illuminate/Foundation/Http/Middleware/TransformsRequest->handle()
#23 C:/xampp/htdocs/next-stage-completo/next-stage/vendor/laravel/framework/src/Illuminate/Pipeline/Pipeline.php(219): Illuminate/Foundation/Http/Middleware/TrimStrings->handle()
#24 C:/xampp/htdocs/next-stage-completo/next-stage/vendor/laravel/framework/src/Illuminate/Http/Middleware/ValidatePostSize.php(27): Illuminate/Pipeline/Pipeline->{closure:{closure:Illuminate/Pipeline/Pipeline::carry():194}:195}()
#25 C:/xampp/htdocs/next-stage-completo/next-stage/vendor/laravel/framework/src/Illuminate/Pipeline/Pipeline.php(219): Illuminate/Http/Middleware/ValidatePostSize->handle()
#26 C:/xampp/htdocs/next-stage-completo/next-stage/vendor/laravel/framework/src/Illuminate/Foundation/Http/Middleware/PreventRequestsDuringMaintenance.php(109): Illuminate/Pipeline/Pipeline->{closure:{closure:Illuminate/Pipeline/Pipeline::carry():194}:195}()
#27 C:/xampp/htdocs/next-stage-completo/next-stage/vendor/laravel/framework/src/Illuminate/Pipeline/Pipeline.php(219): Illuminate/Foundation/Http/Middleware/PreventRequestsDuringMaintenance->handle()
#28 C:/xampp/htdocs/next-stage-completo/next-stage/vendor/laravel/framework/src/Illuminate/Http/Middleware/HandleCors.php(74): Illuminate/Pipeline/Pipeline->{closure:{closure:Illuminate/Pipeline/Pipeline::carry():194}:195}()
#29 C:/xampp/htdocs/next-stage-completo/next-stage/vendor/laravel/framework/src/Illuminate/Pipeline/Pipeline.php(219): Illuminate/Http/Middleware/HandleCors->handle()
#30 C:/xampp/htdocs/next-stage-completo/next-stage/vendor/laravel/framework/src/Illuminate/Http/Middleware/TrustProxies.php(58): Illuminate/Pipeline/Pipeline->{closure:{closure:Illuminate/Pipeline/Pipeline::carry():194}:195}()
#31 C:/xampp/htdocs/next-stage-completo/next-stage/vendor/laravel/framework/src/Illuminate/Pipeline/Pipeline.php(219): Illuminate/Http/Middleware/TrustProxies->handle()
#32 C:/xampp/htdocs/next-stage-completo/next-stage/vendor/laravel/framework/src/Illuminate/Foundation/Http/Middleware/InvokeDeferredCallbacks.php(22): Illuminate/Pipeline/Pipeline->{closure:{closure:Illuminate/Pipeline/Pipeline::carry():194}:195}()
#33 C:/xampp/htdocs/next-stage-completo/next-stage/vendor/laravel/framework/src/Illuminate/Pipeline/Pipeline.php(219): Illuminate/Foundation/Http/Middleware/InvokeDeferredCallbacks->handle()
#34 C:/xampp/htdocs/next-stage-completo/next-stage/vendor/laravel/framework/src/Illuminate/Http/Middleware/ValidatePathEncoding.php(26): Illuminate/Pipeline/Pipeline->{closure:{closure:Illuminate/Pipeline/Pipeline::carry():194}:195}()
#35 C:/xampp/htdocs/next-stage-completo/next-stage/vendor/laravel/framework/src/Illuminate/Pipeline/Pipeline.php(219): Illuminate/Http/Middleware/ValidatePathEncoding->handle()
#36 C:/xampp/htdocs/next-stage-completo/next-stage/vendor/laravel/framework/src/Illuminate/Pipeline/Pipeline.php(137): Illuminate/Pipeline/Pipeline->{closure:{closure:Illuminate/Pipeline/Pipeline::carry():194}:195}()
#37 C:/xampp/htdocs/next-stage-completo/next-stage/vendor/laravel/framework/src/Illuminate/Foundation/Http/Kernel.php(175): Illuminate/Pipeline/Pipeline->then()
#38 C:/xampp/htdocs/next-stage-completo/next-stage/vendor/laravel/framework/src/Illuminate/Foundation/Http/Kernel.php(144): Illuminate/Foundation/Http/Kernel->sendRequestThroughRouter()
#39 C:/xampp/htdocs/next-stage-completo/next-stage/vendor/laravel/framework/src/Illuminate/Foundation/Application.php(1220): Illuminate/Foundation/Http/Kernel->handle()
#40 C:/xampp/htdocs/next-stage-completo/next-stage/public/index.php(17): Illuminate/Foundation/Application->handleRequest()
#41 C:/xampp/htdocs/next-stage-completo/next-stage/vendor/laravel/framework/src/Illuminate/Foundation/resources/server.php(23): require_once('...')
#42 {main}
"} 
[2026-04-09 22:50:32] local.ERROR: App\Features\Professor\Services\ProfessorService::atualizarStatus(): Argument #5 ($feedback) must be of type string, null given, called in C:\xampp\htdocs\next-stage-completo\next-stage\app\Features\Professor\Controllers\ProfessorController.php on line 101 {"exception":"[object] (TypeError(code: 0): App\\Features\\Professor\\Services\\ProfessorService::atualizarStatus(): Argument #5 ($feedback) must be of type string, null given, called in C:\\xampp\\htdocs\\next-stage-completo\\next-stage\\app\\Features\\Professor\\Controllers\\ProfessorController.php on line 101 at C:/xampp/htdocs/next-stage-completo/next-stage/app/Features/Professor/Services/ProfessorService.php:149)
[stacktrace]
#0 C:/xampp/htdocs/next-stage-completo/next-stage/app/Features/Professor/Controllers/ProfessorController.php(101): App/Features/Professor/Services/ProfessorService->atualizarStatus()
#1 C:/xampp/htdocs/next-stage-completo/next-stage/vendor/laravel/framework/src/Illuminate/Routing/Controller.php(54): App/Features/Professor/Controllers/ProfessorController->atualizarStatus()
#2 C:/xampp/htdocs/next-stage-completo/next-stage/vendor/laravel/framework/src/Illuminate/Routing/ControllerDispatcher.php(43): Illuminate/Routing/Controller->callAction()
#3 C:/xampp/htdocs/next-stage-completo/next-stage/vendor/laravel/framework/src/Illuminate/Routing/Route.php(265): Illuminate/Routing/ControllerDispatcher->dispatch()
#4 C:/xampp/htdocs/next-stage-completo/next-stage/vendor/laravel/framework/src/Illuminate/Routing/Route.php(211): Illuminate/Routing/Route->runController()
#5 C:/xampp/htdocs/next-stage-completo/next-stage/vendor/laravel/framework/src/Illuminate/Routing/Router.php(822): Illuminate/Routing/Route->run()
#6 C:/xampp/htdocs/next-stage-completo/next-stage/vendor/laravel/framework/src/Illuminate/Pipeline/Pipeline.php(180): Illuminate/Routing/Router->{closure:Illuminate/Routing/Router::runRouteWithinStack():821}()
#7 C:/xampp/htdocs/next-stage-completo/next-stage/app/Http/Middleware/VerificarToken.php(46): Illuminate/Pipeline/Pipeline->{closure:Illuminate/Pipeline/Pipeline::prepareDestination():178}()
#8 C:/xampp/htdocs/next-stage-completo/next-stage/vendor/laravel/framework/src/Illuminate/Pipeline/Pipeline.php(219): App/Http/Middleware/VerificarToken->handle()
#9 C:/xampp/htdocs/next-stage-completo/next-stage/vendor/laravel/framework/src/Illuminate/Routing/Middleware/SubstituteBindings.php(50): Illuminate/Pipeline/Pipeline->{closure:{closure:Illuminate/Pipeline/Pipeline::carry():194}:195}()
#10 C:/xampp/htdocs/next-stage-completo/next-stage/vendor/laravel/framework/src/Illuminate/Pipeline/Pipeline.php(219): Illuminate/Routing/Middleware/SubstituteBindings->handle()
#11 C:/xampp/htdocs/next-stage-completo/next-stage/vendor/laravel/framework/src/Illuminate/Pipeline/Pipeline.php(137): Illuminate/Pipeline/Pipeline->{closure:{closure:Illuminate/Pipeline/Pipeline::carry():194}:195}()
#12 C:/xampp/htdocs/next-stage-completo/next-stage/vendor/laravel/framework/src/Illuminate/Routing/Router.php(821): Illuminate/Pipeline/Pipeline->then()
#13 C:/xampp/htdocs/next-stage-completo/next-stage/vendor/laravel/framework/src/Illuminate/Routing/Router.php(800): Illuminate/Routing/Router->runRouteWithinStack()
#14 C:/xampp/htdocs/next-stage-completo/next-stage/vendor/laravel/framework/src/Illuminate/Routing/Router.php(764): Illuminate/Routing/Router->runRoute()
#15 C:/xampp/htdocs/next-stage-completo/next-stage/vendor/laravel/framework/src/Illuminate/Routing/Router.php(753): Illuminate/Routing/Router->dispatchToRoute()
#16 C:/xampp/htdocs/next-stage-completo/next-stage/vendor/laravel/framework/src/Illuminate/Foundation/Http/Kernel.php(200): Illuminate/Routing/Router->dispatch()
#17 C:/xampp/htdocs/next-stage-completo/next-stage/vendor/laravel/framework/src/Illuminate/Pipeline/Pipeline.php(180): Illuminate/Foundation/Http/Kernel->{closure:Illuminate/Foundation/Http/Kernel::dispatchToRouter():197}()
#18 C:/xampp/htdocs/next-stage-completo/next-stage/vendor/laravel/framework/src/Illuminate/Foundation/Http/Middleware/TransformsRequest.php(21): Illuminate/Pipeline/Pipeline->{closure:Illuminate/Pipeline/Pipeline::prepareDestination():178}()
#19 C:/xampp/htdocs/next-stage-completo/next-stage/vendor/laravel/framework/src/Illuminate/Foundation/Http/Middleware/ConvertEmptyStringsToNull.php(31): Illuminate/Foundation/Http/Middleware/TransformsRequest->handle()
#20 C:/xampp/htdocs/next-stage-completo/next-stage/vendor/laravel/framework/src/Illuminate/Pipeline/Pipeline.php(219): Illuminate/Foundation/Http/Middleware/ConvertEmptyStringsToNull->handle()
#21 C:/xampp/htdocs/next-stage-completo/next-stage/vendor/laravel/framework/src/Illuminate/Foundation/Http/Middleware/TransformsRequest.php(21): Illuminate/Pipeline/Pipeline->{closure:{closure:Illuminate/Pipeline/Pipeline::carry():194}:195}()
#22 C:/xampp/htdocs/next-stage-completo/next-stage/vendor/laravel/framework/src/Illuminate/Foundation/Http/Middleware/TrimStrings.php(51): Illuminate/Foundation/Http/Middleware/TransformsRequest->handle()
#23 C:/xampp/htdocs/next-stage-completo/next-stage/vendor/laravel/framework/src/Illuminate/Pipeline/Pipeline.php(219): Illuminate/Foundation/Http/Middleware/TrimStrings->handle()
#24 C:/xampp/htdocs/next-stage-completo/next-stage/vendor/laravel/framework/src/Illuminate/Http/Middleware/ValidatePostSize.php(27): Illuminate/Pipeline/Pipeline->{closure:{closure:Illuminate/Pipeline/Pipeline::carry():194}:195}()
#25 C:/xampp/htdocs/next-stage-completo/next-stage/vendor/laravel/framework/src/Illuminate/Pipeline/Pipeline.php(219): Illuminate/Http/Middleware/ValidatePostSize->handle()
#26 C:/xampp/htdocs/next-stage-completo/next-stage/vendor/laravel/framework/src/Illuminate/Foundation/Http/Middleware/PreventRequestsDuringMaintenance.php(109): Illuminate/Pipeline/Pipeline->{closure:{closure:Illuminate/Pipeline/Pipeline::carry():194}:195}()
#27 C:/xampp/htdocs/next-stage-completo/next-stage/vendor/laravel/framework/src/Illuminate/Pipeline/Pipeline.php(219): Illuminate/Foundation/Http/Middleware/PreventRequestsDuringMaintenance->handle()
#28 C:/xampp/htdocs/next-stage-completo/next-stage/vendor/laravel/framework/src/Illuminate/Http/Middleware/HandleCors.php(74): Illuminate/Pipeline/Pipeline->{closure:{closure:Illuminate/Pipeline/Pipeline::carry():194}:195}()
#29 C:/xampp/htdocs/next-stage-completo/next-stage/vendor/laravel/framework/src/Illuminate/Pipeline/Pipeline.php(219): Illuminate/Http/Middleware/HandleCors->handle()
#30 C:/xampp/htdocs/next-stage-completo/next-stage/vendor/laravel/framework/src/Illuminate/Http/Middleware/TrustProxies.php(58): Illuminate/Pipeline/Pipeline->{closure:{closure:Illuminate/Pipeline/Pipeline::carry():194}:195}()
#31 C:/xampp/htdocs/next-stage-completo/next-stage/vendor/laravel/framework/src/Illuminate/Pipeline/Pipeline.php(219): Illuminate/Http/Middleware/TrustProxies->handle()
#32 C:/xampp/htdocs/next-stage-completo/next-stage/vendor/laravel/framework/src/Illuminate/Foundation/Http/Middleware/InvokeDeferredCallbacks.php(22): Illuminate/Pipeline/Pipeline->{closure:{closure:Illuminate/Pipeline/Pipeline::carry():194}:195}()
#33 C:/xampp/htdocs/next-stage-completo/next-stage/vendor/laravel/framework/src/Illuminate/Pipeline/Pipeline.php(219): Illuminate/Foundation/Http/Middleware/InvokeDeferredCallbacks->handle()
#34 C:/xampp/htdocs/next-stage-completo/next-stage/vendor/laravel/framework/src/Illuminate/Http/Middleware/ValidatePathEncoding.php(26): Illuminate/Pipeline/Pipeline->{closure:{closure:Illuminate/Pipeline/Pipeline::carry():194}:195}()
#35 C:/xampp/htdocs/next-stage-completo/next-stage/vendor/laravel/framework/src/Illuminate/Pipeline/Pipeline.php(219): Illuminate/Http/Middleware/ValidatePathEncoding->handle()
#36 C:/xampp/htdocs/next-stage-completo/next-stage/vendor/laravel/framework/src/Illuminate/Pipeline/Pipeline.php(137): Illuminate/Pipeline/Pipeline->{closure:{closure:Illuminate/Pipeline/Pipeline::carry():194}:195}()
#37 C:/xampp/htdocs/next-stage-completo/next-stage/vendor/laravel/framework/src/Illuminate/Foundation/Http/Kernel.php(175): Illuminate/Pipeline/Pipeline->then()
#38 C:/xampp/htdocs/next-stage-completo/next-stage/vendor/laravel/framework/src/Illuminate/Foundation/Http/Kernel.php(144): Illuminate/Foundation/Http/Kernel->sendRequestThroughRouter()
#39 C:/xampp/htdocs/next-stage-completo/next-stage/vendor/laravel/framework/src/Illuminate/Foundation/Application.php(1220): Illuminate/Foundation/Http/Kernel->handle()
#40 C:/xampp/htdocs/next-stage-completo/next-stage/public/index.php(17): Illuminate/Foundation/Application->handleRequest()
#41 C:/xampp/htdocs/next-stage-completo/next-stage/vendor/laravel/framework/src/Illuminate/Foundation/resources/server.php(23): require_once('...')
#42 {main}
"} 
[2026-04-09 22:50:37] local.ERROR: App\Features\Professor\Services\ProfessorService::atualizarStatus(): Argument #5 ($feedback) must be of type string, null given, called in C:\xampp\htdocs\next-stage-completo\next-stage\app\Features\Professor\Controllers\ProfessorController.php on line 101 {"exception":"[object] (TypeError(code: 0): App\\Features\\Professor\\Services\\ProfessorService::atualizarStatus(): Argument #5 ($feedback) must be of type string, null given, called in C:\\xampp\\htdocs\\next-stage-completo\\next-stage\\app\\Features\\Professor\\Controllers\\ProfessorController.php on line 101 at C:/xampp/htdocs/next-stage-completo/next-stage/app/Features/Professor/Services/ProfessorService.php:149)
[stacktrace]
#0 C:/xampp/htdocs/next-stage-completo/next-stage/app/Features/Professor/Controllers/ProfessorController.php(101): App/Features/Professor/Services/ProfessorService->atualizarStatus()
#1 C:/xampp/htdocs/next-stage-completo/next-stage/vendor/laravel/framework/src/Illuminate/Routing/Controller.php(54): App/Features/Professor/Controllers/ProfessorController->atualizarStatus()
#2 C:/xampp/htdocs/next-stage-completo/next-stage/vendor/laravel/framework/src/Illuminate/Routing/ControllerDispatcher.php(43): Illuminate/Routing/Controller->callAction()
#3 C:/xampp/htdocs/next-stage-completo/next-stage/vendor/laravel/framework/src/Illuminate/Routing/Route.php(265): Illuminate/Routing/ControllerDispatcher->dispatch()
#4 C:/xampp/htdocs/next-stage-completo/next-stage/vendor/laravel/framework/src/Illuminate/Routing/Route.php(211): Illuminate/Routing/Route->runController()
#5 C:/xampp/htdocs/next-stage-completo/next-stage/vendor/laravel/framework/src/Illuminate/Routing/Router.php(822): Illuminate/Routing/Route->run()
#6 C:/xampp/htdocs/next-stage-completo/next-stage/vendor/laravel/framework/src/Illuminate/Pipeline/Pipeline.php(180): Illuminate/Routing/Router->{closure:Illuminate/Routing/Router::runRouteWithinStack():821}()
#7 C:/xampp/htdocs/next-stage-completo/next-stage/app/Http/Middleware/VerificarToken.php(46): Illuminate/Pipeline/Pipeline->{closure:Illuminate/Pipeline/Pipeline::prepareDestination():178}()
#8 C:/xampp/htdocs/next-stage-completo/next-stage/vendor/laravel/framework/src/Illuminate/Pipeline/Pipeline.php(219): App/Http/Middleware/VerificarToken->handle()
#9 C:/xampp/htdocs/next-stage-completo/next-stage/vendor/laravel/framework/src/Illuminate/Routing/Middleware/SubstituteBindings.php(50): Illuminate/Pipeline/Pipeline->{closure:{closure:Illuminate/Pipeline/Pipeline::carry():194}:195}()
#10 C:/xampp/htdocs/next-stage-completo/next-stage/vendor/laravel/framework/src/Illuminate/Pipeline/Pipeline.php(219): Illuminate/Routing/Middleware/SubstituteBindings->handle()
#11 C:/xampp/htdocs/next-stage-completo/next-stage/vendor/laravel/framework/src/Illuminate/Pipeline/Pipeline.php(137): Illuminate/Pipeline/Pipeline->{closure:{closure:Illuminate/Pipeline/Pipeline::carry():194}:195}()
#12 C:/xampp/htdocs/next-stage-completo/next-stage/vendor/laravel/framework/src/Illuminate/Routing/Router.php(821): Illuminate/Pipeline/Pipeline->then()
#13 C:/xampp/htdocs/next-stage-completo/next-stage/vendor/laravel/framework/src/Illuminate/Routing/Router.php(800): Illuminate/Routing/Router->runRouteWithinStack()
#14 C:/xampp/htdocs/next-stage-completo/next-stage/vendor/laravel/framework/src/Illuminate/Routing/Router.php(764): Illuminate/Routing/Router->runRoute()
#15 C:/xampp/htdocs/next-stage-completo/next-stage/vendor/laravel/framework/src/Illuminate/Routing/Router.php(753): Illuminate/Routing/Router->dispatchToRoute()
#16 C:/xampp/htdocs/next-stage-completo/next-stage/vendor/laravel/framework/src/Illuminate/Foundation/Http/Kernel.php(200): Illuminate/Routing/Router->dispatch()
#17 C:/xampp/htdocs/next-stage-completo/next-stage/vendor/laravel/framework/src/Illuminate/Pipeline/Pipeline.php(180): Illuminate/Foundation/Http/Kernel->{closure:Illuminate/Foundation/Http/Kernel::dispatchToRouter():197}()
#18 C:/xampp/htdocs/next-stage-completo/next-stage/vendor/laravel/framework/src/Illuminate/Foundation/Http/Middleware/TransformsRequest.php(21): Illuminate/Pipeline/Pipeline->{closure:Illuminate/Pipeline/Pipeline::prepareDestination():178}()
#19 C:/xampp/htdocs/next-stage-completo/next-stage/vendor/laravel/framework/src/Illuminate/Foundation/Http/Middleware/ConvertEmptyStringsToNull.php(31): Illuminate/Foundation/Http/Middleware/TransformsRequest->handle()
#20 C:/xampp/htdocs/next-stage-completo/next-stage/vendor/laravel/framework/src/Illuminate/Pipeline/Pipeline.php(219): Illuminate/Foundation/Http/Middleware/ConvertEmptyStringsToNull->handle()
#21 C:/xampp/htdocs/next-stage-completo/next-stage/vendor/laravel/framework/src/Illuminate/Foundation/Http/Middleware/TransformsRequest.php(21): Illuminate/Pipeline/Pipeline->{closure:{closure:Illuminate/Pipeline/Pipeline::carry():194}:195}()
#22 C:/xampp/htdocs/next-stage-completo/next-stage/vendor/laravel/framework/src/Illuminate/Foundation/Http/Middleware/TrimStrings.php(51): Illuminate/Foundation/Http/Middleware/TransformsRequest->handle()
#23 C:/xampp/htdocs/next-stage-completo/next-stage/vendor/laravel/framework/src/Illuminate/Pipeline/Pipeline.php(219): Illuminate/Foundation/Http/Middleware/TrimStrings->handle()
#24 C:/xampp/htdocs/next-stage-completo/next-stage/vendor/laravel/framework/src/Illuminate/Http/Middleware/ValidatePostSize.php(27): Illuminate/Pipeline/Pipeline->{closure:{closure:Illuminate/Pipeline/Pipeline::carry():194}:195}()
#25 C:/xampp/htdocs/next-stage-completo/next-stage/vendor/laravel/framework/src/Illuminate/Pipeline/Pipeline.php(219): Illuminate/Http/Middleware/ValidatePostSize->handle()
#26 C:/xampp/htdocs/next-stage-completo/next-stage/vendor/laravel/framework/src/Illuminate/Foundation/Http/Middleware/PreventRequestsDuringMaintenance.php(109): Illuminate/Pipeline/Pipeline->{closure:{closure:Illuminate/Pipeline/Pipeline::carry():194}:195}()
#27 C:/xampp/htdocs/next-stage-completo/next-stage/vendor/laravel/framework/src/Illuminate/Pipeline/Pipeline.php(219): Illuminate/Foundation/Http/Middleware/PreventRequestsDuringMaintenance->handle()
#28 C:/xampp/htdocs/next-stage-completo/next-stage/vendor/laravel/framework/src/Illuminate/Http/Middleware/HandleCors.php(74): Illuminate/Pipeline/Pipeline->{closure:{closure:Illuminate/Pipeline/Pipeline::carry():194}:195}()
#29 C:/xampp/htdocs/next-stage-completo/next-stage/vendor/laravel/framework/src/Illuminate/Pipeline/Pipeline.php(219): Illuminate/Http/Middleware/HandleCors->handle()
#30 C:/xampp/htdocs/next-stage-completo/next-stage/vendor/laravel/framework/src/Illuminate/Http/Middleware/TrustProxies.php(58): Illuminate/Pipeline/Pipeline->{closure:{closure:Illuminate/Pipeline/Pipeline::carry():194}:195}()
#31 C:/xampp/htdocs/next-stage-completo/next-stage/vendor/laravel/framework/src/Illuminate/Pipeline/Pipeline.php(219): Illuminate/Http/Middleware/TrustProxies->handle()
#32 C:/xampp/htdocs/next-stage-completo/next-stage/vendor/laravel/framework/src/Illuminate/Foundation/Http/Middleware/InvokeDeferredCallbacks.php(22): Illuminate/Pipeline/Pipeline->{closure:{closure:Illuminate/Pipeline/Pipeline::carry():194}:195}()
#33 C:/xampp/htdocs/next-stage-completo/next-stage/vendor/laravel/framework/src/Illuminate/Pipeline/Pipeline.php(219): Illuminate/Foundation/Http/Middleware/InvokeDeferredCallbacks->handle()
#34 C:/xampp/htdocs/next-stage-completo/next-stage/vendor/laravel/framework/src/Illuminate/Http/Middleware/ValidatePathEncoding.php(26): Illuminate/Pipeline/Pipeline->{closure:{closure:Illuminate/Pipeline/Pipeline::carry():194}:195}()
#35 C:/xampp/htdocs/next-stage-completo/next-stage/vendor/laravel/framework/src/Illuminate/Pipeline/Pipeline.php(219): Illuminate/Http/Middleware/ValidatePathEncoding->handle()
#36 C:/xampp/htdocs/next-stage-completo/next-stage/vendor/laravel/framework/src/Illuminate/Pipeline/Pipeline.php(137): Illuminate/Pipeline/Pipeline->{closure:{closure:Illuminate/Pipeline/Pipeline::carry():194}:195}()
#37 C:/xampp/htdocs/next-stage-completo/next-stage/vendor/laravel/framework/src/Illuminate/Foundation/Http/Kernel.php(175): Illuminate/Pipeline/Pipeline->then()
#38 C:/xampp/htdocs/next-stage-completo/next-stage/vendor/laravel/framework/src/Illuminate/Foundation/Http/Kernel.php(144): Illuminate/Foundation/Http/Kernel->sendRequestThroughRouter()
#39 C:/xampp/htdocs/next-stage-completo/next-stage/vendor/laravel/framework/src/Illuminate/Foundation/Application.php(1220): Illuminate/Foundation/Http/Kernel->handle()
#40 C:/xampp/htdocs/next-stage-completo/next-stage/public/index.php(17): Illuminate/Foundation/Application->handleRequest()
#41 C:/xampp/htdocs/next-stage-completo/next-stage/vendor/laravel/framework/src/Illuminate/Foundation/resources/server.php(23): require_once('...')
#42 {main}
"} 
[2026-04-09 22:50:38] local.ERROR: App\Features\Professor\Services\ProfessorService::atualizarStatus(): Argument #5 ($feedback) must be of type string, null given, called in C:\xampp\htdocs\next-stage-completo\next-stage\app\Features\Professor\Controllers\ProfessorController.php on line 101 {"exception":"[object] (TypeError(code: 0): App\\Features\\Professor\\Services\\ProfessorService::atualizarStatus(): Argument #5 ($feedback) must be of type string, null given, called in C:\\xampp\\htdocs\\next-stage-completo\\next-stage\\app\\Features\\Professor\\Controllers\\ProfessorController.php on line 101 at C:/xampp/htdocs/next-stage-completo/next-stage/app/Features/Professor/Services/ProfessorService.php:149)
[stacktrace]
#0 C:/xampp/htdocs/next-stage-completo/next-stage/app/Features/Professor/Controllers/ProfessorController.php(101): App/Features/Professor/Services/ProfessorService->atualizarStatus()
#1 C:/xampp/htdocs/next-stage-completo/next-stage/vendor/laravel/framework/src/Illuminate/Routing/Controller.php(54): App/Features/Professor/Controllers/ProfessorController->atualizarStatus()
#2 C:/xampp/htdocs/next-stage-completo/next-stage/vendor/laravel/framework/src/Illuminate/Routing/ControllerDispatcher.php(43): Illuminate/Routing/Controller->callAction()
#3 C:/xampp/htdocs/next-stage-completo/next-stage/vendor/laravel/framework/src/Illuminate/Routing/Route.php(265): Illuminate/Routing/ControllerDispatcher->dispatch()
#4 C:/xampp/htdocs/next-stage-completo/next-stage/vendor/laravel/framework/src/Illuminate/Routing/Route.php(211): Illuminate/Routing/Route->runController()
#5 C:/xampp/htdocs/next-stage-completo/next-stage/vendor/laravel/framework/src/Illuminate/Routing/Router.php(822): Illuminate/Routing/Route->run()
#6 C:/xampp/htdocs/next-stage-completo/next-stage/vendor/laravel/framework/src/Illuminate/Pipeline/Pipeline.php(180): Illuminate/Routing/Router->{closure:Illuminate/Routing/Router::runRouteWithinStack():821}()
#7 C:/xampp/htdocs/next-stage-completo/next-stage/app/Http/Middleware/VerificarToken.php(46): Illuminate/Pipeline/Pipeline->{closure:Illuminate/Pipeline/Pipeline::prepareDestination():178}()
#8 C:/xampp/htdocs/next-stage-completo/next-stage/vendor/laravel/framework/src/Illuminate/Pipeline/Pipeline.php(219): App/Http/Middleware/VerificarToken->handle()
#9 C:/xampp/htdocs/next-stage-completo/next-stage/vendor/laravel/framework/src/Illuminate/Routing/Middleware/SubstituteBindings.php(50): Illuminate/Pipeline/Pipeline->{closure:{closure:Illuminate/Pipeline/Pipeline::carry():194}:195}()
#10 C:/xampp/htdocs/next-stage-completo/next-stage/vendor/laravel/framework/src/Illuminate/Pipeline/Pipeline.php(219): Illuminate/Routing/Middleware/SubstituteBindings->handle()
#11 C:/xampp/htdocs/next-stage-completo/next-stage/vendor/laravel/framework/src/Illuminate/Pipeline/Pipeline.php(137): Illuminate/Pipeline/Pipeline->{closure:{closure:Illuminate/Pipeline/Pipeline::carry():194}:195}()
#12 C:/xampp/htdocs/next-stage-completo/next-stage/vendor/laravel/framework/src/Illuminate/Routing/Router.php(821): Illuminate/Pipeline/Pipeline->then()
#13 C:/xampp/htdocs/next-stage-completo/next-stage/vendor/laravel/framework/src/Illuminate/Routing/Router.php(800): Illuminate/Routing/Router->runRouteWithinStack()
#14 C:/xampp/htdocs/next-stage-completo/next-stage/vendor/laravel/framework/src/Illuminate/Routing/Router.php(764): Illuminate/Routing/Router->runRoute()
#15 C:/xampp/htdocs/next-stage-completo/next-stage/vendor/laravel/framework/src/Illuminate/Routing/Router.php(753): Illuminate/Routing/Router->dispatchToRoute()
#16 C:/xampp/htdocs/next-stage-completo/next-stage/vendor/laravel/framework/src/Illuminate/Foundation/Http/Kernel.php(200): Illuminate/Routing/Router->dispatch()
#17 C:/xampp/htdocs/next-stage-completo/next-stage/vendor/laravel/framework/src/Illuminate/Pipeline/Pipeline.php(180): Illuminate/Foundation/Http/Kernel->{closure:Illuminate/Foundation/Http/Kernel::dispatchToRouter():197}()
#18 C:/xampp/htdocs/next-stage-completo/next-stage/vendor/laravel/framework/src/Illuminate/Foundation/Http/Middleware/TransformsRequest.php(21): Illuminate/Pipeline/Pipeline->{closure:Illuminate/Pipeline/Pipeline::prepareDestination():178}()
#19 C:/xampp/htdocs/next-stage-completo/next-stage/vendor/laravel/framework/src/Illuminate/Foundation/Http/Middleware/ConvertEmptyStringsToNull.php(31): Illuminate/Foundation/Http/Middleware/TransformsRequest->handle()
#20 C:/xampp/htdocs/next-stage-completo/next-stage/vendor/laravel/framework/src/Illuminate/Pipeline/Pipeline.php(219): Illuminate/Foundation/Http/Middleware/ConvertEmptyStringsToNull->handle()
#21 C:/xampp/htdocs/next-stage-completo/next-stage/vendor/laravel/framework/src/Illuminate/Foundation/Http/Middleware/TransformsRequest.php(21): Illuminate/Pipeline/Pipeline->{closure:{closure:Illuminate/Pipeline/Pipeline::carry():194}:195}()
#22 C:/xampp/htdocs/next-stage-completo/next-stage/vendor/laravel/framework/src/Illuminate/Foundation/Http/Middleware/TrimStrings.php(51): Illuminate/Foundation/Http/Middleware/TransformsRequest->handle()
#23 C:/xampp/htdocs/next-stage-completo/next-stage/vendor/laravel/framework/src/Illuminate/Pipeline/Pipeline.php(219): Illuminate/Foundation/Http/Middleware/TrimStrings->handle()
#24 C:/xampp/htdocs/next-stage-completo/next-stage/vendor/laravel/framework/src/Illuminate/Http/Middleware/ValidatePostSize.php(27): Illuminate/Pipeline/Pipeline->{closure:{closure:Illuminate/Pipeline/Pipeline::carry():194}:195}()
#25 C:/xampp/htdocs/next-stage-completo/next-stage/vendor/laravel/framework/src/Illuminate/Pipeline/Pipeline.php(219): Illuminate/Http/Middleware/ValidatePostSize->handle()
#26 C:/xampp/htdocs/next-stage-completo/next-stage/vendor/laravel/framework/src/Illuminate/Foundation/Http/Middleware/PreventRequestsDuringMaintenance.php(109): Illuminate/Pipeline/Pipeline->{closure:{closure:Illuminate/Pipeline/Pipeline::carry():194}:195}()
#27 C:/xampp/htdocs/next-stage-completo/next-stage/vendor/laravel/framework/src/Illuminate/Pipeline/Pipeline.php(219): Illuminate/Foundation/Http/Middleware/PreventRequestsDuringMaintenance->handle()
#28 C:/xampp/htdocs/next-stage-completo/next-stage/vendor/laravel/framework/src/Illuminate/Http/Middleware/HandleCors.php(74): Illuminate/Pipeline/Pipeline->{closure:{closure:Illuminate/Pipeline/Pipeline::carry():194}:195}()
#29 C:/xampp/htdocs/next-stage-completo/next-stage/vendor/laravel/framework/src/Illuminate/Pipeline/Pipeline.php(219): Illuminate/Http/Middleware/HandleCors->handle()
#30 C:/xampp/htdocs/next-stage-completo/next-stage/vendor/laravel/framework/src/Illuminate/Http/Middleware/TrustProxies.php(58): Illuminate/Pipeline/Pipeline->{closure:{closure:Illuminate/Pipeline/Pipeline::carry():194}:195}()
#31 C:/xampp/htdocs/next-stage-completo/next-stage/vendor/laravel/framework/src/Illuminate/Pipeline/Pipeline.php(219): Illuminate/Http/Middleware/TrustProxies->handle()
#32 C:/xampp/htdocs/next-stage-completo/next-stage/vendor/laravel/framework/src/Illuminate/Foundation/Http/Middleware/InvokeDeferredCallbacks.php(22): Illuminate/Pipeline/Pipeline->{closure:{closure:Illuminate/Pipeline/Pipeline::carry():194}:195}()
#33 C:/xampp/htdocs/next-stage-completo/next-stage/vendor/laravel/framework/src/Illuminate/Pipeline/Pipeline.php(219): Illuminate/Foundation/Http/Middleware/InvokeDeferredCallbacks->handle()
#34 C:/xampp/htdocs/next-stage-completo/next-stage/vendor/laravel/framework/src/Illuminate/Http/Middleware/ValidatePathEncoding.php(26): Illuminate/Pipeline/Pipeline->{closure:{closure:Illuminate/Pipeline/Pipeline::carry():194}:195}()
#35 C:/xampp/htdocs/next-stage-completo/next-stage/vendor/laravel/framework/src/Illuminate/Pipeline/Pipeline.php(219): Illuminate/Http/Middleware/ValidatePathEncoding->handle()
#36 C:/xampp/htdocs/next-stage-completo/next-stage/vendor/laravel/framework/src/Illuminate/Pipeline/Pipeline.php(137): Illuminate/Pipeline/Pipeline->{closure:{closure:Illuminate/Pipeline/Pipeline::carry():194}:195}()
#37 C:/xampp/htdocs/next-stage-completo/next-stage/vendor/laravel/framework/src/Illuminate/Foundation/Http/Kernel.php(175): Illuminate/Pipeline/Pipeline->then()
#38 C:/xampp/htdocs/next-stage-completo/next-stage/vendor/laravel/framework/src/Illuminate/Foundation/Http/Kernel.php(144): Illuminate/Foundation/Http/Kernel->sendRequestThroughRouter()
#39 C:/xampp/htdocs/next-stage-completo/next-stage/vendor/laravel/framework/src/Illuminate/Foundation/Application.php(1220): Illuminate/Foundation/Http/Kernel->handle()
#40 C:/xampp/htdocs/next-stage-completo/next-stage/public/index.php(17): Illuminate/Foundation/Application->handleRequest()
#41 C:/xampp/htdocs/next-stage-completo/next-stage/vendor/laravel/framework/src/Illuminate/Foundation/resources/server.php(23): require_once('...')
#42 {main}
"} 
[2026-04-09 22:50:45] local.ERROR: App\Features\Professor\Services\ProfessorService::atualizarStatus(): Argument #5 ($feedback) must be of type string, null given, called in C:\xampp\htdocs\next-stage-completo\next-stage\app\Features\Professor\Controllers\ProfessorController.php on line 101 {"exception":"[object] (TypeError(code: 0): App\\Features\\Professor\\Services\\ProfessorService::atualizarStatus(): Argument #5 ($feedback) must be of type string, null given, called in C:\\xampp\\htdocs\\next-stage-completo\\next-stage\\app\\Features\\Professor\\Controllers\\ProfessorController.php on line 101 at C:/xampp/htdocs/next-stage-completo/next-stage/app/Features/Professor/Services/ProfessorService.php:149)
[stacktrace]
#0 C:/xampp/htdocs/next-stage-completo/next-stage/app/Features/Professor/Controllers/ProfessorController.php(101): App/Features/Professor/Services/ProfessorService->atualizarStatus()
#1 C:/xampp/htdocs/next-stage-completo/next-stage/vendor/laravel/framework/src/Illuminate/Routing/Controller.php(54): App/Features/Professor/Controllers/ProfessorController->atualizarStatus()
#2 C:/xampp/htdocs/next-stage-completo/next-stage/vendor/laravel/framework/src/Illuminate/Routing/ControllerDispatcher.php(43): Illuminate/Routing/Controller->callAction()
#3 C:/xampp/htdocs/next-stage-completo/next-stage/vendor/laravel/framework/src/Illuminate/Routing/Route.php(265): Illuminate/Routing/ControllerDispatcher->dispatch()
#4 C:/xampp/htdocs/next-stage-completo/next-stage/vendor/laravel/framework/src/Illuminate/Routing/Route.php(211): Illuminate/Routing/Route->runController()
#5 C:/xampp/htdocs/next-stage-completo/next-stage/vendor/laravel/framework/src/Illuminate/Routing/Router.php(822): Illuminate/Routing/Route->run()
#6 C:/xampp/htdocs/next-stage-completo/next-stage/vendor/laravel/framework/src/Illuminate/Pipeline/Pipeline.php(180): Illuminate/Routing/Router->{closure:Illuminate/Routing/Router::runRouteWithinStack():821}()
#7 C:/xampp/htdocs/next-stage-completo/next-stage/app/Http/Middleware/VerificarToken.php(46): Illuminate/Pipeline/Pipeline->{closure:Illuminate/Pipeline/Pipeline::prepareDestination():178}()
#8 C:/xampp/htdocs/next-stage-completo/next-stage/vendor/laravel/framework/src/Illuminate/Pipeline/Pipeline.php(219): App/Http/Middleware/VerificarToken->handle()
#9 C:/xampp/htdocs/next-stage-completo/next-stage/vendor/laravel/framework/src/Illuminate/Routing/Middleware/SubstituteBindings.php(50): Illuminate/Pipeline/Pipeline->{closure:{closure:Illuminate/Pipeline/Pipeline::carry():194}:195}()
#10 C:/xampp/htdocs/next-stage-completo/next-stage/vendor/laravel/framework/src/Illuminate/Pipeline/Pipeline.php(219): Illuminate/Routing/Middleware/SubstituteBindings->handle()
#11 C:/xampp/htdocs/next-stage-completo/next-stage/vendor/laravel/framework/src/Illuminate/Pipeline/Pipeline.php(137): Illuminate/Pipeline/Pipeline->{closure:{closure:Illuminate/Pipeline/Pipeline::carry():194}:195}()
#12 C:/xampp/htdocs/next-stage-completo/next-stage/vendor/laravel/framework/src/Illuminate/Routing/Router.php(821): Illuminate/Pipeline/Pipeline->then()
#13 C:/xampp/htdocs/next-stage-completo/next-stage/vendor/laravel/framework/src/Illuminate/Routing/Router.php(800): Illuminate/Routing/Router->runRouteWithinStack()
#14 C:/xampp/htdocs/next-stage-completo/next-stage/vendor/laravel/framework/src/Illuminate/Routing/Router.php(764): Illuminate/Routing/Router->runRoute()
#15 C:/xampp/htdocs/next-stage-completo/next-stage/vendor/laravel/framework/src/Illuminate/Routing/Router.php(753): Illuminate/Routing/Router->dispatchToRoute()
#16 C:/xampp/htdocs/next-stage-completo/next-stage/vendor/laravel/framework/src/Illuminate/Foundation/Http/Kernel.php(200): Illuminate/Routing/Router->dispatch()
#17 C:/xampp/htdocs/next-stage-completo/next-stage/vendor/laravel/framework/src/Illuminate/Pipeline/Pipeline.php(180): Illuminate/Foundation/Http/Kernel->{closure:Illuminate/Foundation/Http/Kernel::dispatchToRouter():197}()
#18 C:/xampp/htdocs/next-stage-completo/next-stage/vendor/laravel/framework/src/Illuminate/Foundation/Http/Middleware/TransformsRequest.php(21): Illuminate/Pipeline/Pipeline->{closure:Illuminate/Pipeline/Pipeline::prepareDestination():178}()
#19 C:/xampp/htdocs/next-stage-completo/next-stage/vendor/laravel/framework/src/Illuminate/Foundation/Http/Middleware/ConvertEmptyStringsToNull.php(31): Illuminate/Foundation/Http/Middleware/TransformsRequest->handle()
#20 C:/xampp/htdocs/next-stage-completo/next-stage/vendor/laravel/framework/src/Illuminate/Pipeline/Pipeline.php(219): Illuminate/Foundation/Http/Middleware/ConvertEmptyStringsToNull->handle()
#21 C:/xampp/htdocs/next-stage-completo/next-stage/vendor/laravel/framework/src/Illuminate/Foundation/Http/Middleware/TransformsRequest.php(21): Illuminate/Pipeline/Pipeline->{closure:{closure:Illuminate/Pipeline/Pipeline::carry():194}:195}()
#22 C:/xampp/htdocs/next-stage-completo/next-stage/vendor/laravel/framework/src/Illuminate/Foundation/Http/Middleware/TrimStrings.php(51): Illuminate/Foundation/Http/Middleware/TransformsRequest->handle()
#23 C:/xampp/htdocs/next-stage-completo/next-stage/vendor/laravel/framework/src/Illuminate/Pipeline/Pipeline.php(219): Illuminate/Foundation/Http/Middleware/TrimStrings->handle()
#24 C:/xampp/htdocs/next-stage-completo/next-stage/vendor/laravel/framework/src/Illuminate/Http/Middleware/ValidatePostSize.php(27): Illuminate/Pipeline/Pipeline->{closure:{closure:Illuminate/Pipeline/Pipeline::carry():194}:195}()
#25 C:/xampp/htdocs/next-stage-completo/next-stage/vendor/laravel/framework/src/Illuminate/Pipeline/Pipeline.php(219): Illuminate/Http/Middleware/ValidatePostSize->handle()
#26 C:/xampp/htdocs/next-stage-completo/next-stage/vendor/laravel/framework/src/Illuminate/Foundation/Http/Middleware/PreventRequestsDuringMaintenance.php(109): Illuminate/Pipeline/Pipeline->{closure:{closure:Illuminate/Pipeline/Pipeline::carry():194}:195}()
#27 C:/xampp/htdocs/next-stage-completo/next-stage/vendor/laravel/framework/src/Illuminate/Pipeline/Pipeline.php(219): Illuminate/Foundation/Http/Middleware/PreventRequestsDuringMaintenance->handle()
#28 C:/xampp/htdocs/next-stage-completo/next-stage/vendor/laravel/framework/src/Illuminate/Http/Middleware/HandleCors.php(74): Illuminate/Pipeline/Pipeline->{closure:{closure:Illuminate/Pipeline/Pipeline::carry():194}:195}()
#29 C:/xampp/htdocs/next-stage-completo/next-stage/vendor/laravel/framework/src/Illuminate/Pipeline/Pipeline.php(219): Illuminate/Http/Middleware/HandleCors->handle()
#30 C:/xampp/htdocs/next-stage-completo/next-stage/vendor/laravel/framework/src/Illuminate/Http/Middleware/TrustProxies.php(58): Illuminate/Pipeline/Pipeline->{closure:{closure:Illuminate/Pipeline/Pipeline::carry():194}:195}()
#31 C:/xampp/htdocs/next-stage-completo/next-stage/vendor/laravel/framework/src/Illuminate/Pipeline/Pipeline.php(219): Illuminate/Http/Middleware/TrustProxies->handle()
#32 C:/xampp/htdocs/next-stage-completo/next-stage/vendor/laravel/framework/src/Illuminate/Foundation/Http/Middleware/InvokeDeferredCallbacks.php(22): Illuminate/Pipeline/Pipeline->{closure:{closure:Illuminate/Pipeline/Pipeline::carry():194}:195}()
#33 C:/xampp/htdocs/next-stage-completo/next-stage/vendor/laravel/framework/src/Illuminate/Pipeline/Pipeline.php(219): Illuminate/Foundation/Http/Middleware/InvokeDeferredCallbacks->handle()
#34 C:/xampp/htdocs/next-stage-completo/next-stage/vendor/laravel/framework/src/Illuminate/Http/Middleware/ValidatePathEncoding.php(26): Illuminate/Pipeline/Pipeline->{closure:{closure:Illuminate/Pipeline/Pipeline::carry():194}:195}()
#35 C:/xampp/htdocs/next-stage-completo/next-stage/vendor/laravel/framework/src/Illuminate/Pipeline/Pipeline.php(219): Illuminate/Http/Middleware/ValidatePathEncoding->handle()
#36 C:/xampp/htdocs/next-stage-completo/next-stage/vendor/laravel/framework/src/Illuminate/Pipeline/Pipeline.php(137): Illuminate/Pipeline/Pipeline->{closure:{closure:Illuminate/Pipeline/Pipeline::carry():194}:195}()
#37 C:/xampp/htdocs/next-stage-completo/next-stage/vendor/laravel/framework/src/Illuminate/Foundation/Http/Kernel.php(175): Illuminate/Pipeline/Pipeline->then()
#38 C:/xampp/htdocs/next-stage-completo/next-stage/vendor/laravel/framework/src/Illuminate/Foundation/Http/Kernel.php(144): Illuminate/Foundation/Http/Kernel->sendRequestThroughRouter()
#39 C:/xampp/htdocs/next-stage-completo/next-stage/vendor/laravel/framework/src/Illuminate/Foundation/Application.php(1220): Illuminate/Foundation/Http/Kernel->handle()
#40 C:/xampp/htdocs/next-stage-completo/next-stage/public/index.php(17): Illuminate/Foundation/Application->handleRequest()
#41 C:/xampp/htdocs/next-stage-completo/next-stage/vendor/laravel/framework/src/Illuminate/Foundation/resources/server.php(23): require_once('...')
#42 {main}
"} 
[2026-04-15 19:17:19] production.ERROR: No application encryption key has been specified. {"exception":"[object] (Illuminate\\Encryption\\MissingAppKeyException(code: 0): No application encryption key has been specified. at C:/Users/henri/Downloads/Next-Stage_Laravelico/vendor/laravel/framework/src/Illuminate/Encryption/EncryptionServiceProvider.php:83)
[stacktrace]
#0 C:/Users/henri/Downloads/Next-Stage_Laravelico/vendor/laravel/framework/src/Illuminate/Support/helpers.php(393): Illuminate/Encryption/EncryptionServiceProvider->{closure:Illuminate/Encryption/EncryptionServiceProvider::key():81}()
#1 C:/Users/henri/Downloads/Next-Stage_Laravelico/vendor/laravel/framework/src/Illuminate/Encryption/EncryptionServiceProvider.php(81): tap()
#2 C:/Users/henri/Downloads/Next-Stage_Laravelico/vendor/laravel/framework/src/Illuminate/Encryption/EncryptionServiceProvider.php(64): Illuminate/Encryption/EncryptionServiceProvider->key()
#3 C:/Users/henri/Downloads/Next-Stage_Laravelico/vendor/laravel/framework/src/Illuminate/Encryption/EncryptionServiceProvider.php(32): Illuminate/Encryption/EncryptionServiceProvider->parseKey()
#4 C:/Users/henri/Downloads/Next-Stage_Laravelico/vendor/laravel/framework/src/Illuminate/Container/Container.php(1115): Illuminate/Encryption/EncryptionServiceProvider->{closure:Illuminate/Encryption/EncryptionServiceProvider::registerEncrypter():29}()
#5 C:/Users/henri/Downloads/Next-Stage_Laravelico/vendor/laravel/framework/src/Illuminate/Container/Container.php(933): Illuminate/Container/Container->build()
#6 C:/Users/henri/Downloads/Next-Stage_Laravelico/vendor/laravel/framework/src/Illuminate/Foundation/Application.php(1078): Illuminate/Container/Container->resolve()
#7 C:/Users/henri/Downloads/Next-Stage_Laravelico/vendor/laravel/framework/src/Illuminate/Container/Container.php(864): Illuminate/Foundation/Application->resolve()
#8 C:/Users/henri/Downloads/Next-Stage_Laravelico/vendor/laravel/framework/src/Illuminate/Foundation/Application.php(1058): Illuminate/Container/Container->make()
#9 C:/Users/henri/Downloads/Next-Stage_Laravelico/vendor/laravel/framework/src/Illuminate/Container/Container.php(1336): Illuminate/Foundation/Application->make()
#10 C:/Users/henri/Downloads/Next-Stage_Laravelico/vendor/laravel/framework/src/Illuminate/Container/Container.php(1237): Illuminate/Container/Container->resolveClass()
#11 C:/Users/henri/Downloads/Next-Stage_Laravelico/vendor/laravel/framework/src/Illuminate/Container/Container.php(1162): Illuminate/Container/Container->resolveDependencies()
#12 C:/Users/henri/Downloads/Next-Stage_Laravelico/vendor/laravel/framework/src/Illuminate/Container/Container.php(933): Illuminate/Container/Container->build()
#13 C:/Users/henri/Downloads/Next-Stage_Laravelico/vendor/laravel/framework/src/Illuminate/Foundation/Application.php(1078): Illuminate/Container/Container->resolve()
#14 C:/Users/henri/Downloads/Next-Stage_Laravelico/vendor/laravel/framework/src/Illuminate/Container/Container.php(864): Illuminate/Foundation/Application->resolve()
#15 C:/Users/henri/Downloads/Next-Stage_Laravelico/vendor/laravel/framework/src/Illuminate/Foundation/Application.php(1058): Illuminate/Container/Container->make()
#16 C:/Users/henri/Downloads/Next-Stage_Laravelico/vendor/laravel/framework/src/Illuminate/Pipeline/Pipeline.php(208): Illuminate/Foundation/Application->make()
#17 C:/Users/henri/Downloads/Next-Stage_Laravelico/vendor/laravel/framework/src/Illuminate/Pipeline/Pipeline.php(137): Illuminate/Pipeline/Pipeline->{closure:{closure:Illuminate/Pipeline/Pipeline::carry():194}:195}()
#18 C:/Users/henri/Downloads/Next-Stage_Laravelico/vendor/laravel/framework/src/Illuminate/Routing/Router.php(821): Illuminate/Pipeline/Pipeline->then()
#19 C:/Users/henri/Downloads/Next-Stage_Laravelico/vendor/laravel/framework/src/Illuminate/Routing/Router.php(800): Illuminate/Routing/Router->runRouteWithinStack()
#20 C:/Users/henri/Downloads/Next-Stage_Laravelico/vendor/laravel/framework/src/Illuminate/Routing/Router.php(764): Illuminate/Routing/Router->runRoute()
#21 C:/Users/henri/Downloads/Next-Stage_Laravelico/vendor/laravel/framework/src/Illuminate/Routing/Router.php(753): Illuminate/Routing/Router->dispatchToRoute()
#22 C:/Users/henri/Downloads/Next-Stage_Laravelico/vendor/laravel/framework/src/Illuminate/Foundation/Http/Kernel.php(200): Illuminate/Routing/Router->dispatch()
#23 C:/Users/henri/Downloads/Next-Stage_Laravelico/vendor/laravel/framework/src/Illuminate/Pipeline/Pipeline.php(180): Illuminate/Foundation/Http/Kernel->{closure:Illuminate/Foundation/Http/Kernel::dispatchToRouter():197}()
#24 C:/Users/henri/Downloads/Next-Stage_Laravelico/vendor/laravel/framework/src/Illuminate/Foundation/Http/Middleware/TransformsRequest.php(21): Illuminate/Pipeline/Pipeline->{closure:Illuminate/Pipeline/Pipeline::prepareDestination():178}()
#25 C:/Users/henri/Downloads/Next-Stage_Laravelico/vendor/laravel/framework/src/Illuminate/Foundation/Http/Middleware/ConvertEmptyStringsToNull.php(31): Illuminate/Foundation/Http/Middleware/TransformsRequest->handle()
#26 C:/Users/henri/Downloads/Next-Stage_Laravelico/vendor/laravel/framework/src/Illuminate/Pipeline/Pipeline.php(219): Illuminate/Foundation/Http/Middleware/ConvertEmptyStringsToNull->handle()
#27 C:/Users/henri/Downloads/Next-Stage_Laravelico/vendor/laravel/framework/src/Illuminate/Foundation/Http/Middleware/TransformsRequest.php(21): Illuminate/Pipeline/Pipeline->{closure:{closure:Illuminate/Pipeline/Pipeline::carry():194}:195}()
#28 C:/Users/henri/Downloads/Next-Stage_Laravelico/vendor/laravel/framework/src/Illuminate/Foundation/Http/Middleware/TrimStrings.php(51): Illuminate/Foundation/Http/Middleware/TransformsRequest->handle()
#29 C:/Users/henri/Downloads/Next-Stage_Laravelico/vendor/laravel/framework/src/Illuminate/Pipeline/Pipeline.php(219): Illuminate/Foundation/Http/Middleware/TrimStrings->handle()
#30 C:/Users/henri/Downloads/Next-Stage_Laravelico/vendor/laravel/framework/src/Illuminate/Http/Middleware/ValidatePostSize.php(27): Illuminate/Pipeline/Pipeline->{closure:{closure:Illuminate/Pipeline/Pipeline::carry():194}:195}()
#31 C:/Users/henri/Downloads/Next-Stage_Laravelico/vendor/laravel/framework/src/Illuminate/Pipeline/Pipeline.php(219): Illuminate/Http/Middleware/ValidatePostSize->handle()
#32 C:/Users/henri/Downloads/Next-Stage_Laravelico/vendor/laravel/framework/src/Illuminate/Foundation/Http/Middleware/PreventRequestsDuringMaintenance.php(109): Illuminate/Pipeline/Pipeline->{closure:{closure:Illuminate/Pipeline/Pipeline::carry():194}:195}()
#33 C:/Users/henri/Downloads/Next-Stage_Laravelico/vendor/laravel/framework/src/Illuminate/Pipeline/Pipeline.php(219): Illuminate/Foundation/Http/Middleware/PreventRequestsDuringMaintenance->handle()
#34 C:/Users/henri/Downloads/Next-Stage_Laravelico/vendor/laravel/framework/src/Illuminate/Http/Middleware/HandleCors.php(61): Illuminate/Pipeline/Pipeline->{closure:{closure:Illuminate/Pipeline/Pipeline::carry():194}:195}()
#35 C:/Users/henri/Downloads/Next-Stage_Laravelico/vendor/laravel/framework/src/Illuminate/Pipeline/Pipeline.php(219): Illuminate/Http/Middleware/HandleCors->handle()
#36 C:/Users/henri/Downloads/Next-Stage_Laravelico/vendor/laravel/framework/src/Illuminate/Http/Middleware/TrustProxies.php(58): Illuminate/Pipeline/Pipeline->{closure:{closure:Illuminate/Pipeline/Pipeline::carry():194}:195}()
#37 C:/Users/henri/Downloads/Next-Stage_Laravelico/vendor/laravel/framework/src/Illuminate/Pipeline/Pipeline.php(219): Illuminate/Http/Middleware/TrustProxies->handle()
#38 C:/Users/henri/Downloads/Next-Stage_Laravelico/vendor/laravel/framework/src/Illuminate/Foundation/Http/Middleware/InvokeDeferredCallbacks.php(22): Illuminate/Pipeline/Pipeline->{closure:{closure:Illuminate/Pipeline/Pipeline::carry():194}:195}()
#39 C:/Users/henri/Downloads/Next-Stage_Laravelico/vendor/laravel/framework/src/Illuminate/Pipeline/Pipeline.php(219): Illuminate/Foundation/Http/Middleware/InvokeDeferredCallbacks->handle()
#40 C:/Users/henri/Downloads/Next-Stage_Laravelico/vendor/laravel/framework/src/Illuminate/Http/Middleware/ValidatePathEncoding.php(26): Illuminate/Pipeline/Pipeline->{closure:{closure:Illuminate/Pipeline/Pipeline::carry():194}:195}()
#41 C:/Users/henri/Downloads/Next-Stage_Laravelico/vendor/laravel/framework/src/Illuminate/Pipeline/Pipeline.php(219): Illuminate/Http/Middleware/ValidatePathEncoding->handle()
#42 C:/Users/henri/Downloads/Next-Stage_Laravelico/vendor/laravel/framework/src/Illuminate/Pipeline/Pipeline.php(137): Illuminate/Pipeline/Pipeline->{closure:{closure:Illuminate/Pipeline/Pipeline::carry():194}:195}()
#43 C:/Users/henri/Downloads/Next-Stage_Laravelico/vendor/laravel/framework/src/Illuminate/Foundation/Http/Kernel.php(175): Illuminate/Pipeline/Pipeline->then()
#44 C:/Users/henri/Downloads/Next-Stage_Laravelico/vendor/laravel/framework/src/Illuminate/Foundation/Http/Kernel.php(144): Illuminate/Foundation/Http/Kernel->sendRequestThroughRouter()
#45 C:/Users/henri/Downloads/Next-Stage_Laravelico/vendor/laravel/framework/src/Illuminate/Foundation/Application.php(1220): Illuminate/Foundation/Http/Kernel->handle()
#46 C:/Users/henri/Downloads/Next-Stage_Laravelico/public/index.php(17): Illuminate/Foundation/Application->handleRequest()
#47 C:/Users/henri/Downloads/Next-Stage_Laravelico/vendor/laravel/framework/src/Illuminate/Foundation/resources/server.php(23): require_once('...')
#48 {main}
"} 
[2026-04-15 19:17:19] production.ERROR: No application encryption key has been specified. {"exception":"[object] (Illuminate\\Encryption\\MissingAppKeyException(code: 0): No application encryption key has been specified. at C:/Users/henri/Downloads/Next-Stage_Laravelico/vendor/laravel/framework/src/Illuminate/Encryption/EncryptionServiceProvider.php:83)
[stacktrace]
#0 C:/Users/henri/Downloads/Next-Stage_Laravelico/vendor/laravel/framework/src/Illuminate/Support/helpers.php(393): Illuminate/Encryption/EncryptionServiceProvider->{closure:Illuminate/Encryption/EncryptionServiceProvider::key():81}()
#1 C:/Users/henri/Downloads/Next-Stage_Laravelico/vendor/laravel/framework/src/Illuminate/Encryption/EncryptionServiceProvider.php(81): tap()
#2 C:/Users/henri/Downloads/Next-Stage_Laravelico/vendor/laravel/framework/src/Illuminate/Encryption/EncryptionServiceProvider.php(64): Illuminate/Encryption/EncryptionServiceProvider->key()
#3 C:/Users/henri/Downloads/Next-Stage_Laravelico/vendor/laravel/framework/src/Illuminate/Encryption/EncryptionServiceProvider.php(32): Illuminate/Encryption/EncryptionServiceProvider->parseKey()
#4 C:/Users/henri/Downloads/Next-Stage_Laravelico/vendor/laravel/framework/src/Illuminate/Container/Container.php(1115): Illuminate/Encryption/EncryptionServiceProvider->{closure:Illuminate/Encryption/EncryptionServiceProvider::registerEncrypter():29}()
#5 C:/Users/henri/Downloads/Next-Stage_Laravelico/vendor/laravel/framework/src/Illuminate/Container/Container.php(933): Illuminate/Container/Container->build()
#6 C:/Users/henri/Downloads/Next-Stage_Laravelico/vendor/laravel/framework/src/Illuminate/Foundation/Application.php(1078): Illuminate/Container/Container->resolve()
#7 C:/Users/henri/Downloads/Next-Stage_Laravelico/vendor/laravel/framework/src/Illuminate/Container/Container.php(864): Illuminate/Foundation/Application->resolve()
#8 C:/Users/henri/Downloads/Next-Stage_Laravelico/vendor/laravel/framework/src/Illuminate/Foundation/Application.php(1058): Illuminate/Container/Container->make()
#9 C:/Users/henri/Downloads/Next-Stage_Laravelico/vendor/laravel/framework/src/Illuminate/Container/Container.php(1336): Illuminate/Foundation/Application->make()
#10 C:/Users/henri/Downloads/Next-Stage_Laravelico/vendor/laravel/framework/src/Illuminate/Container/Container.php(1237): Illuminate/Container/Container->resolveClass()
#11 C:/Users/henri/Downloads/Next-Stage_Laravelico/vendor/laravel/framework/src/Illuminate/Container/Container.php(1162): Illuminate/Container/Container->resolveDependencies()
#12 C:/Users/henri/Downloads/Next-Stage_Laravelico/vendor/laravel/framework/src/Illuminate/Container/Container.php(933): Illuminate/Container/Container->build()
#13 C:/Users/henri/Downloads/Next-Stage_Laravelico/vendor/laravel/framework/src/Illuminate/Foundation/Application.php(1078): Illuminate/Container/Container->resolve()
#14 C:/Users/henri/Downloads/Next-Stage_Laravelico/vendor/laravel/framework/src/Illuminate/Container/Container.php(864): Illuminate/Foundation/Application->resolve()
#15 C:/Users/henri/Downloads/Next-Stage_Laravelico/vendor/laravel/framework/src/Illuminate/Foundation/Application.php(1058): Illuminate/Container/Container->make()
#16 C:/Users/henri/Downloads/Next-Stage_Laravelico/vendor/laravel/framework/src/Illuminate/Foundation/Http/Kernel.php(257): Illuminate/Foundation/Application->make()
#17 C:/Users/henri/Downloads/Next-Stage_Laravelico/vendor/laravel/framework/src/Illuminate/Foundation/Http/Kernel.php(215): Illuminate/Foundation/Http/Kernel->terminateMiddleware()
#18 C:/Users/henri/Downloads/Next-Stage_Laravelico/vendor/laravel/framework/src/Illuminate/Foundation/Application.php(1222): Illuminate/Foundation/Http/Kernel->terminate()
#19 C:/Users/henri/Downloads/Next-Stage_Laravelico/public/index.php(17): Illuminate/Foundation/Application->handleRequest()
#20 C:/Users/henri/Downloads/Next-Stage_Laravelico/vendor/laravel/framework/src/Illuminate/Foundation/resources/server.php(23): require_once('...')
#21 {main}
"} 
[2026-04-15 19:17:25] production.ERROR: No application encryption key has been specified. {"exception":"[object] (Illuminate\\Encryption\\MissingAppKeyException(code: 0): No application encryption key has been specified. at C:/Users/henri/Downloads/Next-Stage_Laravelico/vendor/laravel/framework/src/Illuminate/Encryption/EncryptionServiceProvider.php:83)
[stacktrace]
#0 C:/Users/henri/Downloads/Next-Stage_Laravelico/vendor/laravel/framework/src/Illuminate/Support/helpers.php(393): Illuminate/Encryption/EncryptionServiceProvider->{closure:Illuminate/Encryption/EncryptionServiceProvider::key():81}()
#1 C:/Users/henri/Downloads/Next-Stage_Laravelico/vendor/laravel/framework/src/Illuminate/Encryption/EncryptionServiceProvider.php(81): tap()
#2 C:/Users/henri/Downloads/Next-Stage_Laravelico/vendor/laravel/framework/src/Illuminate/Encryption/EncryptionServiceProvider.php(64): Illuminate/Encryption/EncryptionServiceProvider->key()
#3 C:/Users/henri/Downloads/Next-Stage_Laravelico/vendor/laravel/framework/src/Illuminate/Encryption/EncryptionServiceProvider.php(32): Illuminate/Encryption/EncryptionServiceProvider->parseKey()
#4 C:/Users/henri/Downloads/Next-Stage_Laravelico/vendor/laravel/framework/src/Illuminate/Container/Container.php(1115): Illuminate/Encryption/EncryptionServiceProvider->{closure:Illuminate/Encryption/EncryptionServiceProvider::registerEncrypter():29}()
#5 C:/Users/henri/Downloads/Next-Stage_Laravelico/vendor/laravel/framework/src/Illuminate/Container/Container.php(933): Illuminate/Container/Container->build()
#6 C:/Users/henri/Downloads/Next-Stage_Laravelico/vendor/laravel/framework/src/Illuminate/Foundation/Application.php(1078): Illuminate/Container/Container->resolve()
#7 C:/Users/henri/Downloads/Next-Stage_Laravelico/vendor/laravel/framework/src/Illuminate/Container/Container.php(864): Illuminate/Foundation/Application->resolve()
#8 C:/Users/henri/Downloads/Next-Stage_Laravelico/vendor/laravel/framework/src/Illuminate/Foundation/Application.php(1058): Illuminate/Container/Container->make()
#9 C:/Users/henri/Downloads/Next-Stage_Laravelico/vendor/laravel/framework/src/Illuminate/Container/Container.php(1336): Illuminate/Foundation/Application->make()
#10 C:/Users/henri/Downloads/Next-Stage_Laravelico/vendor/laravel/framework/src/Illuminate/Container/Container.php(1237): Illuminate/Container/Container->resolveClass()
#11 C:/Users/henri/Downloads/Next-Stage_Laravelico/vendor/laravel/framework/src/Illuminate/Container/Container.php(1162): Illuminate/Container/Container->resolveDependencies()
#12 C:/Users/henri/Downloads/Next-Stage_Laravelico/vendor/laravel/framework/src/Illuminate/Container/Container.php(933): Illuminate/Container/Container->build()
#13 C:/Users/henri/Downloads/Next-Stage_Laravelico/vendor/laravel/framework/src/Illuminate/Foundation/Application.php(1078): Illuminate/Container/Container->resolve()
#14 C:/Users/henri/Downloads/Next-Stage_Laravelico/vendor/laravel/framework/src/Illuminate/Container/Container.php(864): Illuminate/Foundation/Application->resolve()
#15 C:/Users/henri/Downloads/Next-Stage_Laravelico/vendor/laravel/framework/src/Illuminate/Foundation/Application.php(1058): Illuminate/Container/Container->make()
#16 C:/Users/henri/Downloads/Next-Stage_Laravelico/vendor/laravel/framework/src/Illuminate/Pipeline/Pipeline.php(208): Illuminate/Foundation/Application->make()
#17 C:/Users/henri/Downloads/Next-Stage_Laravelico/vendor/laravel/framework/src/Illuminate/Pipeline/Pipeline.php(137): Illuminate/Pipeline/Pipeline->{closure:{closure:Illuminate/Pipeline/Pipeline::carry():194}:195}()
#18 C:/Users/henri/Downloads/Next-Stage_Laravelico/vendor/laravel/framework/src/Illuminate/Routing/Router.php(821): Illuminate/Pipeline/Pipeline->then()
#19 C:/Users/henri/Downloads/Next-Stage_Laravelico/vendor/laravel/framework/src/Illuminate/Routing/Router.php(800): Illuminate/Routing/Router->runRouteWithinStack()
#20 C:/Users/henri/Downloads/Next-Stage_Laravelico/vendor/laravel/framework/src/Illuminate/Routing/Router.php(764): Illuminate/Routing/Router->runRoute()
#21 C:/Users/henri/Downloads/Next-Stage_Laravelico/vendor/laravel/framework/src/Illuminate/Routing/Router.php(753): Illuminate/Routing/Router->dispatchToRoute()
#22 C:/Users/henri/Downloads/Next-Stage_Laravelico/vendor/laravel/framework/src/Illuminate/Foundation/Http/Kernel.php(200): Illuminate/Routing/Router->dispatch()
#23 C:/Users/henri/Downloads/Next-Stage_Laravelico/vendor/laravel/framework/src/Illuminate/Pipeline/Pipeline.php(180): Illuminate/Foundation/Http/Kernel->{closure:Illuminate/Foundation/Http/Kernel::dispatchToRouter():197}()
#24 C:/Users/henri/Downloads/Next-Stage_Laravelico/vendor/laravel/framework/src/Illuminate/Foundation/Http/Middleware/TransformsRequest.php(21): Illuminate/Pipeline/Pipeline->{closure:Illuminate/Pipeline/Pipeline::prepareDestination():178}()
#25 C:/Users/henri/Downloads/Next-Stage_Laravelico/vendor/laravel/framework/src/Illuminate/Foundation/Http/Middleware/ConvertEmptyStringsToNull.php(31): Illuminate/Foundation/Http/Middleware/TransformsRequest->handle()
#26 C:/Users/henri/Downloads/Next-Stage_Laravelico/vendor/laravel/framework/src/Illuminate/Pipeline/Pipeline.php(219): Illuminate/Foundation/Http/Middleware/ConvertEmptyStringsToNull->handle()
#27 C:/Users/henri/Downloads/Next-Stage_Laravelico/vendor/laravel/framework/src/Illuminate/Foundation/Http/Middleware/TransformsRequest.php(21): Illuminate/Pipeline/Pipeline->{closure:{closure:Illuminate/Pipeline/Pipeline::carry():194}:195}()
#28 C:/Users/henri/Downloads/Next-Stage_Laravelico/vendor/laravel/framework/src/Illuminate/Foundation/Http/Middleware/TrimStrings.php(51): Illuminate/Foundation/Http/Middleware/TransformsRequest->handle()
#29 C:/Users/henri/Downloads/Next-Stage_Laravelico/vendor/laravel/framework/src/Illuminate/Pipeline/Pipeline.php(219): Illuminate/Foundation/Http/Middleware/TrimStrings->handle()
#30 C:/Users/henri/Downloads/Next-Stage_Laravelico/vendor/laravel/framework/src/Illuminate/Http/Middleware/ValidatePostSize.php(27): Illuminate/Pipeline/Pipeline->{closure:{closure:Illuminate/Pipeline/Pipeline::carry():194}:195}()
#31 C:/Users/henri/Downloads/Next-Stage_Laravelico/vendor/laravel/framework/src/Illuminate/Pipeline/Pipeline.php(219): Illuminate/Http/Middleware/ValidatePostSize->handle()
#32 C:/Users/henri/Downloads/Next-Stage_Laravelico/vendor/laravel/framework/src/Illuminate/Foundation/Http/Middleware/PreventRequestsDuringMaintenance.php(109): Illuminate/Pipeline/Pipeline->{closure:{closure:Illuminate/Pipeline/Pipeline::carry():194}:195}()
#33 C:/Users/henri/Downloads/Next-Stage_Laravelico/vendor/laravel/framework/src/Illuminate/Pipeline/Pipeline.php(219): Illuminate/Foundation/Http/Middleware/PreventRequestsDuringMaintenance->handle()
#34 C:/Users/henri/Downloads/Next-Stage_Laravelico/vendor/laravel/framework/src/Illuminate/Http/Middleware/HandleCors.php(61): Illuminate/Pipeline/Pipeline->{closure:{closure:Illuminate/Pipeline/Pipeline::carry():194}:195}()
#35 C:/Users/henri/Downloads/Next-Stage_Laravelico/vendor/laravel/framework/src/Illuminate/Pipeline/Pipeline.php(219): Illuminate/Http/Middleware/HandleCors->handle()
#36 C:/Users/henri/Downloads/Next-Stage_Laravelico/vendor/laravel/framework/src/Illuminate/Http/Middleware/TrustProxies.php(58): Illuminate/Pipeline/Pipeline->{closure:{closure:Illuminate/Pipeline/Pipeline::carry():194}:195}()
#37 C:/Users/henri/Downloads/Next-Stage_Laravelico/vendor/laravel/framework/src/Illuminate/Pipeline/Pipeline.php(219): Illuminate/Http/Middleware/TrustProxies->handle()
#38 C:/Users/henri/Downloads/Next-Stage_Laravelico/vendor/laravel/framework/src/Illuminate/Foundation/Http/Middleware/InvokeDeferredCallbacks.php(22): Illuminate/Pipeline/Pipeline->{closure:{closure:Illuminate/Pipeline/Pipeline::carry():194}:195}()
#39 C:/Users/henri/Downloads/Next-Stage_Laravelico/vendor/laravel/framework/src/Illuminate/Pipeline/Pipeline.php(219): Illuminate/Foundation/Http/Middleware/InvokeDeferredCallbacks->handle()
#40 C:/Users/henri/Downloads/Next-Stage_Laravelico/vendor/laravel/framework/src/Illuminate/Http/Middleware/ValidatePathEncoding.php(26): Illuminate/Pipeline/Pipeline->{closure:{closure:Illuminate/Pipeline/Pipeline::carry():194}:195}()
#41 C:/Users/henri/Downloads/Next-Stage_Laravelico/vendor/laravel/framework/src/Illuminate/Pipeline/Pipeline.php(219): Illuminate/Http/Middleware/ValidatePathEncoding->handle()
#42 C:/Users/henri/Downloads/Next-Stage_Laravelico/vendor/laravel/framework/src/Illuminate/Pipeline/Pipeline.php(137): Illuminate/Pipeline/Pipeline->{closure:{closure:Illuminate/Pipeline/Pipeline::carry():194}:195}()
#43 C:/Users/henri/Downloads/Next-Stage_Laravelico/vendor/laravel/framework/src/Illuminate/Foundation/Http/Kernel.php(175): Illuminate/Pipeline/Pipeline->then()
#44 C:/Users/henri/Downloads/Next-Stage_Laravelico/vendor/laravel/framework/src/Illuminate/Foundation/Http/Kernel.php(144): Illuminate/Foundation/Http/Kernel->sendRequestThroughRouter()
#45 C:/Users/henri/Downloads/Next-Stage_Laravelico/vendor/laravel/framework/src/Illuminate/Foundation/Application.php(1220): Illuminate/Foundation/Http/Kernel->handle()
#46 C:/Users/henri/Downloads/Next-Stage_Laravelico/public/index.php(17): Illuminate/Foundation/Application->handleRequest()
#47 C:/Users/henri/Downloads/Next-Stage_Laravelico/vendor/laravel/framework/src/Illuminate/Foundation/resources/server.php(23): require_once('...')
#48 {main}
"} 
[2026-04-15 19:17:25] production.ERROR: No application encryption key has been specified. {"exception":"[object] (Illuminate\\Encryption\\MissingAppKeyException(code: 0): No application encryption key has been specified. at C:/Users/henri/Downloads/Next-Stage_Laravelico/vendor/laravel/framework/src/Illuminate/Encryption/EncryptionServiceProvider.php:83)
[stacktrace]
#0 C:/Users/henri/Downloads/Next-Stage_Laravelico/vendor/laravel/framework/src/Illuminate/Support/helpers.php(393): Illuminate/Encryption/EncryptionServiceProvider->{closure:Illuminate/Encryption/EncryptionServiceProvider::key():81}()
#1 C:/Users/henri/Downloads/Next-Stage_Laravelico/vendor/laravel/framework/src/Illuminate/Encryption/EncryptionServiceProvider.php(81): tap()
#2 C:/Users/henri/Downloads/Next-Stage_Laravelico/vendor/laravel/framework/src/Illuminate/Encryption/EncryptionServiceProvider.php(64): Illuminate/Encryption/EncryptionServiceProvider->key()
#3 C:/Users/henri/Downloads/Next-Stage_Laravelico/vendor/laravel/framework/src/Illuminate/Encryption/EncryptionServiceProvider.php(32): Illuminate/Encryption/EncryptionServiceProvider->parseKey()
#4 C:/Users/henri/Downloads/Next-Stage_Laravelico/vendor/laravel/framework/src/Illuminate/Container/Container.php(1115): Illuminate/Encryption/EncryptionServiceProvider->{closure:Illuminate/Encryption/EncryptionServiceProvider::registerEncrypter():29}()
#5 C:/Users/henri/Downloads/Next-Stage_Laravelico/vendor/laravel/framework/src/Illuminate/Container/Container.php(933): Illuminate/Container/Container->build()
#6 C:/Users/henri/Downloads/Next-Stage_Laravelico/vendor/laravel/framework/src/Illuminate/Foundation/Application.php(1078): Illuminate/Container/Container->resolve()
#7 C:/Users/henri/Downloads/Next-Stage_Laravelico/vendor/laravel/framework/src/Illuminate/Container/Container.php(864): Illuminate/Foundation/Application->resolve()
#8 C:/Users/henri/Downloads/Next-Stage_Laravelico/vendor/laravel/framework/src/Illuminate/Foundation/Application.php(1058): Illuminate/Container/Container->make()
#9 C:/Users/henri/Downloads/Next-Stage_Laravelico/vendor/laravel/framework/src/Illuminate/Container/Container.php(1336): Illuminate/Foundation/Application->make()
#10 C:/Users/henri/Downloads/Next-Stage_Laravelico/vendor/laravel/framework/src/Illuminate/Container/Container.php(1237): Illuminate/Container/Container->resolveClass()
#11 C:/Users/henri/Downloads/Next-Stage_Laravelico/vendor/laravel/framework/src/Illuminate/Container/Container.php(1162): Illuminate/Container/Container->resolveDependencies()
#12 C:/Users/henri/Downloads/Next-Stage_Laravelico/vendor/laravel/framework/src/Illuminate/Container/Container.php(933): Illuminate/Container/Container->build()
#13 C:/Users/henri/Downloads/Next-Stage_Laravelico/vendor/laravel/framework/src/Illuminate/Foundation/Application.php(1078): Illuminate/Container/Container->resolve()
#14 C:/Users/henri/Downloads/Next-Stage_Laravelico/vendor/laravel/framework/src/Illuminate/Container/Container.php(864): Illuminate/Foundation/Application->resolve()
#15 C:/Users/henri/Downloads/Next-Stage_Laravelico/vendor/laravel/framework/src/Illuminate/Foundation/Application.php(1058): Illuminate/Container/Container->make()
#16 C:/Users/henri/Downloads/Next-Stage_Laravelico/vendor/laravel/framework/src/Illuminate/Foundation/Http/Kernel.php(257): Illuminate/Foundation/Application->make()
#17 C:/Users/henri/Downloads/Next-Stage_Laravelico/vendor/laravel/framework/src/Illuminate/Foundation/Http/Kernel.php(215): Illuminate/Foundation/Http/Kernel->terminateMiddleware()
#18 C:/Users/henri/Downloads/Next-Stage_Laravelico/vendor/laravel/framework/src/Illuminate/Foundation/Application.php(1222): Illuminate/Foundation/Http/Kernel->terminate()
#19 C:/Users/henri/Downloads/Next-Stage_Laravelico/public/index.php(17): Illuminate/Foundation/Application->handleRequest()
#20 C:/Users/henri/Downloads/Next-Stage_Laravelico/vendor/laravel/framework/src/Illuminate/Foundation/resources/server.php(23): require_once('...')
#21 {main}
"} 
[2026-04-15 19:17:44] production.ERROR: No application encryption key has been specified. {"exception":"[object] (Illuminate\\Encryption\\MissingAppKeyException(code: 0): No application encryption key has been specified. at C:/Users/henri/Downloads/Next-Stage_Laravelico/vendor/laravel/framework/src/Illuminate/Encryption/EncryptionServiceProvider.php:83)
[stacktrace]
#0 C:/Users/henri/Downloads/Next-Stage_Laravelico/vendor/laravel/framework/src/Illuminate/Support/helpers.php(393): Illuminate/Encryption/EncryptionServiceProvider->{closure:Illuminate/Encryption/EncryptionServiceProvider::key():81}()
#1 C:/Users/henri/Downloads/Next-Stage_Laravelico/vendor/laravel/framework/src/Illuminate/Encryption/EncryptionServiceProvider.php(81): tap()
#2 C:/Users/henri/Downloads/Next-Stage_Laravelico/vendor/laravel/framework/src/Illuminate/Encryption/EncryptionServiceProvider.php(64): Illuminate/Encryption/EncryptionServiceProvider->key()
#3 C:/Users/henri/Downloads/Next-Stage_Laravelico/vendor/laravel/framework/src/Illuminate/Encryption/EncryptionServiceProvider.php(32): Illuminate/Encryption/EncryptionServiceProvider->parseKey()
#4 C:/Users/henri/Downloads/Next-Stage_Laravelico/vendor/laravel/framework/src/Illuminate/Container/Container.php(1115): Illuminate/Encryption/EncryptionServiceProvider->{closure:Illuminate/Encryption/EncryptionServiceProvider::registerEncrypter():29}()
#5 C:/Users/henri/Downloads/Next-Stage_Laravelico/vendor/laravel/framework/src/Illuminate/Container/Container.php(933): Illuminate/Container/Container->build()
#6 C:/Users/henri/Downloads/Next-Stage_Laravelico/vendor/laravel/framework/src/Illuminate/Foundation/Application.php(1078): Illuminate/Container/Container->resolve()
#7 C:/Users/henri/Downloads/Next-Stage_Laravelico/vendor/laravel/framework/src/Illuminate/Container/Container.php(864): Illuminate/Foundation/Application->resolve()
#8 C:/Users/henri/Downloads/Next-Stage_Laravelico/vendor/laravel/framework/src/Illuminate/Foundation/Application.php(1058): Illuminate/Container/Container->make()
#9 C:/Users/henri/Downloads/Next-Stage_Laravelico/vendor/laravel/framework/src/Illuminate/Container/Container.php(1336): Illuminate/Foundation/Application->make()
#10 C:/Users/henri/Downloads/Next-Stage_Laravelico/vendor/laravel/framework/src/Illuminate/Container/Container.php(1237): Illuminate/Container/Container->resolveClass()
#11 C:/Users/henri/Downloads/Next-Stage_Laravelico/vendor/laravel/framework/src/Illuminate/Container/Container.php(1162): Illuminate/Container/Container->resolveDependencies()
#12 C:/Users/henri/Downloads/Next-Stage_Laravelico/vendor/laravel/framework/src/Illuminate/Container/Container.php(933): Illuminate/Container/Container->build()
#13 C:/Users/henri/Downloads/Next-Stage_Laravelico/vendor/laravel/framework/src/Illuminate/Foundation/Application.php(1078): Illuminate/Container/Container->resolve()
#14 C:/Users/henri/Downloads/Next-Stage_Laravelico/vendor/laravel/framework/src/Illuminate/Container/Container.php(864): Illuminate/Foundation/Application->resolve()
#15 C:/Users/henri/Downloads/Next-Stage_Laravelico/vendor/laravel/framework/src/Illuminate/Foundation/Application.php(1058): Illuminate/Container/Container->make()
#16 C:/Users/henri/Downloads/Next-Stage_Laravelico/vendor/laravel/framework/src/Illuminate/Pipeline/Pipeline.php(208): Illuminate/Foundation/Application->make()
#17 C:/Users/henri/Downloads/Next-Stage_Laravelico/vendor/laravel/framework/src/Illuminate/Pipeline/Pipeline.php(137): Illuminate/Pipeline/Pipeline->{closure:{closure:Illuminate/Pipeline/Pipeline::carry():194}:195}()
#18 C:/Users/henri/Downloads/Next-Stage_Laravelico/vendor/laravel/framework/src/Illuminate/Routing/Router.php(821): Illuminate/Pipeline/Pipeline->then()
#19 C:/Users/henri/Downloads/Next-Stage_Laravelico/vendor/laravel/framework/src/Illuminate/Routing/Router.php(800): Illuminate/Routing/Router->runRouteWithinStack()
#20 C:/Users/henri/Downloads/Next-Stage_Laravelico/vendor/laravel/framework/src/Illuminate/Routing/Router.php(764): Illuminate/Routing/Router->runRoute()
#21 C:/Users/henri/Downloads/Next-Stage_Laravelico/vendor/laravel/framework/src/Illuminate/Routing/Router.php(753): Illuminate/Routing/Router->dispatchToRoute()
#22 C:/Users/henri/Downloads/Next-Stage_Laravelico/vendor/laravel/framework/src/Illuminate/Foundation/Http/Kernel.php(200): Illuminate/Routing/Router->dispatch()
#23 C:/Users/henri/Downloads/Next-Stage_Laravelico/vendor/laravel/framework/src/Illuminate/Pipeline/Pipeline.php(180): Illuminate/Foundation/Http/Kernel->{closure:Illuminate/Foundation/Http/Kernel::dispatchToRouter():197}()
#24 C:/Users/henri/Downloads/Next-Stage_Laravelico/vendor/laravel/framework/src/Illuminate/Foundation/Http/Middleware/TransformsRequest.php(21): Illuminate/Pipeline/Pipeline->{closure:Illuminate/Pipeline/Pipeline::prepareDestination():178}()
#25 C:/Users/henri/Downloads/Next-Stage_Laravelico/vendor/laravel/framework/src/Illuminate/Foundation/Http/Middleware/ConvertEmptyStringsToNull.php(31): Illuminate/Foundation/Http/Middleware/TransformsRequest->handle()
#26 C:/Users/henri/Downloads/Next-Stage_Laravelico/vendor/laravel/framework/src/Illuminate/Pipeline/Pipeline.php(219): Illuminate/Foundation/Http/Middleware/ConvertEmptyStringsToNull->handle()
#27 C:/Users/henri/Downloads/Next-Stage_Laravelico/vendor/laravel/framework/src/Illuminate/Foundation/Http/Middleware/TransformsRequest.php(21): Illuminate/Pipeline/Pipeline->{closure:{closure:Illuminate/Pipeline/Pipeline::carry():194}:195}()
#28 C:/Users/henri/Downloads/Next-Stage_Laravelico/vendor/laravel/framework/src/Illuminate/Foundation/Http/Middleware/TrimStrings.php(51): Illuminate/Foundation/Http/Middleware/TransformsRequest->handle()
#29 C:/Users/henri/Downloads/Next-Stage_Laravelico/vendor/laravel/framework/src/Illuminate/Pipeline/Pipeline.php(219): Illuminate/Foundation/Http/Middleware/TrimStrings->handle()
#30 C:/Users/henri/Downloads/Next-Stage_Laravelico/vendor/laravel/framework/src/Illuminate/Http/Middleware/ValidatePostSize.php(27): Illuminate/Pipeline/Pipeline->{closure:{closure:Illuminate/Pipeline/Pipeline::carry():194}:195}()
#31 C:/Users/henri/Downloads/Next-Stage_Laravelico/vendor/laravel/framework/src/Illuminate/Pipeline/Pipeline.php(219): Illuminate/Http/Middleware/ValidatePostSize->handle()
#32 C:/Users/henri/Downloads/Next-Stage_Laravelico/vendor/laravel/framework/src/Illuminate/Foundation/Http/Middleware/PreventRequestsDuringMaintenance.php(109): Illuminate/Pipeline/Pipeline->{closure:{closure:Illuminate/Pipeline/Pipeline::carry():194}:195}()
#33 C:/Users/henri/Downloads/Next-Stage_Laravelico/vendor/laravel/framework/src/Illuminate/Pipeline/Pipeline.php(219): Illuminate/Foundation/Http/Middleware/PreventRequestsDuringMaintenance->handle()
#34 C:/Users/henri/Downloads/Next-Stage_Laravelico/vendor/laravel/framework/src/Illuminate/Http/Middleware/HandleCors.php(61): Illuminate/Pipeline/Pipeline->{closure:{closure:Illuminate/Pipeline/Pipeline::carry():194}:195}()
#35 C:/Users/henri/Downloads/Next-Stage_Laravelico/vendor/laravel/framework/src/Illuminate/Pipeline/Pipeline.php(219): Illuminate/Http/Middleware/HandleCors->handle()
#36 C:/Users/henri/Downloads/Next-Stage_Laravelico/vendor/laravel/framework/src/Illuminate/Http/Middleware/TrustProxies.php(58): Illuminate/Pipeline/Pipeline->{closure:{closure:Illuminate/Pipeline/Pipeline::carry():194}:195}()
#37 C:/Users/henri/Downloads/Next-Stage_Laravelico/vendor/laravel/framework/src/Illuminate/Pipeline/Pipeline.php(219): Illuminate/Http/Middleware/TrustProxies->handle()
#38 C:/Users/henri/Downloads/Next-Stage_Laravelico/vendor/laravel/framework/src/Illuminate/Foundation/Http/Middleware/InvokeDeferredCallbacks.php(22): Illuminate/Pipeline/Pipeline->{closure:{closure:Illuminate/Pipeline/Pipeline::carry():194}:195}()
#39 C:/Users/henri/Downloads/Next-Stage_Laravelico/vendor/laravel/framework/src/Illuminate/Pipeline/Pipeline.php(219): Illuminate/Foundation/Http/Middleware/InvokeDeferredCallbacks->handle()
#40 C:/Users/henri/Downloads/Next-Stage_Laravelico/vendor/laravel/framework/src/Illuminate/Http/Middleware/ValidatePathEncoding.php(26): Illuminate/Pipeline/Pipeline->{closure:{closure:Illuminate/Pipeline/Pipeline::carry():194}:195}()
#41 C:/Users/henri/Downloads/Next-Stage_Laravelico/vendor/laravel/framework/src/Illuminate/Pipeline/Pipeline.php(219): Illuminate/Http/Middleware/ValidatePathEncoding->handle()
#42 C:/Users/henri/Downloads/Next-Stage_Laravelico/vendor/laravel/framework/src/Illuminate/Pipeline/Pipeline.php(137): Illuminate/Pipeline/Pipeline->{closure:{closure:Illuminate/Pipeline/Pipeline::carry():194}:195}()
#43 C:/Users/henri/Downloads/Next-Stage_Laravelico/vendor/laravel/framework/src/Illuminate/Foundation/Http/Kernel.php(175): Illuminate/Pipeline/Pipeline->then()
#44 C:/Users/henri/Downloads/Next-Stage_Laravelico/vendor/laravel/framework/src/Illuminate/Foundation/Http/Kernel.php(144): Illuminate/Foundation/Http/Kernel->sendRequestThroughRouter()
#45 C:/Users/henri/Downloads/Next-Stage_Laravelico/vendor/laravel/framework/src/Illuminate/Foundation/Application.php(1220): Illuminate/Foundation/Http/Kernel->handle()
#46 C:/Users/henri/Downloads/Next-Stage_Laravelico/public/index.php(17): Illuminate/Foundation/Application->handleRequest()
#47 C:/Users/henri/Downloads/Next-Stage_Laravelico/vendor/laravel/framework/src/Illuminate/Foundation/resources/server.php(23): require_once('...')
#48 {main}
"} 
[2026-04-15 19:17:44] production.ERROR: No application encryption key has been specified. {"exception":"[object] (Illuminate\\Encryption\\MissingAppKeyException(code: 0): No application encryption key has been specified. at C:/Users/henri/Downloads/Next-Stage_Laravelico/vendor/laravel/framework/src/Illuminate/Encryption/EncryptionServiceProvider.php:83)
[stacktrace]
#0 C:/Users/henri/Downloads/Next-Stage_Laravelico/vendor/laravel/framework/src/Illuminate/Support/helpers.php(393): Illuminate/Encryption/EncryptionServiceProvider->{closure:Illuminate/Encryption/EncryptionServiceProvider::key():81}()
#1 C:/Users/henri/Downloads/Next-Stage_Laravelico/vendor/laravel/framework/src/Illuminate/Encryption/EncryptionServiceProvider.php(81): tap()
#2 C:/Users/henri/Downloads/Next-Stage_Laravelico/vendor/laravel/framework/src/Illuminate/Encryption/EncryptionServiceProvider.php(64): Illuminate/Encryption/EncryptionServiceProvider->key()
#3 C:/Users/henri/Downloads/Next-Stage_Laravelico/vendor/laravel/framework/src/Illuminate/Encryption/EncryptionServiceProvider.php(32): Illuminate/Encryption/EncryptionServiceProvider->parseKey()
#4 C:/Users/henri/Downloads/Next-Stage_Laravelico/vendor/laravel/framework/src/Illuminate/Container/Container.php(1115): Illuminate/Encryption/EncryptionServiceProvider->{closure:Illuminate/Encryption/EncryptionServiceProvider::registerEncrypter():29}()
#5 C:/Users/henri/Downloads/Next-Stage_Laravelico/vendor/laravel/framework/src/Illuminate/Container/Container.php(933): Illuminate/Container/Container->build()
#6 C:/Users/henri/Downloads/Next-Stage_Laravelico/vendor/laravel/framework/src/Illuminate/Foundation/Application.php(1078): Illuminate/Container/Container->resolve()
#7 C:/Users/henri/Downloads/Next-Stage_Laravelico/vendor/laravel/framework/src/Illuminate/Container/Container.php(864): Illuminate/Foundation/Application->resolve()
#8 C:/Users/henri/Downloads/Next-Stage_Laravelico/vendor/laravel/framework/src/Illuminate/Foundation/Application.php(1058): Illuminate/Container/Container->make()
#9 C:/Users/henri/Downloads/Next-Stage_Laravelico/vendor/laravel/framework/src/Illuminate/Container/Container.php(1336): Illuminate/Foundation/Application->make()
#10 C:/Users/henri/Downloads/Next-Stage_Laravelico/vendor/laravel/framework/src/Illuminate/Container/Container.php(1237): Illuminate/Container/Container->resolveClass()
#11 C:/Users/henri/Downloads/Next-Stage_Laravelico/vendor/laravel/framework/src/Illuminate/Container/Container.php(1162): Illuminate/Container/Container->resolveDependencies()
#12 C:/Users/henri/Downloads/Next-Stage_Laravelico/vendor/laravel/framework/src/Illuminate/Container/Container.php(933): Illuminate/Container/Container->build()
#13 C:/Users/henri/Downloads/Next-Stage_Laravelico/vendor/laravel/framework/src/Illuminate/Foundation/Application.php(1078): Illuminate/Container/Container->resolve()
#14 C:/Users/henri/Downloads/Next-Stage_Laravelico/vendor/laravel/framework/src/Illuminate/Container/Container.php(864): Illuminate/Foundation/Application->resolve()
#15 C:/Users/henri/Downloads/Next-Stage_Laravelico/vendor/laravel/framework/src/Illuminate/Foundation/Application.php(1058): Illuminate/Container/Container->make()
#16 C:/Users/henri/Downloads/Next-Stage_Laravelico/vendor/laravel/framework/src/Illuminate/Foundation/Http/Kernel.php(257): Illuminate/Foundation/Application->make()
#17 C:/Users/henri/Downloads/Next-Stage_Laravelico/vendor/laravel/framework/src/Illuminate/Foundation/Http/Kernel.php(215): Illuminate/Foundation/Http/Kernel->terminateMiddleware()
#18 C:/Users/henri/Downloads/Next-Stage_Laravelico/vendor/laravel/framework/src/Illuminate/Foundation/Application.php(1222): Illuminate/Foundation/Http/Kernel->terminate()
#19 C:/Users/henri/Downloads/Next-Stage_Laravelico/public/index.php(17): Illuminate/Foundation/Application->handleRequest()
#20 C:/Users/henri/Downloads/Next-Stage_Laravelico/vendor/laravel/framework/src/Illuminate/Foundation/resources/server.php(23): require_once('...')
#21 {main}
"} 
[2026-04-18 15:14:43] production.ERROR: No application encryption key has been specified. {"exception":"[object] (Illuminate\\Encryption\\MissingAppKeyException(code: 0): No application encryption key has been specified. at C:/Users/henri/Downloads/Next-Stage_Laravelico/vendor/laravel/framework/src/Illuminate/Encryption/EncryptionServiceProvider.php:83)
[stacktrace]
#0 C:/Users/henri/Downloads/Next-Stage_Laravelico/vendor/laravel/framework/src/Illuminate/Support/helpers.php(393): Illuminate/Encryption/EncryptionServiceProvider->{closure:Illuminate/Encryption/EncryptionServiceProvider::key():81}()
#1 C:/Users/henri/Downloads/Next-Stage_Laravelico/vendor/laravel/framework/src/Illuminate/Encryption/EncryptionServiceProvider.php(81): tap()
#2 C:/Users/henri/Downloads/Next-Stage_Laravelico/vendor/laravel/framework/src/Illuminate/Encryption/EncryptionServiceProvider.php(64): Illuminate/Encryption/EncryptionServiceProvider->key()
#3 C:/Users/henri/Downloads/Next-Stage_Laravelico/vendor/laravel/framework/src/Illuminate/Encryption/EncryptionServiceProvider.php(32): Illuminate/Encryption/EncryptionServiceProvider->parseKey()
#4 C:/Users/henri/Downloads/Next-Stage_Laravelico/vendor/laravel/framework/src/Illuminate/Container/Container.php(1115): Illuminate/Encryption/EncryptionServiceProvider->{closure:Illuminate/Encryption/EncryptionServiceProvider::registerEncrypter():29}()
#5 C:/Users/henri/Downloads/Next-Stage_Laravelico/vendor/laravel/framework/src/Illuminate/Container/Container.php(933): Illuminate/Container/Container->build()
#6 C:/Users/henri/Downloads/Next-Stage_Laravelico/vendor/laravel/framework/src/Illuminate/Foundation/Application.php(1078): Illuminate/Container/Container->resolve()
#7 C:/Users/henri/Downloads/Next-Stage_Laravelico/vendor/laravel/framework/src/Illuminate/Container/Container.php(864): Illuminate/Foundation/Application->resolve()
#8 C:/Users/henri/Downloads/Next-Stage_Laravelico/vendor/laravel/framework/src/Illuminate/Foundation/Application.php(1058): Illuminate/Container/Container->make()
#9 C:/Users/henri/Downloads/Next-Stage_Laravelico/vendor/laravel/framework/src/Illuminate/Container/Container.php(1336): Illuminate/Foundation/Application->make()
#10 C:/Users/henri/Downloads/Next-Stage_Laravelico/vendor/laravel/framework/src/Illuminate/Container/Container.php(1237): Illuminate/Container/Container->resolveClass()
#11 C:/Users/henri/Downloads/Next-Stage_Laravelico/vendor/laravel/framework/src/Illuminate/Container/Container.php(1162): Illuminate/Container/Container->resolveDependencies()
#12 C:/Users/henri/Downloads/Next-Stage_Laravelico/vendor/laravel/framework/src/Illuminate/Container/Container.php(933): Illuminate/Container/Container->build()
#13 C:/Users/henri/Downloads/Next-Stage_Laravelico/vendor/laravel/framework/src/Illuminate/Foundation/Application.php(1078): Illuminate/Container/Container->resolve()
#14 C:/Users/henri/Downloads/Next-Stage_Laravelico/vendor/laravel/framework/src/Illuminate/Container/Container.php(864): Illuminate/Foundation/Application->resolve()
#15 C:/Users/henri/Downloads/Next-Stage_Laravelico/vendor/laravel/framework/src/Illuminate/Foundation/Application.php(1058): Illuminate/Container/Container->make()
#16 C:/Users/henri/Downloads/Next-Stage_Laravelico/vendor/laravel/framework/src/Illuminate/Pipeline/Pipeline.php(208): Illuminate/Foundation/Application->make()
#17 C:/Users/henri/Downloads/Next-Stage_Laravelico/vendor/laravel/framework/src/Illuminate/Pipeline/Pipeline.php(137): Illuminate/Pipeline/Pipeline->{closure:{closure:Illuminate/Pipeline/Pipeline::carry():194}:195}()
#18 C:/Users/henri/Downloads/Next-Stage_Laravelico/vendor/laravel/framework/src/Illuminate/Routing/Router.php(821): Illuminate/Pipeline/Pipeline->then()
#19 C:/Users/henri/Downloads/Next-Stage_Laravelico/vendor/laravel/framework/src/Illuminate/Routing/Router.php(800): Illuminate/Routing/Router->runRouteWithinStack()
#20 C:/Users/henri/Downloads/Next-Stage_Laravelico/vendor/laravel/framework/src/Illuminate/Routing/Router.php(764): Illuminate/Routing/Router->runRoute()
#21 C:/Users/henri/Downloads/Next-Stage_Laravelico/vendor/laravel/framework/src/Illuminate/Routing/Router.php(753): Illuminate/Routing/Router->dispatchToRoute()
#22 C:/Users/henri/Downloads/Next-Stage_Laravelico/vendor/laravel/framework/src/Illuminate/Foundation/Http/Kernel.php(200): Illuminate/Routing/Router->dispatch()
#23 C:/Users/henri/Downloads/Next-Stage_Laravelico/vendor/laravel/framework/src/Illuminate/Pipeline/Pipeline.php(180): Illuminate/Foundation/Http/Kernel->{closure:Illuminate/Foundation/Http/Kernel::dispatchToRouter():197}()
#24 C:/Users/henri/Downloads/Next-Stage_Laravelico/vendor/laravel/framework/src/Illuminate/Foundation/Http/Middleware/TransformsRequest.php(21): Illuminate/Pipeline/Pipeline->{closure:Illuminate/Pipeline/Pipeline::prepareDestination():178}()
#25 C:/Users/henri/Downloads/Next-Stage_Laravelico/vendor/laravel/framework/src/Illuminate/Foundation/Http/Middleware/ConvertEmptyStringsToNull.php(31): Illuminate/Foundation/Http/Middleware/TransformsRequest->handle()
#26 C:/Users/henri/Downloads/Next-Stage_Laravelico/vendor/laravel/framework/src/Illuminate/Pipeline/Pipeline.php(219): Illuminate/Foundation/Http/Middleware/ConvertEmptyStringsToNull->handle()
#27 C:/Users/henri/Downloads/Next-Stage_Laravelico/vendor/laravel/framework/src/Illuminate/Foundation/Http/Middleware/TransformsRequest.php(21): Illuminate/Pipeline/Pipeline->{closure:{closure:Illuminate/Pipeline/Pipeline::carry():194}:195}()
#28 C:/Users/henri/Downloads/Next-Stage_Laravelico/vendor/laravel/framework/src/Illuminate/Foundation/Http/Middleware/TrimStrings.php(51): Illuminate/Foundation/Http/Middleware/TransformsRequest->handle()
#29 C:/Users/henri/Downloads/Next-Stage_Laravelico/vendor/laravel/framework/src/Illuminate/Pipeline/Pipeline.php(219): Illuminate/Foundation/Http/Middleware/TrimStrings->handle()
#30 C:/Users/henri/Downloads/Next-Stage_Laravelico/vendor/laravel/framework/src/Illuminate/Http/Middleware/ValidatePostSize.php(27): Illuminate/Pipeline/Pipeline->{closure:{closure:Illuminate/Pipeline/Pipeline::carry():194}:195}()
#31 C:/Users/henri/Downloads/Next-Stage_Laravelico/vendor/laravel/framework/src/Illuminate/Pipeline/Pipeline.php(219): Illuminate/Http/Middleware/ValidatePostSize->handle()
#32 C:/Users/henri/Downloads/Next-Stage_Laravelico/vendor/laravel/framework/src/Illuminate/Foundation/Http/Middleware/PreventRequestsDuringMaintenance.php(109): Illuminate/Pipeline/Pipeline->{closure:{closure:Illuminate/Pipeline/Pipeline::carry():194}:195}()
#33 C:/Users/henri/Downloads/Next-Stage_Laravelico/vendor/laravel/framework/src/Illuminate/Pipeline/Pipeline.php(219): Illuminate/Foundation/Http/Middleware/PreventRequestsDuringMaintenance->handle()
#34 C:/Users/henri/Downloads/Next-Stage_Laravelico/vendor/laravel/framework/src/Illuminate/Http/Middleware/HandleCors.php(61): Illuminate/Pipeline/Pipeline->{closure:{closure:Illuminate/Pipeline/Pipeline::carry():194}:195}()
#35 C:/Users/henri/Downloads/Next-Stage_Laravelico/vendor/laravel/framework/src/Illuminate/Pipeline/Pipeline.php(219): Illuminate/Http/Middleware/HandleCors->handle()
#36 C:/Users/henri/Downloads/Next-Stage_Laravelico/vendor/laravel/framework/src/Illuminate/Http/Middleware/TrustProxies.php(58): Illuminate/Pipeline/Pipeline->{closure:{closure:Illuminate/Pipeline/Pipeline::carry():194}:195}()
#37 C:/Users/henri/Downloads/Next-Stage_Laravelico/vendor/laravel/framework/src/Illuminate/Pipeline/Pipeline.php(219): Illuminate/Http/Middleware/TrustProxies->handle()
#38 C:/Users/henri/Downloads/Next-Stage_Laravelico/vendor/laravel/framework/src/Illuminate/Foundation/Http/Middleware/InvokeDeferredCallbacks.php(22): Illuminate/Pipeline/Pipeline->{closure:{closure:Illuminate/Pipeline/Pipeline::carry():194}:195}()
#39 C:/Users/henri/Downloads/Next-Stage_Laravelico/vendor/laravel/framework/src/Illuminate/Pipeline/Pipeline.php(219): Illuminate/Foundation/Http/Middleware/InvokeDeferredCallbacks->handle()
#40 C:/Users/henri/Downloads/Next-Stage_Laravelico/vendor/laravel/framework/src/Illuminate/Http/Middleware/ValidatePathEncoding.php(26): Illuminate/Pipeline/Pipeline->{closure:{closure:Illuminate/Pipeline/Pipeline::carry():194}:195}()
#41 C:/Users/henri/Downloads/Next-Stage_Laravelico/vendor/laravel/framework/src/Illuminate/Pipeline/Pipeline.php(219): Illuminate/Http/Middleware/ValidatePathEncoding->handle()
#42 C:/Users/henri/Downloads/Next-Stage_Laravelico/vendor/laravel/framework/src/Illuminate/Pipeline/Pipeline.php(137): Illuminate/Pipeline/Pipeline->{closure:{closure:Illuminate/Pipeline/Pipeline::carry():194}:195}()
#43 C:/Users/henri/Downloads/Next-Stage_Laravelico/vendor/laravel/framework/src/Illuminate/Foundation/Http/Kernel.php(175): Illuminate/Pipeline/Pipeline->then()
#44 C:/Users/henri/Downloads/Next-Stage_Laravelico/vendor/laravel/framework/src/Illuminate/Foundation/Http/Kernel.php(144): Illuminate/Foundation/Http/Kernel->sendRequestThroughRouter()
#45 C:/Users/henri/Downloads/Next-Stage_Laravelico/vendor/laravel/framework/src/Illuminate/Foundation/Application.php(1220): Illuminate/Foundation/Http/Kernel->handle()
#46 C:/Users/henri/Downloads/Next-Stage_Laravelico/public/index.php(17): Illuminate/Foundation/Application->handleRequest()
#47 C:/Users/henri/Downloads/Next-Stage_Laravelico/vendor/laravel/framework/src/Illuminate/Foundation/resources/server.php(23): require_once('...')
#48 {main}
"} 
[2026-04-18 15:14:43] production.ERROR: No application encryption key has been specified. {"exception":"[object] (Illuminate\\Encryption\\MissingAppKeyException(code: 0): No application encryption key has been specified. at C:/Users/henri/Downloads/Next-Stage_Laravelico/vendor/laravel/framework/src/Illuminate/Encryption/EncryptionServiceProvider.php:83)
[stacktrace]
#0 C:/Users/henri/Downloads/Next-Stage_Laravelico/vendor/laravel/framework/src/Illuminate/Support/helpers.php(393): Illuminate/Encryption/EncryptionServiceProvider->{closure:Illuminate/Encryption/EncryptionServiceProvider::key():81}()
#1 C:/Users/henri/Downloads/Next-Stage_Laravelico/vendor/laravel/framework/src/Illuminate/Encryption/EncryptionServiceProvider.php(81): tap()
#2 C:/Users/henri/Downloads/Next-Stage_Laravelico/vendor/laravel/framework/src/Illuminate/Encryption/EncryptionServiceProvider.php(64): Illuminate/Encryption/EncryptionServiceProvider->key()
#3 C:/Users/henri/Downloads/Next-Stage_Laravelico/vendor/laravel/framework/src/Illuminate/Encryption/EncryptionServiceProvider.php(32): Illuminate/Encryption/EncryptionServiceProvider->parseKey()
#4 C:/Users/henri/Downloads/Next-Stage_Laravelico/vendor/laravel/framework/src/Illuminate/Container/Container.php(1115): Illuminate/Encryption/EncryptionServiceProvider->{closure:Illuminate/Encryption/EncryptionServiceProvider::registerEncrypter():29}()
#5 C:/Users/henri/Downloads/Next-Stage_Laravelico/vendor/laravel/framework/src/Illuminate/Container/Container.php(933): Illuminate/Container/Container->build()
#6 C:/Users/henri/Downloads/Next-Stage_Laravelico/vendor/laravel/framework/src/Illuminate/Foundation/Application.php(1078): Illuminate/Container/Container->resolve()
#7 C:/Users/henri/Downloads/Next-Stage_Laravelico/vendor/laravel/framework/src/Illuminate/Container/Container.php(864): Illuminate/Foundation/Application->resolve()
#8 C:/Users/henri/Downloads/Next-Stage_Laravelico/vendor/laravel/framework/src/Illuminate/Foundation/Application.php(1058): Illuminate/Container/Container->make()
#9 C:/Users/henri/Downloads/Next-Stage_Laravelico/vendor/laravel/framework/src/Illuminate/Container/Container.php(1336): Illuminate/Foundation/Application->make()
#10 C:/Users/henri/Downloads/Next-Stage_Laravelico/vendor/laravel/framework/src/Illuminate/Container/Container.php(1237): Illuminate/Container/Container->resolveClass()
#11 C:/Users/henri/Downloads/Next-Stage_Laravelico/vendor/laravel/framework/src/Illuminate/Container/Container.php(1162): Illuminate/Container/Container->resolveDependencies()
#12 C:/Users/henri/Downloads/Next-Stage_Laravelico/vendor/laravel/framework/src/Illuminate/Container/Container.php(933): Illuminate/Container/Container->build()
#13 C:/Users/henri/Downloads/Next-Stage_Laravelico/vendor/laravel/framework/src/Illuminate/Foundation/Application.php(1078): Illuminate/Container/Container->resolve()
#14 C:/Users/henri/Downloads/Next-Stage_Laravelico/vendor/laravel/framework/src/Illuminate/Container/Container.php(864): Illuminate/Foundation/Application->resolve()
#15 C:/Users/henri/Downloads/Next-Stage_Laravelico/vendor/laravel/framework/src/Illuminate/Foundation/Application.php(1058): Illuminate/Container/Container->make()
#16 C:/Users/henri/Downloads/Next-Stage_Laravelico/vendor/laravel/framework/src/Illuminate/Foundation/Http/Kernel.php(257): Illuminate/Foundation/Application->make()
#17 C:/Users/henri/Downloads/Next-Stage_Laravelico/vendor/laravel/framework/src/Illuminate/Foundation/Http/Kernel.php(215): Illuminate/Foundation/Http/Kernel->terminateMiddleware()
#18 C:/Users/henri/Downloads/Next-Stage_Laravelico/vendor/laravel/framework/src/Illuminate/Foundation/Application.php(1222): Illuminate/Foundation/Http/Kernel->terminate()
#19 C:/Users/henri/Downloads/Next-Stage_Laravelico/public/index.php(17): Illuminate/Foundation/Application->handleRequest()
#20 C:/Users/henri/Downloads/Next-Stage_Laravelico/vendor/laravel/framework/src/Illuminate/Foundation/resources/server.php(23): require_once('...')
#21 {main}
"} 
